Date,Timeguessr Day,Timeguessr Round,City,Subdivision,Country,Year,Michael Total Score,Michael Round Score,Michael Geography,Michael Geography Distance,Michael Time,Michael Time Distance,Michael Time Guessed,Michael Time Score,Michael Geography Score,Michael Geography Score (Min),Michael Geography Score (Max),Michael Time Score (Min),Michael Time Score (Max),Sarah Total Score,Sarah Round Score,Sarah Geography,Sarah Geography Distance,Sarah Time,Sarah Time Distance,Sarah Time Guessed,Sarah Time Score,Sarah Geography Score,Sarah Geography Score (Min),Sarah Geography Score (Max),Sarah Time Score (Min),Sarah Time Score (Max),Community Average,Community Years Average,Community Location Average,Michael Percentile,Michael Years,Michael Location,Sarah Percentile,Sarah Years,Sarah Location,Community Round Score,Community Time Distance,Community Geography Distance
2025-03-20,658,1,,,,,40428.0,,OO%,,OXX,,,,,4750.0,4999.0,2000.0,2500.0,,,,,,,,,,,,,,,,,,,,,,,,,
2025-03-20,658,2,,,,,40428.0,,OO%,,OOO,,,5000.0,,4750.0,4999.0,5000.0,5000.0,,,,,,,,,,,,,,,,,,,,,,,,,
2025-03-20,658,3,,,,,40428.0,,OXX,,OO%,,,,,3500.0,4249.0,4800.0,4950.0,,,,,,,,,,,,,,,,,,,,,,,,,
2025-03-20,658,4,,,,,40428.0,,OO%,,OO%,,,,,4750.0,4999.0,4800.0,4950.0,,,,,,,,,,,,,,,,,,,,,,,,,
2025-03-20,658,5,,,,,40428.0,,OO%,,XXX,,,0.0,,4750.0,4999.0,0.0,0.0,,,,,,,,,,,,,,,,,,,,,,,,,
2025-03-21,659,1,,,,,33166.0,,O%X,,XXX,,,0.0,,4250.0,4499.0,0.0,0.0,31697.0,,OO%,,OXX,,,,,4750.0,4999.0,2000.0,2500.0,,,,,,,,,,,,
2025-03-21,659,2,,,,,33166.0,,XXX,,O%X,,,,,12.0,2499.0,3400.0,3900.0,31697.0,,OO%,,XXX,,,0.0,,4750.0,4999.0,0.0,0.0,,,,,,,,,,,,
2025-03-21,659,3,,,,,33166.0,,OO%,,OXX,,,,,4750.0,4999.0,2000.0,2500.0,31697.0,,OO%,,XXX,,,0.0,,4750.0,4999.0,0.0,0.0,,,,,,,,,,,,
2025-03-21,659,4,,,,,33166.0,,OXX,,OO%,,,,,3500.0,4249.0,4800.0,4950.0,31697.0,,OO%,,OO%,,,,,4750.0,4999.0,4800.0,4950.0,,,,,,,,,,,,
2025-03-21,659,5,,,,,33166.0,,OO%,,O%X,,,,,4750.0,4999.0,3400.0,3900.0,31697.0,,OO%,,XXX,,,0.0,,4750.0,4999.0,0.0,0.0,,,,,,,,,,,,
2025-03-24,662,1,,,,,37002.0,,OO%,,OXX,,,,,4750.0,4999.0,2000.0,2500.0,38656.0,,OO%,,OOX,,,,,4750.0,4999.0,4300.0,4600.0,,,,,,,,,,,,
2025-03-24,662,2,,,,,37002.0,,OO%,,OO%,,,,,4750.0,4999.0,4800.0,4950.0,38656.0,,OO%,,O%X,,,,,4750.0,4999.0,3400.0,3900.0,,,,,,,,,,,,
2025-03-24,662,3,,,,,37002.0,,OO%,,OXX,,,,,4750.0,4999.0,2000.0,2500.0,38656.0,,OXX,,OOO,,,5000.0,,3500.0,4249.0,5000.0,5000.0,,,,,,,,,,,,
2025-03-24,662,4,,,,,37002.0,,XXX,,O%X,,,,,12.0,2499.0,3400.0,3900.0,38656.0,,OXX,,OXX,,,,,3500.0,4249.0,2000.0,2500.0,,,,,,,,,,,,
2025-03-24,662,5,,,,,37002.0,,OXX,,O%X,,,,,3500.0,4249.0,3400.0,3900.0,38656.0,,OXX,,%XX,,,1000.0,,3500.0,4249.0,1000.0,1000.0,,,,,,,,,,,,
2025-03-25,663,1,,,,,37725.0,,OO%,,OO%,,,,,4750.0,4999.0,4800.0,4950.0,28060.0,,OOO,,OO%,,,,5000.0,5000.0,5000.0,4800.0,4950.0,,,,,,,,,,,,
2025-03-25,663,2,,,,,37725.0,,%XX,,OO%,,,,,2500.0,3499.0,4800.0,4950.0,28060.0,,XXX,,OOX,,,,,12.0,2499.0,4300.0,4600.0,,,,,,,,,,,,
2025-03-25,663,3,,,,,37725.0,,XXX,,OXX,,,,,12.0,2499.0,2000.0,2500.0,28060.0,,OOO,,OXX,,,,5000.0,5000.0,5000.0,2000.0,2500.0,,,,,,,,,,,,
2025-03-25,663,4,,,,,37725.0,,O%X,,OOX,,,,,4250.0,4499.0,4300.0,4600.0,28060.0,,XXX,,OXX,,,,,12.0,2499.0,2000.0,2500.0,,,,,,,,,,,,
2025-03-25,663,5,,,,,37725.0,,OOX,,OOX,,,,,4500.0,4749.0,4300.0,4600.0,28060.0,,XXX,,%XX,,,1000.0,,12.0,2499.0,1000.0,1000.0,,,,,,,,,,,,
2025-03-26,664,1,,,,,45237.0,,OOX,,OOO,,,5000.0,,4500.0,4749.0,5000.0,5000.0,36556.0,,OO%,,OXX,,,,,4750.0,4999.0,2000.0,2500.0,,,,,,,,,,,,
2025-03-26,664,2,,,,,45237.0,,OO%,,OO%,,,,,4750.0,4999.0,4800.0,4950.0,36556.0,,OO%,,O%X,,,,,4750.0,4999.0,3400.0,3900.0,,,,,,,,,,,,
2025-03-26,664,3,,,,,45237.0,,OO%,,O%X,,,,,4750.0,4999.0,3400.0,3900.0,36556.0,,OO%,,OOX,,,,,4750.0,4999.0,4300.0,4600.0,,,,,,,,,,,,
2025-03-26,664,4,,,,,45237.0,,OXX,,OO%,,,,,3500.0,4249.0,4800.0,4950.0,36556.0,,%XX,,XXX,,,0.0,,2500.0,3499.0,0.0,0.0,,,,,,,,,,,,
2025-03-26,664,5,,,,,45237.0,,OOX,,O%X,,,,,4500.0,4749.0,3400.0,3900.0,36556.0,,O%X,,OO%,,,,,4250.0,4499.0,4800.0,4950.0,,,,,,,,,,,,
2025-03-28,666,1,,,,,41848.0,,OO%,,OOO,,,5000.0,,4750.0,4999.0,5000.0,5000.0,35956.0,,O%X,,OOX,,,,,4250.0,4499.0,4300.0,4600.0,,,,,,,,,,,,
2025-03-28,666,2,,,,,41848.0,,XXX,,OOO,,,5000.0,,12.0,2499.0,5000.0,5000.0,35956.0,,XXX,,OOO,,,5000.0,,12.0,2499.0,5000.0,5000.0,,,,,,,,,,,,
2025-03-28,666,3,,,,,41848.0,,OO%,,OO%,,,,,4750.0,4999.0,4800.0,4950.0,35956.0,,OO%,,O%X,,,,,4750.0,4999.0,3400.0,3900.0,,,,,,,,,,,,
2025-03-28,666,4,,,,,41848.0,,O%X,,OOO,,,5000.0,,4250.0,4499.0,5000.0,5000.0,35956.0,,O%X,,XXX,,,0.0,,4250.0,4499.0,0.0,0.0,,,,,,,,,,,,
2025-03-28,666,5,,,,,41848.0,,OO%,,OXX,,,,,4750.0,4999.0,2000.0,2500.0,35956.0,,OXX,,OO%,,,,,3500.0,4249.0,4800.0,4950.0,,,,,,,,,,,,
2025-03-31,669,1,,,,,37264.0,,OO%,,O%X,,,,,4750.0,4999.0,3400.0,3900.0,44265.0,,OO%,,OO%,,,,,4750.0,4999.0,4800.0,4950.0,,,,,,,,,,,,
2025-03-31,669,2,,,,,37264.0,,XXX,,OOO,,,5000.0,,12.0,2499.0,5000.0,5000.0,44265.0,,OO%,,OO%,,,,,4750.0,4999.0,4800.0,4950.0,,,,,,,,,,,,
2025-03-31,669,3,,,,,37264.0,,OXX,,O%X,,,,,3500.0,4249.0,3400.0,3900.0,44265.0,,OO%,,OO%,,,,,4750.0,4999.0,4800.0,4950.0,,,,,,,,,,,,
2025-03-31,669,4,,,,,37264.0,,OO%,,OXX,,,,,4750.0,4999.0,2000.0,2500.0,44265.0,,OO%,,O%X,,,,,4750.0,4999.0,3400.0,3900.0,,,,,,,,,,,,
2025-03-31,669,5,,,,,37264.0,,OO%,,O%X,,,,,4750.0,4999.0,3400.0,3900.0,44265.0,,OO%,,%XX,,,1000.0,,4750.0,4999.0,1000.0,1000.0,,,,,,,,,,,,
2025-04-01,670,1,,,,,42808.0,,OO%,,OOO,,,5000.0,,4750.0,4999.0,5000.0,5000.0,27971.0,,XXX,,OOO,,,5000.0,,12.0,2499.0,5000.0,5000.0,,,,,,,,,,,,
2025-04-01,670,2,,,,,42808.0,,OXX,,OOX,,,,,3500.0,4249.0,4300.0,4600.0,27971.0,,OXX,,XXX,,,0.0,,3500.0,4249.0,0.0,0.0,,,,,,,,,,,,
2025-04-01,670,3,,,,,42808.0,,OXX,,OO%,,,,,3500.0,4249.0,4800.0,4950.0,27971.0,,%XX,,OOX,,,,,2500.0,3499.0,4300.0,4600.0,,,,,,,,,,,,
2025-04-01,670,4,,,,,42808.0,,OO%,,OXX,,,,,4750.0,4999.0,2000.0,2500.0,27971.0,,%XX,,XXX,,,0.0,,2500.0,3499.0,0.0,0.0,,,,,,,,,,,,
2025-04-01,670,5,,,,,42808.0,,OXX,,O%X,,,,,3500.0,4249.0,3400.0,3900.0,27971.0,,O%X,,OOX,,,,,4250.0,4499.0,4300.0,4600.0,,,,,,,,,,,,
2025-04-02,671,1,,,,,41915.0,,OO%,,OOO,,,5000.0,,4750.0,4999.0,5000.0,5000.0,44811.0,,OO%,,OOO,,,5000.0,,4750.0,4999.0,5000.0,5000.0,,,,,,,,,,,,
2025-04-02,671,2,,,,,41915.0,,O%X,,OO%,,,,,4250.0,4499.0,4800.0,4950.0,44811.0,,O%X,,OO%,,,,,4250.0,4499.0,4800.0,4950.0,,,,,,,,,,,,
2025-04-02,671,3,,,,,41915.0,,OO%,,O%X,,,,,4750.0,4999.0,3400.0,3900.0,44811.0,,O%X,,OXX,,,,,4250.0,4499.0,2000.0,2500.0,,,,,,,,,,,,
2025-04-02,671,4,,,,,41915.0,,OO%,,OOX,,,,,4750.0,4999.0,4300.0,4600.0,44811.0,,OO%,,OO%,,,,,4750.0,4999.0,4800.0,4950.0,,,,,,,,,,,,
2025-04-02,671,5,,,,,41915.0,,OXX,,%XX,,,1000.0,,3500.0,4249.0,1000.0,1000.0,44811.0,,OXX,,OOO,,,5000.0,,3500.0,4249.0,5000.0,5000.0,,,,,,,,,,,,
2025-04-03,672,1,,,,,33097.0,,OO%,,O%X,,,,,4750.0,4999.0,3400.0,3900.0,34145.0,,OO%,,OOX,,,,,4750.0,4999.0,4300.0,4600.0,,,,,,,,,,,,
2025-04-03,672,2,,,,,33097.0,,OXX,,OXX,,,,,3500.0,4249.0,2000.0,2500.0,34145.0,,OXX,,OXX,,,,,3500.0,4249.0,2000.0,2500.0,,,,,,,,,,,,
2025-04-03,672,3,,,,,33097.0,,OO%,,OOO,,,5000.0,,4750.0,4999.0,5000.0,5000.0,34145.0,,OO%,,OOO,,,5000.0,,4750.0,4999.0,5000.0,5000.0,,,,,,,,,,,,
2025-04-03,672,4,,,,,33097.0,,%XX,,%XX,,,1000.0,,2500.0,3499.0,1000.0,1000.0,34145.0,,%XX,,OXX,,,,,2500.0,3499.0,2000.0,2500.0,,,,,,,,,,,,
2025-04-03,672,5,,,,,33097.0,,XXX,,O%X,,,,,12.0,2499.0,3400.0,3900.0,34145.0,,XXX,,O%X,,,,,12.0,2499.0,3400.0,3900.0,,,,,,,,,,,,
2025-04-04,673,1,,,,,42393.0,,OO%,,OO%,,,,,4750.0,4999.0,4800.0,4950.0,31302.0,,XXX,,OOX,,,,,12.0,2499.0,4300.0,4600.0,,,,,,,,,,,,
2025-04-04,673,2,,,,,42393.0,,OO%,,OXX,,,,,4750.0,4999.0,2000.0,2500.0,31302.0,,OO%,,O%X,,,,,4750.0,4999.0,3400.0,3900.0,,,,,,,,,,,,
2025-04-04,673,3,,,,,42393.0,,O%X,,OXX,,,,,4250.0,4499.0,2000.0,2500.0,31302.0,,O%X,,XXX,,,0.0,,4250.0,4499.0,0.0,0.0,,,,,,,,,,,,
2025-04-04,673,4,,,,,42393.0,,OO%,,OO%,,,,,4750.0,4999.0,4800.0,4950.0,31302.0,,OO%,,OO%,,,,,4750.0,4999.0,4800.0,4950.0,,,,,,,,,,,,
2025-04-04,673,5,,,,,42393.0,,OO%,,OOX,,,,,4750.0,4999.0,4300.0,4600.0,31302.0,,XXX,,O%X,,,,,12.0,2499.0,3400.0,3900.0,,,,,,,,,,,,
2025-04-07,676,1,,,,,40969.0,,OXX,,OO%,,,,,3500.0,4249.0,4800.0,4950.0,40464.0,,XXX,,O%X,,,,,12.0,2499.0,3400.0,3900.0,,,,,,,,,,,,
2025-04-07,676,2,,,,,40969.0,,OO%,,OOX,,,,,4750.0,4999.0,4300.0,4600.0,40464.0,,OO%,,O%X,,,,,4750.0,4999.0,3400.0,3900.0,,,,,,,,,,,,
2025-04-07,676,3,,,,,40969.0,,OXX,,O%X,,,,,3500.0,4249.0,3400.0,3900.0,40464.0,,OO%,,OOO,,,5000.0,,4750.0,4999.0,5000.0,5000.0,,,,,,,,,,,,
2025-04-07,676,4,,,,,40969.0,,OXX,,OOO,,,5000.0,,3500.0,4249.0,5000.0,5000.0,40464.0,,OXX,,OOO,,,5000.0,,3500.0,4249.0,5000.0,5000.0,,,,,,,,,,,,
2025-04-07,676,5,,,,,40969.0,,OO%,,OXX,,,,,4750.0,4999.0,2000.0,2500.0,40464.0,,OO%,,OOX,,,,,4750.0,4999.0,4300.0,4600.0,,,,,,,,,,,,
2025-04-08,677,1,,,,,37211.0,,OO%,,OOX,,,,,4750.0,4999.0,4300.0,4600.0,37462.0,,OOO,,O%X,,,,5000.0,5000.0,5000.0,3400.0,3900.0,,,,,,,,,,,,
2025-04-08,677,2,,,,,37211.0,,OO%,,OOO,,,5000.0,,4750.0,4999.0,5000.0,5000.0,37462.0,,OXX,,OO%,,,,,3500.0,4249.0,4800.0,4950.0,,,,,,,,,,,,
2025-04-08,677,3,,,,,37211.0,,OO%,,OXX,,,,,4750.0,4999.0,2000.0,2500.0,37462.0,,OO%,,OO%,,,,,4750.0,4999.0,4800.0,4950.0,,,,,,,,,,,,
2025-04-08,677,4,,,,,37211.0,,OXX,,O%X,,,,,3500.0,4249.0,3400.0,3900.0,37462.0,,XXX,,%XX,,,1000.0,,12.0,2499.0,1000.0,1000.0,,,,,,,,,,,,
2025-04-08,677,5,,,,,37211.0,,XXX,,OXX,,,,,12.0,2499.0,2000.0,2500.0,37462.0,,OOX,,O%X,,,,,4500.0,4749.0,3400.0,3900.0,,,,,,,,,,,,
2025-04-09,678,1,,,,,38684.0,5000.0,OOO,,XXX,,,0.0,5000.0,5000.0,5000.0,0.0,0.0,36363.0,,OO%,,OXX,,,,,4750.0,4999.0,2000.0,2500.0,,,,,,,,,,,,
2025-04-09,678,2,,,,,38684.0,,OXX,,OO%,,,,,3500.0,4249.0,4800.0,4950.0,36363.0,,%XX,,OO%,,,,,2500.0,3499.0,4800.0,4950.0,,,,,,,,,,,,
2025-04-09,678,3,,,,,38684.0,,OO%,,OOX,,,,,4750.0,4999.0,4300.0,4600.0,36363.0,,OXX,,OOO,,,5000.0,,3500.0,4249.0,5000.0,5000.0,,,,,,,,,,,,
2025-04-09,678,4,,,,,38684.0,,OO%,,%XX,,,1000.0,,4750.0,4999.0,1000.0,1000.0,36363.0,,OXX,,OOX,,,,,3500.0,4249.0,4300.0,4600.0,,,,,,,,,,,,
2025-04-09,678,5,,,,,38684.0,,OO%,,OOO,,,5000.0,,4750.0,4999.0,5000.0,5000.0,36363.0,,OO%,,XXX,,,0.0,,4750.0,4999.0,0.0,0.0,,,,,,,,,,,,
2025-04-10,679,1,,,,,34633.0,,OO%,,%XX,,,1000.0,,4750.0,4999.0,1000.0,1000.0,25034.0,,OO%,,%XX,,,1000.0,,4750.0,4999.0,1000.0,1000.0,,,,,,,,,,,,
2025-04-10,679,2,,,,,34633.0,,OO%,,OOX,,,,,4750.0,4999.0,4300.0,4600.0,25034.0,,XXX,,OXX,,,,,12.0,2499.0,2000.0,2500.0,,,,,,,,,,,,
2025-04-10,679,3,,,,,34633.0,,OO%,,OOX,,,,,4750.0,4999.0,4300.0,4600.0,25034.0,,OXX,,OXX,,,,,3500.0,4249.0,2000.0,2500.0,,,,,,,,,,,,
2025-04-10,679,4,,,,,34633.0,,OO%,,OO%,,,,,4750.0,4999.0,4800.0,4950.0,25034.0,,OXX,,O%X,,,,,3500.0,4249.0,3400.0,3900.0,,,,,,,,,,,,
2025-04-10,679,5,,,,,34633.0,,XXX,,XXX,,,0.0,,12.0,2499.0,0.0,0.0,25034.0,,XXX,,XXX,,,0.0,,12.0,2499.0,0.0,0.0,,,,,,,,,,,,
2025-04-11,680,1,,,,,38109.0,,OXX,,O%X,,,,,3500.0,4249.0,3400.0,3900.0,36877.0,,OXX,,OXX,,,,,3500.0,4249.0,2000.0,2500.0,,,,,,,,,,,,
2025-04-11,680,2,,,,,38109.0,,OOO,,OOX,,,,5000.0,5000.0,5000.0,4300.0,4600.0,36877.0,,OOO,,OO%,,,,5000.0,5000.0,5000.0,4800.0,4950.0,,,,,,,,,,,,
2025-04-11,680,3,,,,,38109.0,,O%X,,OXX,,,,,4250.0,4499.0,2000.0,2500.0,36877.0,,OOX,,OXX,,,,,4500.0,4749.0,2000.0,2500.0,,,,,,,,,,,,
2025-04-11,680,4,,,,,38109.0,,%XX,,O%X,,,,,2500.0,3499.0,3400.0,3900.0,36877.0,,%XX,,O%X,,,,,2500.0,3499.0,3400.0,3900.0,,,,,,,,,,,,
2025-04-11,680,5,,,,,38109.0,,OXX,,OOX,,,,,3500.0,4249.0,4300.0,4600.0,36877.0,,OO%,,OXX,,,,,4750.0,4999.0,2000.0,2500.0,,,,,,,,,,,,
2025-04-14,683,1,,,,,34014.0,,%XX,,O%X,,,,,2500.0,3499.0,3400.0,3900.0,32219.0,,OO%,,O%X,,,,,4750.0,4999.0,3400.0,3900.0,,,,,,,,,,,,
2025-04-14,683,2,,,,,34014.0,,%XX,,OXX,,,,,2500.0,3499.0,2000.0,2500.0,32219.0,,OXX,,OO%,,,,,3500.0,4249.0,4800.0,4950.0,,,,,,,,,,,,
2025-04-14,683,3,,,,,34014.0,,OXX,,OOX,,,,,3500.0,4249.0,4300.0,4600.0,32219.0,,OO%,,OOX,,,,,4750.0,4999.0,4300.0,4600.0,,,,,,,,,,,,
2025-04-14,683,4,,,,,34014.0,,OO%,,O%X,,,,,4750.0,4999.0,3400.0,3900.0,32219.0,,OXX,,OXX,,,,,3500.0,4249.0,2000.0,2500.0,,,,,,,,,,,,
2025-04-14,683,5,,,,,34014.0,,XXX,,OO%,,,,,12.0,2499.0,4800.0,4950.0,32219.0,,XXX,,XXX,,,0.0,,12.0,2499.0,0.0,0.0,,,,,,,,,,,,
2025-04-15,684,1,,,,,43270.0,,OXX,,OOX,,,,,3500.0,4249.0,4300.0,4600.0,32983.0,,OXX,,XXX,,,0.0,,3500.0,4249.0,0.0,0.0,,,,,,,,,,,,
2025-04-15,684,2,,,,,43270.0,,OO%,,OO%,,,,,4750.0,4999.0,4800.0,4950.0,32983.0,,OO%,,O%X,,,,,4750.0,4999.0,3400.0,3900.0,,,,,,,,,,,,
2025-04-15,684,3,,,,,43270.0,,OO%,,OOX,,,,,4750.0,4999.0,4300.0,4600.0,32983.0,,OXX,,OO%,,,,,3500.0,4249.0,4800.0,4950.0,,,,,,,,,,,,
2025-04-15,684,4,,,,,43270.0,,OO%,,OO%,,,,,4750.0,4999.0,4800.0,4950.0,32983.0,,OXX,,%XX,,,1000.0,,3500.0,4249.0,1000.0,1000.0,,,,,,,,,,,,
2025-04-15,684,5,,,,,43270.0,,OO%,,%XX,,,1000.0,,4750.0,4999.0,1000.0,1000.0,32983.0,,OO%,,%XX,,,1000.0,,4750.0,4999.0,1000.0,1000.0,,,,,,,,,,,,
2025-04-16,685,1,,,,,36511.0,,%XX,,OOO,,,5000.0,,2500.0,3499.0,5000.0,5000.0,42350.0,,O%X,,OOO,,,5000.0,,4250.0,4499.0,5000.0,5000.0,,,,,,,,,,,,
2025-04-16,685,2,,,,,36511.0,,OO%,,OXX,,,,,4750.0,4999.0,2000.0,2500.0,42350.0,,OO%,,OOX,,,,,4750.0,4999.0,4300.0,4600.0,,,,,,,,,,,,
2025-04-16,685,3,,,,,36511.0,,OO%,,OXX,,,,,4750.0,4999.0,2000.0,2500.0,42350.0,,OXX,,O%X,,,,,3500.0,4249.0,3400.0,3900.0,,,,,,,,,,,,
2025-04-16,685,4,,,,,36511.0,,OXX,,OOO,,,5000.0,,3500.0,4249.0,5000.0,5000.0,42350.0,,OXX,,OOO,,,5000.0,,3500.0,4249.0,5000.0,5000.0,,,,,,,,,,,,
2025-04-16,685,5,,,,,36511.0,,%XX,,OXX,,,,,2500.0,3499.0,2000.0,2500.0,42350.0,,OXX,,O%X,,,,,3500.0,4249.0,3400.0,3900.0,,,,,,,,,,,,
2025-04-17,686,1,,,,,39292.0,,OOO,,OO%,,,,5000.0,5000.0,5000.0,4800.0,4950.0,41028.0,,OO%,,O%X,,,,,4750.0,4999.0,3400.0,3900.0,,,,,,,,,,,,
2025-04-17,686,2,,,,,39292.0,,OO%,,OOO,,,5000.0,,4750.0,4999.0,5000.0,5000.0,41028.0,,OO%,,OOX,,,,,4750.0,4999.0,4300.0,4600.0,,,,,,,,,,,,
2025-04-17,686,3,,,,,39292.0,,O%X,,OXX,,,,,4250.0,4499.0,2000.0,2500.0,41028.0,,O%X,,OXX,,,,,4250.0,4499.0,2000.0,2500.0,,,,,,,,,,,,
2025-04-17,686,4,,,,,39292.0,,OO%,,O%X,,,,,4750.0,4999.0,3400.0,3900.0,41028.0,,OO%,,OOX,,,,,4750.0,4999.0,4300.0,4600.0,,,,,,,,,,,,
2025-04-17,686,5,,,,,39292.0,,XXX,,OOX,,,,,12.0,2499.0,4300.0,4600.0,41028.0,,%XX,,O%X,,,,,2500.0,3499.0,3400.0,3900.0,,,,,,,,,,,,
2025-04-22,691,1,,,,,42697.0,,XXX,,OOO,,,5000.0,,12.0,2499.0,5000.0,5000.0,42808.0,,XXX,,OOO,,,5000.0,,12.0,2499.0,5000.0,5000.0,,,,,,,,,,,,
2025-04-22,691,2,,,,,42697.0,,OO%,,O%X,,,,,4750.0,4999.0,3400.0,3900.0,42808.0,,OO%,,OOX,,,,,4750.0,4999.0,4300.0,4600.0,,,,,,,,,,,,
2025-04-22,691,3,,,,,42697.0,,OXX,,OOO,,,5000.0,,3500.0,4249.0,5000.0,5000.0,42808.0,,O%X,,OO%,,,,,4250.0,4499.0,4800.0,4950.0,,,,,,,,,,,,
2025-04-22,691,4,,,,,42697.0,,OXX,,OOX,,,,,3500.0,4249.0,4300.0,4600.0,42808.0,,OO%,,O%X,,,,,4750.0,4999.0,3400.0,3900.0,,,,,,,,,,,,
2025-04-22,691,5,,,,,42697.0,,OOO,,OO%,,,,5000.0,5000.0,5000.0,4800.0,4950.0,42808.0,,OOO,,OO%,,,,5000.0,5000.0,5000.0,4800.0,4950.0,,,,,,,,,,,,
2025-04-23,692,1,,,,,41018.0,,O%X,,OOX,,,,,4250.0,4499.0,4300.0,4600.0,28148.0,,O%X,,%XX,,,1000.0,,4250.0,4499.0,1000.0,1000.0,,,,,,,,,,,,
2025-04-23,692,2,,,,,41018.0,,O%X,,OOX,,,,,4250.0,4499.0,4300.0,4600.0,28148.0,,XXX,,OO%,,,,,12.0,2499.0,4800.0,4950.0,,,,,,,,,,,,
2025-04-23,692,3,,,,,41018.0,,OO%,,XXX,,,0.0,,4750.0,4999.0,0.0,0.0,28148.0,,XXX,,XXX,,,0.0,,12.0,2499.0,0.0,0.0,,,,,,,,,,,,
2025-04-23,692,4,,,,,41018.0,,OXX,,OOX,,,,,3500.0,4249.0,4300.0,4600.0,28148.0,,OXX,,OXX,,,,,3500.0,4249.0,2000.0,2500.0,,,,,,,,,,,,
2025-04-23,692,5,,,,,41018.0,,OO%,,OOO,,,5000.0,,4750.0,4999.0,5000.0,5000.0,28148.0,10000.0,OOO,,OOO,,,5000.0,5000.0,5000.0,5000.0,5000.0,5000.0,,,,,,,,,,,,
2025-04-24,693,1,,,,,40663.0,10000.0,OOO,,OOO,,,5000.0,5000.0,5000.0,5000.0,5000.0,5000.0,,,,,,,,,,,,,,,,,,,,,,,,,
2025-04-24,693,2,,,,,40663.0,,OOO,,OO%,,,,5000.0,5000.0,5000.0,4800.0,4950.0,,,,,,,,,,,,,,,,,,,,,,,,,
2025-04-24,693,3,,,,,40663.0,,OXX,,%XX,,,1000.0,,3500.0,4249.0,1000.0,1000.0,,,,,,,,,,,,,,,,,,,,,,,,,
2025-04-24,693,4,,,,,40663.0,,OO%,,OOO,,,5000.0,,4750.0,4999.0,5000.0,5000.0,,,,,,,,,,,,,,,,,,,,,,,,,
2025-04-24,693,5,,,,,40663.0,,OXX,,OXX,,,,,3500.0,4249.0,2000.0,2500.0,,,,,,,,,,,,,,,,,,,,,,,,,
2025-04-25,694,1,,,,,37865.0,,OO%,,OOX,,,,,4750.0,4999.0,4300.0,4600.0,32536.0,6000.0,OOO,,%XX,,,1000.0,5000.0,5000.0,5000.0,1000.0,1000.0,,,,,,,,,,,,
2025-04-25,694,2,,,,,37865.0,,O%X,,O%X,,,,,4250.0,4499.0,3400.0,3900.0,32536.0,,O%X,,OXX,,,,,4250.0,4499.0,2000.0,2500.0,,,,,,,,,,,,
2025-04-25,694,3,,,,,37865.0,,OXX,,OXX,,,,,3500.0,4249.0,2000.0,2500.0,32536.0,,%XX,,OXX,,,,,2500.0,3499.0,2000.0,2500.0,,,,,,,,,,,,
2025-04-25,694,4,,,,,37865.0,,O%X,,O%X,,,,,4250.0,4499.0,3400.0,3900.0,32536.0,,OXX,,OXX,,,,,3500.0,4249.0,2000.0,2500.0,,,,,,,,,,,,
2025-04-25,694,5,,,,,37865.0,6000.0,OOO,,%XX,,,1000.0,5000.0,5000.0,5000.0,1000.0,1000.0,32536.0,,OO%,,O%X,,,,,4750.0,4999.0,3400.0,3900.0,,,,,,,,,,,,
2025-04-28,697,1,,,,,38737.0,,%XX,,OOX,,,,,2500.0,3499.0,4300.0,4600.0,33856.0,,OXX,,OOO,,,5000.0,,3500.0,4249.0,5000.0,5000.0,,,,,,,,,,,,
2025-04-28,697,2,,,,,38737.0,,%XX,,OXX,,,,,2500.0,3499.0,2000.0,2500.0,33856.0,,XXX,,OOX,,,,,12.0,2499.0,4300.0,4600.0,,,,,,,,,,,,
2025-04-28,697,3,,,,,38737.0,,OOX,,OOO,,,5000.0,,4500.0,4749.0,5000.0,5000.0,33856.0,,XXX,,OOO,,,5000.0,,12.0,2499.0,5000.0,5000.0,,,,,,,,,,,,
2025-04-28,697,4,,,,,38737.0,,O%X,,OOX,,,,,4250.0,4499.0,4300.0,4600.0,33856.0,,OXX,,%XX,,,1000.0,,3500.0,4249.0,1000.0,1000.0,,,,,,,,,,,,
2025-04-28,697,5,,,,,38737.0,,%XX,,OO%,,,,,2500.0,3499.0,4800.0,4950.0,33856.0,,%XX,,OOX,,,,,2500.0,3499.0,4300.0,4600.0,,,,,,,,,,,,
2025-04-29,698,1,,,,,40040.0,,%XX,,OOO,,,5000.0,,2500.0,3499.0,5000.0,5000.0,35001.0,,%XX,,OO%,,,,,2500.0,3499.0,4800.0,4950.0,,,,,,,,,,,,
2025-04-29,698,2,,,,,40040.0,,OO%,,O%X,,,,,4750.0,4999.0,3400.0,3900.0,35001.0,,O%X,,OO%,,,,,4250.0,4499.0,4800.0,4950.0,,,,,,,,,,,,
2025-04-29,698,3,,,,,40040.0,,OO%,,O%X,,,,,4750.0,4999.0,3400.0,3900.0,35001.0,,OO%,,OXX,,,,,4750.0,4999.0,2000.0,2500.0,,,,,,,,,,,,
2025-04-29,698,4,,,,,40040.0,,OO%,,%XX,,,1000.0,,4750.0,4999.0,1000.0,1000.0,35001.0,,OO%,,%XX,,,1000.0,,4750.0,4999.0,1000.0,1000.0,,,,,,,,,,,,
2025-04-29,698,5,,,,,40040.0,,OOX,,OOX,,,,,4500.0,4749.0,4300.0,4600.0,35001.0,,XXX,,OOX,,,,,12.0,2499.0,4300.0,4600.0,,,,,,,,,,,,
2025-04-30,699,1,,,,,42332.0,,OO%,,O%X,,,,,4750.0,4999.0,3400.0,3900.0,,,,,,,,,,,,,,,,,,,,,,,,,
2025-04-30,699,2,,,,,42332.0,,OOO,,OXX,,,,5000.0,5000.0,5000.0,2000.0,2500.0,,,,,,,,,,,,,,,,,,,,,,,,,
2025-04-30,699,3,,,,,42332.0,,OO%,,OO%,,,,,4750.0,4999.0,4800.0,4950.0,,,,,,,,,,,,,,,,,,,,,,,,,
2025-04-30,699,4,,,,,42332.0,,%XX,,OOO,,,5000.0,,2500.0,3499.0,5000.0,5000.0,,,,,,,,,,,,,,,,,,,,,,,,,
2025-04-30,699,5,,,,,42332.0,,O%X,,OO%,,,,,4250.0,4499.0,4800.0,4950.0,,,,,,,,,,,,,,,,,,,,,,,,,
2025-05-02,701,1,,,,,38551.0,,OO%,,OO%,,,,,4750.0,4999.0,4800.0,4950.0,38719.0,,XXX,,OO%,,,,,12.0,2499.0,4800.0,4950.0,,,,,,,,,,,,
2025-05-02,701,2,,,,,38551.0,,OO%,,OXX,,,,,4750.0,4999.0,2000.0,2500.0,38719.0,,XXX,,OOO,,,5000.0,,12.0,2499.0,5000.0,5000.0,,,,,,,,,,,,
2025-05-02,701,3,,,,,38551.0,,OXX,,O%X,,,,,3500.0,4249.0,3400.0,3900.0,38719.0,,OXX,,O%X,,,,,3500.0,4249.0,3400.0,3900.0,,,,,,,,,,,,
2025-05-02,701,4,,,,,38551.0,,OXX,,OO%,,,,,3500.0,4249.0,4800.0,4950.0,38719.0,,OO%,,O%X,,,,,4750.0,4999.0,3400.0,3900.0,,,,,,,,,,,,
2025-05-02,701,5,,,,,38551.0,,OO%,,XXX,,,0.0,,4750.0,4999.0,0.0,0.0,38719.0,,OOO,,OO%,,,,5000.0,5000.0,5000.0,4800.0,4950.0,,,,,,,,,,,,
2025-05-13,712,1,,,,,48829.0,10000.0,OOO,,OOO,,,5000.0,5000.0,5000.0,5000.0,5000.0,5000.0,36799.0,,OOO,,OOX,,,,5000.0,5000.0,5000.0,4300.0,4600.0,,,,,,,,,,,,
2025-05-13,712,2,,,,,48829.0,,O%X,,OO%,,,,,4250.0,4499.0,4800.0,4950.0,36799.0,,O%X,,OO%,,,,,4250.0,4499.0,4800.0,4950.0,,,,,,,,,,,,
2025-05-13,712,3,,,,,48829.0,,OO%,,OOO,,,5000.0,,4750.0,4999.0,5000.0,5000.0,36799.0,,OO%,,OXX,,,,,4750.0,4999.0,2000.0,2500.0,,,,,,,,,,,,
2025-05-13,712,4,,,,,48829.0,,OOO,,OO%,,,,5000.0,5000.0,5000.0,4800.0,4950.0,36799.0,,XXX,,OOX,,,,,12.0,2499.0,4300.0,4600.0,,,,,,,,,,,,
2025-05-13,712,5,,,,,48829.0,,OO%,,OOO,,,5000.0,,4750.0,4999.0,5000.0,5000.0,36799.0,,OXX,,XXX,,,0.0,,3500.0,4249.0,0.0,0.0,,,,,,,,,,,,
2025-05-14,713,1,,,,,40571.0,,O%X,,OXX,,,,,4250.0,4499.0,2000.0,2500.0,26423.0,,O%X,,%XX,,,1000.0,,4250.0,4499.0,1000.0,1000.0,,,,,,,,,,,,
2025-05-14,713,2,,,,,40571.0,,OOX,,OOO,,,5000.0,,4500.0,4749.0,5000.0,5000.0,26423.0,,OO%,,OOX,,,,,4750.0,4999.0,4300.0,4600.0,,,,,,,,,,,,
2025-05-14,713,3,,,,,40571.0,,OO%,,OXX,,,,,4750.0,4999.0,2000.0,2500.0,26423.0,,XXX,,OXX,,,,,12.0,2499.0,2000.0,2500.0,,,,,,,,,,,,
2025-05-14,713,4,,,,,40571.0,,OXX,,OOX,,,,,3500.0,4249.0,4300.0,4600.0,26423.0,,OXX,,O%X,,,,,3500.0,4249.0,3400.0,3900.0,,,,,,,,,,,,
2025-05-14,713,5,,,,,40571.0,,OXX,,O%X,,,,,3500.0,4249.0,3400.0,3900.0,26423.0,,XXX,,XXX,,,0.0,,12.0,2499.0,0.0,0.0,,,,,,,,,,,,
2025-05-15,714,1,,,,,34781.0,,O%X,,OO%,,,,,4250.0,4499.0,4800.0,4950.0,30013.0,,OO%,,OO%,,,,,4750.0,4999.0,4800.0,4950.0,,,,,,,,,,,,
2025-05-15,714,2,,,,,34781.0,6000.0,OOO,,%XX,,,1000.0,5000.0,5000.0,5000.0,1000.0,1000.0,30013.0,,OXX,,OXX,,,,,3500.0,4249.0,2000.0,2500.0,,,,,,,,,,,,
2025-05-15,714,3,,,,,34781.0,,OXX,,XXX,,,0.0,,3500.0,4249.0,0.0,0.0,30013.0,,OXX,,XXX,,,0.0,,3500.0,4249.0,0.0,0.0,,,,,,,,,,,,
2025-05-15,714,4,,,,,34781.0,,OO%,,OOO,,,5000.0,,4750.0,4999.0,5000.0,5000.0,30013.0,,%XX,,OO%,,,,,2500.0,3499.0,4800.0,4950.0,,,,,,,,,,,,
2025-05-15,714,5,,,,,34781.0,,XXX,,OOO,,,5000.0,,12.0,2499.0,5000.0,5000.0,30013.0,,XXX,,%XX,,,1000.0,,12.0,2499.0,1000.0,1000.0,,,,,,,,,,,,
2025-05-16,715,1,,,,,38701.0,,OO%,,OO%,,,,,4750.0,4999.0,4800.0,4950.0,31758.0,,OO%,,O%X,,,,,4750.0,4999.0,3400.0,3900.0,,,,,,,,,,,,
2025-05-16,715,2,,,,,38701.0,,XXX,,O%X,,,,,12.0,2499.0,3400.0,3900.0,31758.0,,XXX,,O%X,,,,,12.0,2499.0,3400.0,3900.0,,,,,,,,,,,,
2025-05-16,715,3,,,,,38701.0,,OO%,,OO%,,,,,4750.0,4999.0,4800.0,4950.0,31758.0,,OO%,,%XX,,,1000.0,,4750.0,4999.0,1000.0,1000.0,,,,,,,,,,,,
2025-05-16,715,4,,,,,38701.0,,%XX,,O%X,,,,,2500.0,3499.0,3400.0,3900.0,31758.0,,%XX,,%XX,,,1000.0,,2500.0,3499.0,1000.0,1000.0,,,,,,,,,,,,
2025-05-16,715,5,,,,,38701.0,,OO%,,O%X,,,,,4750.0,4999.0,3400.0,3900.0,31758.0,,OO%,,OO%,,,,,4750.0,4999.0,4800.0,4950.0,,,,,,,,,,,,
2025-05-19,718,1,,,,,35857.0,,OOO,,OO%,,,,5000.0,5000.0,5000.0,4800.0,4950.0,39001.0,,XXX,,OOO,,,5000.0,,12.0,2499.0,5000.0,5000.0,,,,,,,,,,,,
2025-05-19,718,2,,,,,35857.0,,XXX,,OOX,,,,,12.0,2499.0,4300.0,4600.0,39001.0,,XXX,,OO%,,,,,12.0,2499.0,4800.0,4950.0,,,,,,,,,,,,
2025-05-19,718,3,,,,,35857.0,,OOO,,OOX,,,,5000.0,5000.0,5000.0,4300.0,4600.0,39001.0,,OO%,,OOX,,,,,4750.0,4999.0,4300.0,4600.0,,,,,,,,,,,,
2025-05-19,718,4,,,,,35857.0,,OO%,,XXX,,,0.0,,4750.0,4999.0,0.0,0.0,39001.0,,OO%,,OO%,,,,,4750.0,4999.0,4800.0,4950.0,,,,,,,,,,,,
2025-05-19,718,5,,,,,35857.0,,OOO,,OXX,,,,5000.0,5000.0,5000.0,2000.0,2500.0,39001.0,,OOO,,OOX,,,,5000.0,5000.0,5000.0,4300.0,4600.0,,,,,,,,,,,,
2025-05-20,719,1,,,,,35327.0,,OO%,,OOO,,,5000.0,,4750.0,4999.0,5000.0,5000.0,35725.0,,OOO,,OO%,,,,5000.0,5000.0,5000.0,4800.0,4950.0,,,,,,,,,,,,
2025-05-20,719,2,,,,,35327.0,,OO%,,OXX,,,,,4750.0,4999.0,2000.0,2500.0,35725.0,,OO%,,XXX,,,0.0,,4750.0,4999.0,0.0,0.0,,,,,,,,,,,,
2025-05-20,719,3,,,,,35327.0,,%XX,,OXX,,,,,2500.0,3499.0,2000.0,2500.0,35725.0,,XXX,,%XX,,,1000.0,,12.0,2499.0,1000.0,1000.0,,,,,,,,,,,,
2025-05-20,719,4,,,,,35327.0,,OO%,,OXX,,,,,4750.0,4999.0,2000.0,2500.0,35725.0,,OO%,,OO%,,,,,4750.0,4999.0,4800.0,4950.0,,,,,,,,,,,,
2025-05-20,719,5,,,,,35327.0,,OXX,,OXX,,,,,3500.0,4249.0,2000.0,2500.0,35725.0,,OXX,,OO%,,,,,3500.0,4249.0,4800.0,4950.0,,,,,,,,,,,,
2025-05-21,720,1,,,,,39160.0,10000.0,OOO,,OOO,,,5000.0,5000.0,5000.0,5000.0,5000.0,5000.0,35900.0,,XXX,,OOO,,,5000.0,,12.0,2499.0,5000.0,5000.0,,,,,,,,,,,,
2025-05-21,720,2,,,,,39160.0,,OO%,,OO%,,,,,4750.0,4999.0,4800.0,4950.0,35900.0,,OO%,,OO%,,,,,4750.0,4999.0,4800.0,4950.0,,,,,,,,,,,,
2025-05-21,720,3,,,,,39160.0,,OXX,,OXX,,,,,3500.0,4249.0,2000.0,2500.0,35900.0,,%XX,,OXX,,,,,2500.0,3499.0,2000.0,2500.0,,,,,,,,,,,,
2025-05-21,720,4,,,,,39160.0,,OO%,,%XX,,,1000.0,,4750.0,4999.0,1000.0,1000.0,35900.0,,OO%,,OXX,,,,,4750.0,4999.0,2000.0,2500.0,,,,,,,,,,,,
2025-05-21,720,5,,,,,39160.0,,OO%,,OXX,,,,,4750.0,4999.0,2000.0,2500.0,35900.0,,OO%,,OO%,,,,,4750.0,4999.0,4800.0,4950.0,,,,,,,,,,,,
2025-05-22,721,1,,,,,34330.0,10000.0,OOO,,OOO,,,5000.0,5000.0,5000.0,5000.0,5000.0,5000.0,37371.0,10000.0,OOO,,OOO,,,5000.0,5000.0,5000.0,5000.0,5000.0,5000.0,,,,,,,,,,,,
2025-05-22,721,2,,,,,34330.0,,OXX,,XXX,,,0.0,,3500.0,4249.0,0.0,0.0,37371.0,,OXX,,XXX,,,0.0,,3500.0,4249.0,0.0,0.0,,,,,,,,,,,,
2025-05-22,721,3,,,,,34330.0,,O%X,,O%X,,,,,4250.0,4499.0,3400.0,3900.0,37371.0,,OO%,,OXX,,,,,4750.0,4999.0,2000.0,2500.0,,,,,,,,,,,,
2025-05-22,721,4,,,,,34330.0,,O%X,,XXX,,,0.0,,4250.0,4499.0,0.0,0.0,37371.0,,OO%,,O%X,,,,,4750.0,4999.0,3400.0,3900.0,,,,,,,,,,,,
2025-05-22,721,5,,,,,34330.0,,O%X,,O%X,,,,,4250.0,4499.0,3400.0,3900.0,37371.0,,OO%,,OXX,,,,,4750.0,4999.0,2000.0,2500.0,,,,,,,,,,,,
2025-05-23,722,1,,,,,44407.0,,OO%,,OOO,,,5000.0,,4750.0,4999.0,5000.0,5000.0,42506.0,,OOX,,OO%,,,,,4500.0,4749.0,4800.0,4950.0,,,,,,,,,,,,
2025-05-23,722,2,,,,,44407.0,,OOX,,OOO,,,5000.0,,4500.0,4749.0,5000.0,5000.0,42506.0,,OO%,,OOO,,,5000.0,,4750.0,4999.0,5000.0,5000.0,,,,,,,,,,,,
2025-05-23,722,3,,,,,44407.0,,OO%,,OXX,,,,,4750.0,4999.0,2000.0,2500.0,42506.0,,OO%,,O%X,,,,,4750.0,4999.0,3400.0,3900.0,,,,,,,,,,,,
2025-05-23,722,4,,,,,44407.0,,OO%,,OO%,,,,,4750.0,4999.0,4800.0,4950.0,42506.0,,OO%,,O%X,,,,,4750.0,4999.0,3400.0,3900.0,,,,,,,,,,,,
2025-05-23,722,5,,,,,44407.0,,OXX,,OOX,,,,,3500.0,4249.0,4300.0,4600.0,42506.0,,OXX,,OXX,,,,,3500.0,4249.0,2000.0,2500.0,,,,,,,,,,,,
2025-05-27,726,1,,,,,33463.0,,OO%,,OOO,,,5000.0,,4750.0,4999.0,5000.0,5000.0,32549.0,,OO%,,OOO,,,5000.0,,4750.0,4999.0,5000.0,5000.0,,,,,,,,,,,,
2025-05-27,726,2,,,,,33463.0,,OO%,,O%X,,,,,4750.0,4999.0,3400.0,3900.0,32549.0,,XXX,,%XX,,,1000.0,,12.0,2499.0,1000.0,1000.0,,,,,,,,,,,,
2025-05-27,726,3,,,,,33463.0,,XXX,,OO%,,,,,12.0,2499.0,4800.0,4950.0,32549.0,,OOX,,OOO,,,5000.0,,4500.0,4749.0,5000.0,5000.0,,,,,,,,,,,,
2025-05-27,726,4,,,,,33463.0,,OO%,,XXX,,,0.0,,4750.0,4999.0,0.0,0.0,32549.0,,XXX,,OOX,,,,,12.0,2499.0,4300.0,4600.0,,,,,,,,,,,,
2025-05-27,726,5,,,,,33463.0,,%XX,,OXX,,,,,2500.0,3499.0,2000.0,2500.0,32549.0,,%XX,,OXX,,,,,2500.0,3499.0,2000.0,2500.0,,,,,,,,,,,,
2025-05-28,727,1,,,,,48469.0,,OOO,,OO%,,,,5000.0,5000.0,5000.0,4800.0,4950.0,47007.0,,OO%,,OO%,,,,,4750.0,4999.0,4800.0,4950.0,,,,,,,,,,,,
2025-05-28,727,2,,,,,48469.0,,OO%,,OO%,,,,,4750.0,4999.0,4800.0,4950.0,47007.0,,OO%,,OOX,,,,,4750.0,4999.0,4300.0,4600.0,,,,,,,,,,,,
2025-05-28,727,3,,,,,48469.0,,OO%,,OO%,,,,,4750.0,4999.0,4800.0,4950.0,47007.0,,OO%,,O%X,,,,,4750.0,4999.0,3400.0,3900.0,,,,,,,,,,,,
2025-05-28,727,4,,,,,48469.0,,OOO,,OOX,,,,5000.0,5000.0,5000.0,4300.0,4600.0,47007.0,10000.0,OOO,,OOO,,,5000.0,5000.0,5000.0,5000.0,5000.0,5000.0,,,,,,,,,,,,
2025-05-28,727,5,,,,,48469.0,,OO%,,OOX,,,,,4750.0,4999.0,4300.0,4600.0,47007.0,,OO%,,OOX,,,,,4750.0,4999.0,4300.0,4600.0,,,,,,,,,,,,
2025-05-29,728,1,,,,,41033.0,,OO%,,O%X,,,,,4750.0,4999.0,3400.0,3900.0,43779.0,,OO%,,OOO,,,5000.0,,4750.0,4999.0,5000.0,5000.0,,,,,,,,,,,,
2025-05-29,728,2,,,,,41033.0,,OO%,,OOX,,,,,4750.0,4999.0,4300.0,4600.0,43779.0,,OO%,,OXX,,,,,4750.0,4999.0,2000.0,2500.0,,,,,,,,,,,,
2025-05-29,728,3,,,,,41033.0,,OO%,,OOX,,,,,4750.0,4999.0,4300.0,4600.0,43779.0,,OO%,,OOX,,,,,4750.0,4999.0,4300.0,4600.0,,,,,,,,,,,,
2025-05-29,728,4,,,,,41033.0,,OOO,,O%X,,,,5000.0,5000.0,5000.0,3400.0,3900.0,43779.0,,OO%,,O%X,,,,,4750.0,4999.0,3400.0,3900.0,,,,,,,,,,,,
2025-05-29,728,5,,,,,41033.0,,OO%,,XXX,,,0.0,,4750.0,4999.0,0.0,0.0,43779.0,,OO%,,O%X,,,,,4750.0,4999.0,3400.0,3900.0,,,,,,,,,,,,
2025-05-30,729,1,,,,,30138.0,,OO%,,XXX,,,0.0,,4750.0,4999.0,0.0,0.0,29412.0,,%XX,,XXX,,,0.0,,2500.0,3499.0,0.0,0.0,,,,,,,,,,,,
2025-05-30,729,2,,,,,30138.0,,OO%,,OOX,,,,,4750.0,4999.0,4300.0,4600.0,29412.0,,OO%,,OOX,,,,,4750.0,4999.0,4300.0,4600.0,,,,,,,,,,,,
2025-05-30,729,3,,,,,30138.0,,OOX,,OXX,,,,,4500.0,4749.0,2000.0,2500.0,29412.0,,OXX,,OOX,,,,,3500.0,4249.0,4300.0,4600.0,,,,,,,,,,,,
2025-05-30,729,4,,,,,30138.0,,OOX,,O%X,,,,,4500.0,4749.0,3400.0,3900.0,29412.0,,O%X,,OXX,,,,,4250.0,4499.0,2000.0,2500.0,,,,,,,,,,,,
2025-05-30,729,5,,,,,30138.0,,XXX,,%XX,,,1000.0,,12.0,2499.0,1000.0,1000.0,29412.0,,XXX,,XXX,,,0.0,,12.0,2499.0,0.0,0.0,,,,,,,,,,,,
2025-06-02,732,1,,,,,32917.0,,OO%,,OO%,,,,,4750.0,4999.0,4800.0,4950.0,,,,,,,,,,,,,,,,,,,,,,,,,
2025-06-02,732,2,,,,,32917.0,,OXX,,OO%,,,,,3500.0,4249.0,4800.0,4950.0,,,,,,,,,,,,,,,,,,,,,,,,,
2025-06-02,732,3,,,,,32917.0,,O%X,,XXX,,,0.0,,4250.0,4499.0,0.0,0.0,,,,,,,,,,,,,,,,,,,,,,,,,
2025-06-02,732,4,,,,,32917.0,,OO%,,XXX,,,0.0,,4750.0,4999.0,0.0,0.0,,,,,,,,,,,,,,,,,,,,,,,,,
2025-06-02,732,5,,,,,32917.0,,OOX,,XXX,,,0.0,,4500.0,4749.0,0.0,0.0,,,,,,,,,,,,,,,,,,,,,,,,,
2025-06-03,733,1,,,,,44011.0,,OOX,,OOO,,,5000.0,,4500.0,4749.0,5000.0,5000.0,41875.0,,%XX,,O%X,,,,,2500.0,3499.0,3400.0,3900.0,,,,,,,,,,,,
2025-06-03,733,2,,,,,44011.0,,OOO,,OO%,,,,5000.0,5000.0,5000.0,4800.0,4950.0,41875.0,,OOO,,OO%,,,,5000.0,5000.0,5000.0,4800.0,4950.0,,,,,,,,,,,,
2025-06-03,733,3,,,,,44011.0,,OXX,,OXX,,,,,3500.0,4249.0,2000.0,2500.0,41875.0,,OXX,,OO%,,,,,3500.0,4249.0,4800.0,4950.0,,,,,,,,,,,,
2025-06-03,733,4,,,,,44011.0,,OOO,,O%X,,,,5000.0,5000.0,5000.0,3400.0,3900.0,41875.0,,OXX,,OXX,,,,,3500.0,4249.0,2000.0,2500.0,,,,,,,,,,,,
2025-06-03,733,5,,,,,44011.0,,OO%,,OOO,,,5000.0,,4750.0,4999.0,5000.0,5000.0,41875.0,,OO%,,OOO,,,5000.0,,4750.0,4999.0,5000.0,5000.0,,,,,,,,,,,,
2025-06-05,735,1,,,,,39488.0,,OO%,,OO%,,,,,4750.0,4999.0,4800.0,4950.0,,,,,,,,,,,,,,,,,,,,,,,,,
2025-06-05,735,2,,,,,39488.0,,OO%,,%XX,,,1000.0,,4750.0,4999.0,1000.0,1000.0,,,,,,,,,,,,,,,,,,,,,,,,,
2025-06-05,735,3,,,,,39488.0,,OO%,,OO%,,,,,4750.0,4999.0,4800.0,4950.0,,,,,,,,,,,,,,,,,,,,,,,,,
2025-06-05,735,4,,,,,39488.0,,OO%,,OOX,,,,,4750.0,4999.0,4300.0,4600.0,,,,,,,,,,,,,,,,,,,,,,,,,
2025-06-05,735,5,,,,,39488.0,,OO%,,XXX,,,0.0,,4750.0,4999.0,0.0,0.0,,,,,,,,,,,,,,,,,,,,,,,,,
2025-06-06,736,1,,,,,46318.0,,OO%,,OOO,,,5000.0,,4750.0,4999.0,5000.0,5000.0,,,,,,,,,,,,,,,,,,,,,,,,,
2025-06-06,736,2,,,,,46318.0,,O%X,,OO%,,,,,4250.0,4499.0,4800.0,4950.0,,,,,,,,,,,,,,,,,,,,,,,,,
2025-06-06,736,3,,,,,46318.0,,OO%,,OO%,,,,,4750.0,4999.0,4800.0,4950.0,,,,,,,,,,,,,,,,,,,,,,,,,
2025-06-06,736,4,,,,,46318.0,,OXX,,O%X,,,,,3500.0,4249.0,3400.0,3900.0,,,,,,,,,,,,,,,,,,,,,,,,,
2025-06-06,736,5,,,,,46318.0,,OOO,,OO%,,,,5000.0,5000.0,5000.0,4800.0,4950.0,,,,,,,,,,,,,,,,,,,,,,,,,
2025-06-10,740,1,,,,,31963.0,,OO%,,OXX,,,,,4750.0,4999.0,2000.0,2500.0,26870.0,,OO%,,O%X,,,,,4750.0,4999.0,3400.0,3900.0,,,,,,,,,,,,
2025-06-10,740,2,,,,,31963.0,,%XX,,XXX,,,0.0,,2500.0,3499.0,0.0,0.0,26870.0,,%XX,,XXX,,,0.0,,2500.0,3499.0,0.0,0.0,,,,,,,,,,,,
2025-06-10,740,3,,,,,31963.0,,OO%,,OXX,,,,,4750.0,4999.0,2000.0,2500.0,26870.0,,OOO,,OXX,,,,5000.0,5000.0,5000.0,2000.0,2500.0,,,,,,,,,,,,
2025-06-10,740,4,,,,,31963.0,,OOX,,OXX,,,,,4500.0,4749.0,2000.0,2500.0,26870.0,,OXX,,XXX,,,0.0,,3500.0,4249.0,0.0,0.0,,,,,,,,,,,,
2025-06-10,740,5,,,,,31963.0,,OO%,,O%X,,,,,4750.0,4999.0,3400.0,3900.0,26870.0,,OO%,,XXX,,,0.0,,4750.0,4999.0,0.0,0.0,,,,,,,,,,,,
2025-06-13,743,1,,,,,42375.0,10000.0,OOO,,OOO,,,5000.0,5000.0,5000.0,5000.0,5000.0,5000.0,41205.0,,OXX,,OO%,,,,,3500.0,4249.0,4800.0,4950.0,,,,,,,,,,,,
2025-06-13,743,2,,,,,42375.0,,OO%,,OOO,,,5000.0,,4750.0,4999.0,5000.0,5000.0,41205.0,,OO%,,OOO,,,5000.0,,4750.0,4999.0,5000.0,5000.0,,,,,,,,,,,,
2025-06-13,743,3,,,,,42375.0,,OO%,,O%X,,,,,4750.0,4999.0,3400.0,3900.0,41205.0,,XXX,,OO%,,,,,12.0,2499.0,4800.0,4950.0,,,,,,,,,,,,
2025-06-13,743,4,,,,,42375.0,,OO%,,OO%,,,,,4750.0,4999.0,4800.0,4950.0,41205.0,,OO%,,OOX,,,,,4750.0,4999.0,4300.0,4600.0,,,,,,,,,,,,
2025-06-13,743,5,,,,,42375.0,,O%X,,XXX,,,0.0,,4250.0,4499.0,0.0,0.0,41205.0,,O%X,,O%X,,,,,4250.0,4499.0,3400.0,3900.0,,,,,,,,,,,,
2025-06-17,747,1,,,,,37545.0,,OO%,,OO%,,,,,4750.0,4999.0,4800.0,4950.0,32252.0,,OO%,,OXX,,,,,4750.0,4999.0,2000.0,2500.0,,,,,,,,,,,,
2025-06-17,747,2,,,,,37545.0,,OXX,,OXX,,,,,3500.0,4249.0,2000.0,2500.0,32252.0,,OXX,,%XX,,,1000.0,,3500.0,4249.0,1000.0,1000.0,,,,,,,,,,,,
2025-06-17,747,3,,,,,37545.0,,OXX,,OXX,,,,,3500.0,4249.0,2000.0,2500.0,32252.0,,OO%,,OXX,,,,,4750.0,4999.0,2000.0,2500.0,,,,,,,,,,,,
2025-06-17,747,4,,,,,37545.0,,%XX,,O%X,,,,,2500.0,3499.0,3400.0,3900.0,32252.0,,%XX,,OXX,,,,,2500.0,3499.0,2000.0,2500.0,,,,,,,,,,,,
2025-06-17,747,5,,,,,37545.0,,OXX,,OO%,,,,,3500.0,4249.0,4800.0,4950.0,32252.0,,OXX,,O%X,,,,,3500.0,4249.0,3400.0,3900.0,,,,,,,,,,,,
2025-06-18,748,1,,,,,28773.0,,%XX,,O%X,,,,,2500.0,3499.0,3400.0,3900.0,,,,,,,,,,,,,,,,,,,,,,,,,
2025-06-18,748,2,,,,,28773.0,,O%X,,O%X,,,,,4250.0,4499.0,3400.0,3900.0,,,,,,,,,,,,,,,,,,,,,,,,,
2025-06-18,748,3,,,,,28773.0,,OO%,,XXX,,,0.0,,4750.0,4999.0,0.0,0.0,,,,,,,,,,,,,,,,,,,,,,,,,
2025-06-18,748,4,,,,,28773.0,,OO%,,XXX,,,0.0,,4750.0,4999.0,0.0,0.0,,,,,,,,,,,,,,,,,,,,,,,,,
2025-06-18,748,5,,,,,28773.0,,OO%,,XXX,,,0.0,,4750.0,4999.0,0.0,0.0,,,,,,,,,,,,,,,,,,,,,,,,,
2025-07-14,774,1,,,,,45520.0,,OOO,,OO%,,,,5000.0,5000.0,5000.0,4800.0,4950.0,35944.0,,XXX,,OO%,,,,,12.0,2499.0,4800.0,4950.0,,,,,,,,,,,,
2025-07-14,774,2,,,,,45520.0,,OXX,,O%X,,,,,3500.0,4249.0,3400.0,3900.0,35944.0,,OXX,,O%X,,,,,3500.0,4249.0,3400.0,3900.0,,,,,,,,,,,,
2025-07-14,774,3,,,,,45520.0,,OO%,,OO%,,,,,4750.0,4999.0,4800.0,4950.0,35944.0,,OO%,,OO%,,,,,4750.0,4999.0,4800.0,4950.0,,,,,,,,,,,,
2025-07-14,774,4,,,,,45520.0,,OO%,,O%X,,,,,4750.0,4999.0,3400.0,3900.0,35944.0,,OO%,,XXX,,,0.0,,4750.0,4999.0,0.0,0.0,,,,,,,,,,,,
2025-07-14,774,5,,,,,45520.0,,OO%,,OO%,,,,,4750.0,4999.0,4800.0,4950.0,35944.0,,OXX,,OOO,,,5000.0,,3500.0,4249.0,5000.0,5000.0,,,,,,,,,,,,
2025-07-15,775,1,,,,,37339.0,,OO%,,OXX,,,,,4750.0,4999.0,2000.0,2500.0,27789.0,,OO%,,OXX,,,,,4750.0,4999.0,2000.0,2500.0,,,,,,,,,,,,
2025-07-15,775,2,,,,,37339.0,,OXX,,OOX,,,,,3500.0,4249.0,4300.0,4600.0,27789.0,,XXX,,O%X,,,,,12.0,2499.0,3400.0,3900.0,,,,,,,,,,,,
2025-07-15,775,3,,,,,37339.0,,OOX,,OO%,,,,,4500.0,4749.0,4800.0,4950.0,27789.0,,OO%,,OXX,,,,,4750.0,4999.0,2000.0,2500.0,,,,,,,,,,,,
2025-07-15,775,4,,,,,37339.0,,OO%,,OXX,,,,,4750.0,4999.0,2000.0,2500.0,27789.0,,XXX,,OXX,,,,,12.0,2499.0,2000.0,2500.0,,,,,,,,,,,,
2025-07-15,775,5,,,,,37339.0,5000.0,OOO,,XXX,,,0.0,5000.0,5000.0,5000.0,0.0,0.0,27789.0,,OO%,,XXX,,,0.0,,4750.0,4999.0,0.0,0.0,,,,,,,,,,,,
2025-07-16,776,1,,,,,35602.0,,XXX,,O%X,,,,,12.0,2499.0,3400.0,3900.0,40918.0,,OXX,,OO%,,,,,3500.0,4249.0,4800.0,4950.0,,,,,,,,,,,,
2025-07-16,776,2,,,,,35602.0,,OO%,,OXX,,,,,4750.0,4999.0,2000.0,2500.0,40918.0,,OO%,,OXX,,,,,4750.0,4999.0,2000.0,2500.0,,,,,,,,,,,,
2025-07-16,776,3,,,,,35602.0,,OO%,,OXX,,,,,4750.0,4999.0,2000.0,2500.0,40918.0,,OO%,,OXX,,,,,4750.0,4999.0,2000.0,2500.0,,,,,,,,,,,,
2025-07-16,776,4,,,,,35602.0,,OOX,,O%X,,,,,4500.0,4749.0,3400.0,3900.0,40918.0,,%XX,,OO%,,,,,2500.0,3499.0,4800.0,4950.0,,,,,,,,,,,,
2025-07-16,776,5,,,,,35602.0,,OOX,,OOO,,,5000.0,,4500.0,4749.0,5000.0,5000.0,40918.0,,OOX,,OOO,,,5000.0,,4500.0,4749.0,5000.0,5000.0,,,,,,,,,,,,
2025-07-17,777,1,,,,,30734.0,,O%X,,OO%,,,,,4250.0,4499.0,4800.0,4950.0,,,,,,,,,,,,,,,,,,,,,,,,,
2025-07-17,777,2,,,,,30734.0,,OO%,,XXX,,,0.0,,4750.0,4999.0,0.0,0.0,,,,,,,,,,,,,,,,,,,,,,,,,
2025-07-17,777,3,,,,,30734.0,,OXX,,OXX,,,,,3500.0,4249.0,2000.0,2500.0,,,,,,,,,,,,,,,,,,,,,,,,,
2025-07-17,777,4,,,,,30734.0,,XXX,,O%X,,,,,12.0,2499.0,3400.0,3900.0,,,,,,,,,,,,,,,,,,,,,,,,,
2025-07-17,777,5,,,,,30734.0,,O%X,,O%X,,,,,4250.0,4499.0,3400.0,3900.0,,,,,,,,,,,,,,,,,,,,,,,,,
2025-07-21,781,1,,,,,35703.0,,OOO,,OO%,,,,5000.0,5000.0,5000.0,4800.0,4950.0,34751.0,,OOO,,O%X,,,,5000.0,5000.0,5000.0,3400.0,3900.0,,,,,,,,,,,,
2025-07-21,781,2,,,,,35703.0,,OXX,,OXX,,,,,3500.0,4249.0,2000.0,2500.0,34751.0,,O%X,,XXX,,,0.0,,4250.0,4499.0,0.0,0.0,,,,,,,,,,,,
2025-07-21,781,3,,,,,35703.0,,OO%,,OXX,,,,,4750.0,4999.0,2000.0,2500.0,34751.0,,OO%,,OXX,,,,,4750.0,4999.0,2000.0,2500.0,,,,,,,,,,,,
2025-07-21,781,4,,,,,35703.0,,%XX,,XXX,,,0.0,,2500.0,3499.0,0.0,0.0,34751.0,,XXX,,OOX,,,,,12.0,2499.0,4300.0,4600.0,,,,,,,,,,,,
2025-07-21,781,5,,,,,35703.0,,OOO,,OO%,,,,5000.0,5000.0,5000.0,4800.0,4950.0,34751.0,10000.0,OOO,,OOO,,,5000.0,5000.0,5000.0,5000.0,5000.0,5000.0,,,,,,,,,,,,
2025-07-23,783,1,,,,,41050.0,,OXX,,O%X,,,,,3500.0,4249.0,3400.0,3900.0,33182.0,,OXX,,OXX,,,,,3500.0,4249.0,2000.0,2500.0,,,,,,,,,,,,
2025-07-23,783,2,,,,,41050.0,,OO%,,O%X,,,,,4750.0,4999.0,3400.0,3900.0,33182.0,,%XX,,OXX,,,,,2500.0,3499.0,2000.0,2500.0,,,,,,,,,,,,
2025-07-23,783,3,,,,,41050.0,,OXX,,O%X,,,,,3500.0,4249.0,3400.0,3900.0,33182.0,,OO%,,%XX,,,1000.0,,4750.0,4999.0,1000.0,1000.0,,,,,,,,,,,,
2025-07-23,783,4,,,,,41050.0,,OO%,,OO%,,,,,4750.0,4999.0,4800.0,4950.0,33182.0,,OO%,,O%X,,,,,4750.0,4999.0,3400.0,3900.0,,,,,,,,,,,,
2025-07-23,783,5,,,,,41050.0,,OO%,,OXX,,,,,4750.0,4999.0,2000.0,2500.0,33182.0,,OO%,,OXX,,,,,4750.0,4999.0,2000.0,2500.0,,,,,,,,,,,,
2025-07-24,784,1,,,,,43266.0,,OO%,,OOO,,,5000.0,,4750.0,4999.0,5000.0,5000.0,36463.0,,OO%,,OO%,,,,,4750.0,4999.0,4800.0,4950.0,,,,,,,,,,,,
2025-07-24,784,2,,,,,43266.0,,OO%,,OO%,,,,,4750.0,4999.0,4800.0,4950.0,36463.0,,OO%,,O%X,,,,,4750.0,4999.0,3400.0,3900.0,,,,,,,,,,,,
2025-07-24,784,3,,,,,43266.0,,OXX,,%XX,,,1000.0,,3500.0,4249.0,1000.0,1000.0,36463.0,,OXX,,OXX,,,,,3500.0,4249.0,2000.0,2500.0,,,,,,,,,,,,
2025-07-24,784,4,,,,,43266.0,,OO%,,OO%,,,,,4750.0,4999.0,4800.0,4950.0,36463.0,,OXX,,OOX,,,,,3500.0,4249.0,4300.0,4600.0,,,,,,,,,,,,
2025-07-24,784,5,,,,,43266.0,,OXX,,OOO,,,5000.0,,3500.0,4249.0,5000.0,5000.0,36463.0,,OXX,,XXX,,,0.0,,3500.0,4249.0,0.0,0.0,,,,,,,,,,,,
2025-07-28,788,1,,,,,42307.0,,OOO,,OO%,,,,5000.0,5000.0,5000.0,4800.0,4950.0,,,,,,,,,,,,,,,,,,,,,,,,,
2025-07-28,788,2,,,,,42307.0,,OXX,,OXX,,,,,3500.0,4249.0,2000.0,2500.0,,,,,,,,,,,,,,,,,,,,,,,,,
2025-07-28,788,3,,,,,42307.0,,OO%,,OXX,,,,,4750.0,4999.0,2000.0,2500.0,,,,,,,,,,,,,,,,,,,,,,,,,
2025-07-28,788,4,,,,,42307.0,,OO%,,OOO,,,5000.0,,4750.0,4999.0,5000.0,5000.0,,,,,,,,,,,,,,,,,,,,,,,,,
2025-07-28,788,5,,,,,42307.0,,OO%,,OOX,,,,,4750.0,4999.0,4300.0,4600.0,,,,,,,,,,,,,,,,,,,,,,,,,
2025-07-29,789,1,,,,,37749.0,10000.0,OOO,,OOO,,,5000.0,5000.0,5000.0,5000.0,5000.0,5000.0,,,,,,,,,,,,,,,,,,,,,,,,,
2025-07-29,789,2,,,,,37749.0,,OO%,,OOO,,,5000.0,,4750.0,4999.0,5000.0,5000.0,,,,,,,,,,,,,,,,,,,,,,,,,
2025-07-29,789,3,,,,,37749.0,,OO%,,XXX,,,0.0,,4750.0,4999.0,0.0,0.0,,,,,,,,,,,,,,,,,,,,,,,,,
2025-07-29,789,4,,,,,37749.0,,OO%,,OXX,,,,,4750.0,4999.0,2000.0,2500.0,,,,,,,,,,,,,,,,,,,,,,,,,
2025-07-29,789,5,,,,,37749.0,,%XX,,OXX,,,,,2500.0,3499.0,2000.0,2500.0,,,,,,,,,,,,,,,,,,,,,,,,,
2025-07-30,790,1,,,,,38760.0,,OO%,,O%X,,,,,4750.0,4999.0,3400.0,3900.0,36297.0,,OO%,,OXX,,,,,4750.0,4999.0,2000.0,2500.0,,,,,,,,,,,,
2025-07-30,790,2,,,,,38760.0,,OO%,,O%X,,,,,4750.0,4999.0,3400.0,3900.0,36297.0,,OO%,,%XX,,,1000.0,,4750.0,4999.0,1000.0,1000.0,,,,,,,,,,,,
2025-07-30,790,3,,,,,38760.0,,OO%,,OXX,,,,,4750.0,4999.0,2000.0,2500.0,36297.0,,OO%,,OXX,,,,,4750.0,4999.0,2000.0,2500.0,,,,,,,,,,,,
2025-07-30,790,4,,,,,38760.0,,OOX,,OXX,,,,,4500.0,4749.0,2000.0,2500.0,36297.0,,OXX,,OXX,,,,,3500.0,4249.0,2000.0,2500.0,,,,,,,,,,,,
2025-07-30,790,5,,,,,38760.0,,OO%,,OXX,,,,,4750.0,4999.0,2000.0,2500.0,36297.0,,OO%,,OOX,,,,,4750.0,4999.0,4300.0,4600.0,,,,,,,,,,,,
2025-07-31,791,1,,,,,37691.0,,OXX,,XXX,,,0.0,,3500.0,4249.0,0.0,0.0,,,,,,,,,,,,,,,,,,,,,,,,,
2025-07-31,791,2,,,,,37691.0,,OO%,,O%X,,,,,4750.0,4999.0,3400.0,3900.0,,,,,,,,,,,,,,,,,,,,,,,,,
2025-07-31,791,3,,,,,37691.0,,OO%,,OXX,,,,,4750.0,4999.0,2000.0,2500.0,,,,,,,,,,,,,,,,,,,,,,,,,
2025-07-31,791,4,,,,,37691.0,,OXX,,O%X,,,,,3500.0,4249.0,3400.0,3900.0,,,,,,,,,,,,,,,,,,,,,,,,,
2025-07-31,791,5,,,,,37691.0,,OOO,,OO%,,,,5000.0,5000.0,5000.0,4800.0,4950.0,,,,,,,,,,,,,,,,,,,,,,,,,
2025-08-04,795,1,,,,,43943.0,,OO%,,OOO,,,5000.0,,4750.0,4999.0,5000.0,5000.0,43787.0,,OO%,,OOO,,,5000.0,,4750.0,4999.0,5000.0,5000.0,,,,,,,,,,,,
2025-08-04,795,2,,,,,43943.0,,OXX,,OXX,,,,,3500.0,4249.0,2000.0,2500.0,43787.0,,OXX,,OO%,,,,,3500.0,4249.0,4800.0,4950.0,,,,,,,,,,,,
2025-08-04,795,3,,,,,43943.0,,OO%,,OOX,,,,,4750.0,4999.0,4300.0,4600.0,43787.0,,OO%,,O%X,,,,,4750.0,4999.0,3400.0,3900.0,,,,,,,,,,,,
2025-08-04,795,4,,,,,43943.0,,OOO,,OOX,,,,5000.0,5000.0,5000.0,4300.0,4600.0,43787.0,,OO%,,OXX,,,,,4750.0,4999.0,2000.0,2500.0,,,,,,,,,,,,
2025-08-04,795,5,,,,,43943.0,,OO%,,O%X,,,,,4750.0,4999.0,3400.0,3900.0,43787.0,,OO%,,OOX,,,,,4750.0,4999.0,4300.0,4600.0,,,,,,,,,,,,
2025-08-05,796,1,,,,,39153.0,,OOX,,XXX,,,0.0,,4500.0,4749.0,0.0,0.0,,,,,,,,,,,,,,,,,,,,,,,,,
2025-08-05,796,2,,,,,39153.0,,OO%,,OOX,,,,,4750.0,4999.0,4300.0,4600.0,,,,,,,,,,,,,,,,,,,,,,,,,
2025-08-05,796,3,,,,,39153.0,,OO%,,OOX,,,,,4750.0,4999.0,4300.0,4600.0,,,,,,,,,,,,,,,,,,,,,,,,,
2025-08-05,796,4,,,,,39153.0,,OXX,,OXX,,,,,3500.0,4249.0,2000.0,2500.0,,,,,,,,,,,,,,,,,,,,,,,,,
2025-08-05,796,5,,,,,39153.0,,OO%,,OO%,,,,,4750.0,4999.0,4800.0,4950.0,,,,,,,,,,,,,,,,,,,,,,,,,
2025-08-06,797,1,,,,,40072.0,,OXX,,OXX,,,,,3500.0,4249.0,2000.0,2500.0,,,,,,,,,,,,,,,,,,,,,,,,,
2025-08-06,797,2,,,,,40072.0,,OO%,,%XX,,,1000.0,,4750.0,4999.0,1000.0,1000.0,,,,,,,,,,,,,,,,,,,,,,,,,
2025-08-06,797,3,,,,,40072.0,,OO%,,OOO,,,5000.0,,4750.0,4999.0,5000.0,5000.0,,,,,,,,,,,,,,,,,,,,,,,,,
2025-08-06,797,4,,,,,40072.0,,OO%,,O%X,,,,,4750.0,4999.0,3400.0,3900.0,,,,,,,,,,,,,,,,,,,,,,,,,
2025-08-06,797,5,,,,,40072.0,,OO%,,OOX,,,,,4750.0,4999.0,4300.0,4600.0,,,,,,,,,,,,,,,,,,,,,,,,,
2025-08-07,798,1,,,,,39232.0,10000.0,OOO,,OOO,,,5000.0,5000.0,5000.0,5000.0,5000.0,5000.0,40334.0,,OOO,,OO%,,,,5000.0,5000.0,5000.0,4800.0,4950.0,,,,,,,,,,,,
2025-08-07,798,2,,,,,39232.0,,OO%,,O%X,,,,,4750.0,4999.0,3400.0,3900.0,40334.0,,OO%,,OXX,,,,,4750.0,4999.0,2000.0,2500.0,,,,,,,,,,,,
2025-08-07,798,3,,,,,39232.0,,OO%,,OXX,,,,,4750.0,4999.0,2000.0,2500.0,40334.0,,OXX,,OXX,,,,,3500.0,4249.0,2000.0,2500.0,,,,,,,,,,,,
2025-08-07,798,4,,,,,39232.0,,OO%,,%XX,,,1000.0,,4750.0,4999.0,1000.0,1000.0,40334.0,,OO%,,O%X,,,,,4750.0,4999.0,3400.0,3900.0,,,,,,,,,,,,
2025-08-07,798,5,,,,,39232.0,,OO%,,OXX,,,,,4750.0,4999.0,2000.0,2500.0,40334.0,,OO%,,O%X,,,,,4750.0,4999.0,3400.0,3900.0,,,,,,,,,,,,
2025-08-08,799,1,,,,,44307.0,,OO%,,OXX,,,,,4750.0,4999.0,2000.0,2500.0,40790.0,,XXX,,OOX,,,,,12.0,2499.0,4300.0,4600.0,,,,,,,,,,,,
2025-08-08,799,2,,,,,44307.0,,OXX,,OO%,,,,,3500.0,4249.0,4800.0,4950.0,40790.0,,OXX,,OO%,,,,,3500.0,4249.0,4800.0,4950.0,,,,,,,,,,,,
2025-08-08,799,3,,,,,44307.0,,OO%,,OO%,,,,,4750.0,4999.0,4800.0,4950.0,40790.0,,XXX,,OOO,,,5000.0,,12.0,2499.0,5000.0,5000.0,,,,,,,,,,,,
2025-08-08,799,4,,,,,44307.0,,OO%,,O%X,,,,,4750.0,4999.0,3400.0,3900.0,40790.0,,OO%,,OOX,,,,,4750.0,4999.0,4300.0,4600.0,,,,,,,,,,,,
2025-08-08,799,5,,,,,44307.0,,OO%,,OO%,,,,,4750.0,4999.0,4800.0,4950.0,40790.0,,OO%,,OOX,,,,,4750.0,4999.0,4300.0,4600.0,,,,,,,,,,,,
2025-08-11,802,1,,,,,48360.0,,OOO,,OO%,,,,5000.0,5000.0,5000.0,4800.0,4950.0,38391.0,,OO%,,OO%,,,,,4750.0,4999.0,4800.0,4950.0,,,,,,,,,,,,
2025-08-11,802,2,,,,,48360.0,,OO%,,OOO,,,5000.0,,4750.0,4999.0,5000.0,5000.0,38391.0,,OO%,,OXX,,,,,4750.0,4999.0,2000.0,2500.0,,,,,,,,,,,,
2025-08-11,802,3,,,,,48360.0,,OO%,,OO%,,,,,4750.0,4999.0,4800.0,4950.0,38391.0,,%XX,,O%X,,,,,2500.0,3499.0,3400.0,3900.0,,,,,,,,,,,,
2025-08-11,802,4,,,,,48360.0,,OO%,,OO%,,,,,4750.0,4999.0,4800.0,4950.0,38391.0,,OO%,,OOO,,,5000.0,,4750.0,4999.0,5000.0,5000.0,,,,,,,,,,,,
2025-08-11,802,5,,,,,48360.0,,OO%,,O%X,,,,,4750.0,4999.0,3400.0,3900.0,38391.0,,OO%,,XXX,,,0.0,,4750.0,4999.0,0.0,0.0,,,,,,,,,,,,
2025-08-12,803,1,,,,,47202.0,,OOX,,OOX,,,,,4500.0,4749.0,4300.0,4600.0,37662.0,,OO%,,OOO,,,5000.0,,4750.0,4999.0,5000.0,5000.0,,,,,,,,,,,,
2025-08-12,803,2,,,,,47202.0,,OO%,,OOO,,,5000.0,,4750.0,4999.0,5000.0,5000.0,37662.0,,OXX,,OOO,,,5000.0,,3500.0,4249.0,5000.0,5000.0,,,,,,,,,,,,
2025-08-12,803,3,,,,,47202.0,,OO%,,OO%,,,,,4750.0,4999.0,4800.0,4950.0,37662.0,,XXX,,OO%,,,,,12.0,2499.0,4800.0,4950.0,,,,,,,,,,,,
2025-08-12,803,4,,,,,47202.0,,OO%,,OO%,,,,,4750.0,4999.0,4800.0,4950.0,37662.0,,OXX,,OO%,,,,,3500.0,4249.0,4800.0,4950.0,,,,,,,,,,,,
2025-08-12,803,5,,,,,47202.0,,OO%,,O%X,,,,,4750.0,4999.0,3400.0,3900.0,37662.0,,OOX,,XXX,,,0.0,,4500.0,4749.0,0.0,0.0,,,,,,,,,,,,
2025-08-13,804,1,,,,,40484.0,,OXX,,OO%,,,,,3500.0,4249.0,4800.0,4950.0,44463.0,,OOO,,OOX,,,,5000.0,5000.0,5000.0,4300.0,4600.0,,,,,,,,,,,,
2025-08-13,804,2,,,,,40484.0,,OO%,,OOO,,,5000.0,,4750.0,4999.0,5000.0,5000.0,44463.0,10000.0,OOO,,OOO,,,5000.0,5000.0,5000.0,5000.0,5000.0,5000.0,,,,,,,,,,,,
2025-08-13,804,3,,,,,40484.0,,OO%,,XXX,,,0.0,,4750.0,4999.0,0.0,0.0,44463.0,,OO%,,OOX,,,,,4750.0,4999.0,4300.0,4600.0,,,,,,,,,,,,
2025-08-13,804,4,,,,,40484.0,,OOO,,OXX,,,,5000.0,5000.0,5000.0,2000.0,2500.0,44463.0,,OOO,,OXX,,,,5000.0,5000.0,5000.0,2000.0,2500.0,,,,,,,,,,,,
2025-08-13,804,5,,,,,40484.0,,OOX,,OOO,,,5000.0,,4500.0,4749.0,5000.0,5000.0,44463.0,,O%X,,OOX,,,,,4250.0,4499.0,4300.0,4600.0,,,,,,,,,,,,
2025-08-14,805,1,,,,,31547.0,,O%X,,OXX,,,,,4250.0,4499.0,2000.0,2500.0,33849.0,,O%X,,XXX,,,0.0,,4250.0,4499.0,0.0,0.0,,,,,,,,,,,,
2025-08-14,805,2,,,,,31547.0,,OO%,,O%X,,,,,4750.0,4999.0,3400.0,3900.0,33849.0,,OXX,,OOX,,,,,3500.0,4249.0,4300.0,4600.0,,,,,,,,,,,,
2025-08-14,805,3,,,,,31547.0,,OO%,,OXX,,,,,4750.0,4999.0,2000.0,2500.0,33849.0,,OXX,,OO%,,,,,3500.0,4249.0,4800.0,4950.0,,,,,,,,,,,,
2025-08-14,805,4,,,,,31547.0,,OO%,,%XX,,,1000.0,,4750.0,4999.0,1000.0,1000.0,33849.0,,OO%,,OOX,,,,,4750.0,4999.0,4300.0,4600.0,,,,,,,,,,,,
2025-08-14,805,5,,,,,31547.0,,XXX,,O%X,,,,,12.0,2499.0,3400.0,3900.0,33849.0,,XXX,,OXX,,,,,12.0,2499.0,2000.0,2500.0,,,,,,,,,,,,
2025-08-15,806,1,,,,,45451.0,,OO%,,OOX,,,,,4750.0,4999.0,4300.0,4600.0,38448.0,,OO%,,OOX,,,,,4750.0,4999.0,4300.0,4600.0,,,,,,,,,,,,
2025-08-15,806,2,,,,,45451.0,,OO%,,OO%,,,,,4750.0,4999.0,4800.0,4950.0,38448.0,,OO%,,OXX,,,,,4750.0,4999.0,2000.0,2500.0,,,,,,,,,,,,
2025-08-15,806,3,,,,,45451.0,,OO%,,OXX,,,,,4750.0,4999.0,2000.0,2500.0,38448.0,,OO%,,OXX,,,,,4750.0,4999.0,2000.0,2500.0,,,,,,,,,,,,
2025-08-15,806,4,,,,,45451.0,,OO%,,OO%,,,,,4750.0,4999.0,4800.0,4950.0,38448.0,,OO%,,OXX,,,,,4750.0,4999.0,2000.0,2500.0,,,,,,,,,,,,
2025-08-15,806,5,,,,,45451.0,,OO%,,OOX,,,,,4750.0,4999.0,4300.0,4600.0,38448.0,,OOO,,OXX,,,,5000.0,5000.0,5000.0,2000.0,2500.0,,,,,,,,,,,,
2025-08-18,809,1,,,,,40676.0,9840.0,,15000.0,OOO,0.0,,5000.0,4840.0,4840.0,4840.0,5000.0,5000.0,39736.0,9087.0,,413400.0,OOO,0.0,,5000.0,4086.6,4086.6,4086.6,5000.0,5000.0,,,,,,,,,,,,
2025-08-18,809,2,,,,,40676.0,6874.0,,6400.0,OXX,15.0,,2000.0,4874.4,4874.4,4874.4,2000.0,2000.0,39736.0,4876.0,,6000.0,XXX,21.0,,0.0,4876.0,4876.0,4876.0,0.0,0.0,,,,,,,,,,,,
2025-08-18,809,3,,,,,40676.0,9189.0,,260600.00000000003,OO%,1.0,,4950.0,4239.4,4239.4,4239.4,4950.0,4950.0,39736.0,9989.0,,550.0,OOO,0.0,,5000.0,4989.0,4989.0,4989.0,5000.0,5000.0,,,,,,,,,,,,
2025-08-18,809,4,,,,,40676.0,9817.0,,8200.0,OO%,1.0,,4950.0,4867.2,4867.2,4867.2,4950.0,4950.0,39736.0,9784.0,,822.8,OO%,2.0,,4800.0,4983.544,4983.544,4983.544,4800.0,4800.0,,,,,,,,,,,,
2025-08-18,809,5,,,,,40676.0,4956.0,,1500.0,XXX,38.0,,0.0,4956.0,4956.0,4956.0,0.0,0.0,39736.0,6000.0,,7.1,%XX,16.0,,1000.0,5000.0,5000.0,5000.0,1000.0,1000.0,,,,,,,,,,,,
2025-08-19,810,1,,,,,33625.0,,OO%,,OOO,,,5000.0,,4750.0,4999.0,5000.0,5000.0,36696.0,,OO%,,OXX,,,,,4750.0,4999.0,2000.0,2500.0,,,,,,,,,,,,
2025-08-19,810,2,,,,,33625.0,,O%X,,OXX,,,,,4250.0,4499.0,2000.0,2500.0,36696.0,,%XX,,OO%,,,,,2500.0,3499.0,4800.0,4950.0,,,,,,,,,,,,
2025-08-19,810,3,,,,,33625.0,,OO%,,XXX,,,0.0,,4750.0,4999.0,0.0,0.0,36696.0,,OO%,,OXX,,,,,4750.0,4999.0,2000.0,2500.0,,,,,,,,,,,,
2025-08-19,810,4,,,,,33625.0,,XXX,,OOO,,,5000.0,,12.0,2499.0,5000.0,5000.0,36696.0,,OO%,,OXX,,,,,4750.0,4999.0,2000.0,2500.0,,,,,,,,,,,,
2025-08-19,810,5,,,,,33625.0,,XXX,,OO%,,,,,12.0,2499.0,4800.0,4950.0,36696.0,,%XX,,OOX,,,,,2500.0,3499.0,4300.0,4600.0,,,,,,,,,,,,
2025-08-20,811,1,,,,,45178.0,,OO%,,OOX,,,,,4750.0,4999.0,4300.0,4600.0,36938.0,,OO%,,XXX,,,0.0,,4750.0,4999.0,0.0,0.0,,,,,,,,,,,,
2025-08-20,811,2,,,,,45178.0,,OO%,,OO%,,,,,4750.0,4999.0,4800.0,4950.0,36938.0,,OO%,,OXX,,,,,4750.0,4999.0,2000.0,2500.0,,,,,,,,,,,,
2025-08-20,811,3,,,,,45178.0,,OO%,,OXX,,,,,4750.0,4999.0,2000.0,2500.0,36938.0,,OO%,,OOX,,,,,4750.0,4999.0,4300.0,4600.0,,,,,,,,,,,,
2025-08-20,811,4,,,,,45178.0,,OXX,,OOX,,,,,3500.0,4249.0,4300.0,4600.0,36938.0,,O%X,,O%X,,,,,4250.0,4499.0,3400.0,3900.0,,,,,,,,,,,,
2025-08-20,811,5,,,,,45178.0,,OOO,,OO%,,,,5000.0,5000.0,5000.0,4800.0,4950.0,36938.0,,OOO,,OXX,,,,5000.0,5000.0,5000.0,2000.0,2500.0,,,,,,,,,,,,
2025-08-26,817,1,,,,,40396.0,,OO%,,OO%,,,,,4750.0,4999.0,4800.0,4950.0,41463.0,,OO%,,OOX,,,,,4750.0,4999.0,4300.0,4600.0,,,,,,,,,,,,
2025-08-26,817,2,,,,,40396.0,,OXX,,XXX,,,0.0,,3500.0,4249.0,0.0,0.0,41463.0,,OXX,,OO%,,,,,3500.0,4249.0,4800.0,4950.0,,,,,,,,,,,,
2025-08-26,817,3,,,,,40396.0,,OO%,,OOO,,,5000.0,,4750.0,4999.0,5000.0,5000.0,41463.0,,%XX,,OOO,,,5000.0,,2500.0,3499.0,5000.0,5000.0,,,,,,,,,,,,
2025-08-26,817,4,,,,,40396.0,,O%X,,O%X,,,,,4250.0,4499.0,3400.0,3900.0,41463.0,,O%X,,O%X,,,,,4250.0,4499.0,3400.0,3900.0,,,,,,,,,,,,
2025-08-26,817,5,,,,,40396.0,,OOO,,O%X,,,,5000.0,5000.0,5000.0,3400.0,3900.0,41463.0,,OOO,,OXX,,,,5000.0,5000.0,5000.0,2000.0,2500.0,,,,,,,,,,,,
2025-08-27,818,1,,,,,45153.0,,OO%,,OOO,,,5000.0,,4750.0,4999.0,5000.0,5000.0,38707.0,,OO%,,OO%,,,,,4750.0,4999.0,4800.0,4950.0,,,,,,,,,,,,
2025-08-27,818,2,,,,,45153.0,,OO%,,O%X,,,,,4750.0,4999.0,3400.0,3900.0,38707.0,,OO%,,O%X,,,,,4750.0,4999.0,3400.0,3900.0,,,,,,,,,,,,
2025-08-27,818,3,,,,,45153.0,,OO%,,OOX,,,,,4750.0,4999.0,4300.0,4600.0,38707.0,,O%X,,OXX,,,,,4250.0,4499.0,2000.0,2500.0,,,,,,,,,,,,
2025-08-27,818,4,,,,,45153.0,,OXX,,OOX,,,,,3500.0,4249.0,4300.0,4600.0,38707.0,,OO%,,OXX,,,,,4750.0,4999.0,2000.0,2500.0,,,,,,,,,,,,
2025-08-27,818,5,,,,,45153.0,,O%X,,O%X,,,,,4250.0,4499.0,3400.0,3900.0,38707.0,,XXX,,OOX,,,,,12.0,2499.0,4300.0,4600.0,,,,,,,,,,,,
2025-08-28,819,1,,,,,34499.0,,O%X,,OXX,,,,,4250.0,4499.0,2000.0,2500.0,29002.0,,XXX,,O%X,,,,,12.0,2499.0,3400.0,3900.0,,,,,,,,,,,,
2025-08-28,819,2,,,,,34499.0,,OO%,,OO%,,,,,4750.0,4999.0,4800.0,4950.0,29002.0,,OO%,,OO%,,,,,4750.0,4999.0,4800.0,4950.0,,,,,,,,,,,,
2025-08-28,819,3,,,,,34499.0,,OO%,,OO%,,,,,4750.0,4999.0,4800.0,4950.0,29002.0,,XXX,,OXX,,,,,12.0,2499.0,2000.0,2500.0,,,,,,,,,,,,
2025-08-28,819,4,,,,,34499.0,,XXX,,OXX,,,,,12.0,2499.0,2000.0,2500.0,29002.0,,XXX,,OXX,,,,,12.0,2499.0,2000.0,2500.0,,,,,,,,,,,,
2025-08-28,819,5,,,,,34499.0,,OXX,,XXX,,,0.0,,3500.0,4249.0,0.0,0.0,29002.0,,%XX,,OOX,,,,,2500.0,3499.0,4300.0,4600.0,,,,,,,,,,,,
2025-08-29,820,1,,,,,41071.0,,OO%,,OOO,,,5000.0,,4750.0,4999.0,5000.0,5000.0,45579.0,,OO%,,OOO,,,5000.0,,4750.0,4999.0,5000.0,5000.0,,,,,,,,,,,,
2025-08-29,820,2,,,,,41071.0,,OO%,,OO%,,,,,4750.0,4999.0,4800.0,4950.0,45579.0,,OO%,,OO%,,,,,4750.0,4999.0,4800.0,4950.0,,,,,,,,,,,,
2025-08-29,820,3,,,,,41071.0,,OO%,,OXX,,,,,4750.0,4999.0,2000.0,2500.0,45579.0,,OO%,,O%X,,,,,4750.0,4999.0,3400.0,3900.0,,,,,,,,,,,,
2025-08-29,820,4,,,,,41071.0,,O%X,,OXX,,,,,4250.0,4499.0,2000.0,2500.0,45579.0,,O%X,,OO%,,,,,4250.0,4499.0,4800.0,4950.0,,,,,,,,,,,,
2025-08-29,820,5,,,,,41071.0,,OOO,,OXX,,,,5000.0,5000.0,5000.0,2000.0,2500.0,45579.0,,OO%,,O%X,,,,,4750.0,4999.0,3400.0,3900.0,,,,,,,,,,,,
2025-09-03,825,1,,,,,42099.0,,OO%,,O%X,,,,,4750.0,4999.0,3400.0,3900.0,42833.0,,OO%,,OOO,,,5000.0,,4750.0,4999.0,5000.0,5000.0,,,,,,,,,,,,
2025-09-03,825,2,,,,,42099.0,,OXX,,O%X,,,,,3500.0,4249.0,3400.0,3900.0,42833.0,,OO%,,OOX,,,,,4750.0,4999.0,4300.0,4600.0,,,,,,,,,,,,
2025-09-03,825,3,,,,,42099.0,,OO%,,OO%,,,,,4750.0,4999.0,4800.0,4950.0,42833.0,,OO%,,O%X,,,,,4750.0,4999.0,3400.0,3900.0,,,,,,,,,,,,
2025-09-03,825,4,,,,,42099.0,,OO%,,OXX,,,,,4750.0,4999.0,2000.0,2500.0,42833.0,,OO%,,OOX,,,,,4750.0,4999.0,4300.0,4600.0,,,,,,,,,,,,
2025-09-03,825,5,,,,,42099.0,,OO%,,O%X,,,,,4750.0,4999.0,3400.0,3900.0,42833.0,,OXX,,OXX,,,,,3500.0,4249.0,2000.0,2500.0,,,,,,,,,,,,
2025-09-04,826,1,,,,,40807.0,,OOX,,OO%,,,,,4500.0,4749.0,4800.0,4950.0,,,,,,,,,,,,,,,,,,,,,,,,,
2025-09-04,826,2,,,,,40807.0,,OXX,,O%X,,,,,3500.0,4249.0,3400.0,3900.0,,,,,,,,,,,,,,,,,,,,,,,,,
2025-09-04,826,3,,,,,40807.0,,OO%,,OOX,,,,,4750.0,4999.0,4300.0,4600.0,,,,,,,,,,,,,,,,,,,,,,,,,
2025-09-04,826,4,,,,,40807.0,,OO%,,O%X,,,,,4750.0,4999.0,3400.0,3900.0,,,,,,,,,,,,,,,,,,,,,,,,,
2025-09-04,826,5,,,,,40807.0,,OO%,,%XX,,,1000.0,,4750.0,4999.0,1000.0,1000.0,,,,,,,,,,,,,,,,,,,,,,,,,
2025-09-05,827,1,,,,,37575.0,,O%X,,OXX,,,,,4250.0,4499.0,2000.0,2500.0,33235.0,,OO%,,OXX,,,,,4750.0,4999.0,2000.0,2500.0,,,,,,,,,,,,
2025-09-05,827,2,,,,,37575.0,,OO%,,OOX,,,,,4750.0,4999.0,4300.0,4600.0,33235.0,,OO%,,OOX,,,,,4750.0,4999.0,4300.0,4600.0,,,,,,,,,,,,
2025-09-05,827,3,,,,,37575.0,,%XX,,OOO,,,5000.0,,2500.0,3499.0,5000.0,5000.0,33235.0,,%XX,,O%X,,,,,2500.0,3499.0,3400.0,3900.0,,,,,,,,,,,,
2025-09-05,827,4,,,,,37575.0,,OO%,,OOX,,,,,4750.0,4999.0,4300.0,4600.0,33235.0,,XXX,,OXX,,,,,12.0,2499.0,2000.0,2500.0,,,,,,,,,,,,
2025-09-05,827,5,,,,,37575.0,,OXX,,XXX,,,0.0,,3500.0,4249.0,0.0,0.0,33235.0,,OXX,,O%X,,,,,3500.0,4249.0,3400.0,3900.0,,,,,,,,,,,,
2025-09-08,830,1,,,,,42175.0,,O%X,,OO%,,,,,4250.0,4499.0,4800.0,4950.0,25016.0,,XXX,,%XX,,,1000.0,,12.0,2499.0,1000.0,1000.0,,,,,,,,,,,,
2025-09-08,830,2,,,,,42175.0,,%XX,,O%X,,,,,2500.0,3499.0,3400.0,3900.0,25016.0,,XXX,,O%X,,,,,12.0,2499.0,3400.0,3900.0,,,,,,,,,,,,
2025-09-08,830,3,,,,,42175.0,,OO%,,OXX,,,,,4750.0,4999.0,2000.0,2500.0,25016.0,,OO%,,%XX,,,1000.0,,4750.0,4999.0,1000.0,1000.0,,,,,,,,,,,,
2025-09-08,830,4,,,,,42175.0,,OO%,,OO%,,,,,4750.0,4999.0,4800.0,4950.0,25016.0,,OO%,,O%X,,,,,4750.0,4999.0,3400.0,3900.0,,,,,,,,,,,,
2025-09-08,830,5,,,,,42175.0,,O%X,,OOO,,,5000.0,,4250.0,4499.0,5000.0,5000.0,25016.0,,OXX,,XXX,,,0.0,,3500.0,4249.0,0.0,0.0,,,,,,,,,,,,
2025-09-09,831,1,,,,,39206.0,,OXX,,OO%,,,,,3500.0,4249.0,4800.0,4950.0,,,,,,,,,,,,,,,,,,,,,,,,,
2025-09-09,831,2,,,,,39206.0,,OO%,,OXX,,,,,4750.0,4999.0,2000.0,2500.0,,,,,,,,,,,,,,,,,,,,,,,,,
2025-09-09,831,3,,,,,39206.0,,OO%,,O%X,,,,,4750.0,4999.0,3400.0,3900.0,,,,,,,,,,,,,,,,,,,,,,,,,
2025-09-09,831,4,,,,,39206.0,,XXX,,OO%,,,,,12.0,2499.0,4800.0,4950.0,,,,,,,,,,,,,,,,,,,,,,,,,
2025-09-09,831,5,,,,,39206.0,,OO%,,OOO,,,5000.0,,4750.0,4999.0,5000.0,5000.0,,,,,,,,,,,,,,,,,,,,,,,,,
2025-09-10,832,1,,,,,36536.0,,OO%,,OXX,,,,,4750.0,4999.0,2000.0,2500.0,39192.0,,OO%,,OO%,,,,,4750.0,4999.0,4800.0,4950.0,,,,,,,,,,,,
2025-09-10,832,2,,,,,36536.0,,%XX,,OOO,,,5000.0,,2500.0,3499.0,5000.0,5000.0,39192.0,,OO%,,OOO,,,5000.0,,4750.0,4999.0,5000.0,5000.0,,,,,,,,,,,,
2025-09-10,832,3,,,,,36536.0,,OXX,,O%X,,,,,3500.0,4249.0,3400.0,3900.0,39192.0,,OXX,,XXX,,,0.0,,3500.0,4249.0,0.0,0.0,,,,,,,,,,,,
2025-09-10,832,4,,,,,36536.0,,OXX,,OXX,,,,,3500.0,4249.0,2000.0,2500.0,39192.0,,O%X,,%XX,,,1000.0,,4250.0,4499.0,1000.0,1000.0,,,,,,,,,,,,
2025-09-10,832,5,,,,,36536.0,,OOO,,O%X,,,,5000.0,5000.0,5000.0,3400.0,3900.0,39192.0,,OO%,,OO%,,,,,4750.0,4999.0,4800.0,4950.0,,,,,,,,,,,,
2025-09-11,833,1,,,,,43049.0,,OO%,,OOO,,,5000.0,,4750.0,4999.0,5000.0,5000.0,,,,,,,,,,,,,,,,,,,,,,,,,
2025-09-11,833,2,,,,,43049.0,,OO%,,O%X,,,,,4750.0,4999.0,3400.0,3900.0,,,,,,,,,,,,,,,,,,,,,,,,,
2025-09-11,833,3,,,,,43049.0,,OOO,,O%X,,,,5000.0,5000.0,5000.0,3400.0,3900.0,,,,,,,,,,,,,,,,,,,,,,,,,
2025-09-11,833,4,,,,,43049.0,,OO%,,OXX,,,,,4750.0,4999.0,2000.0,2500.0,,,,,,,,,,,,,,,,,,,,,,,,,
2025-09-11,833,5,,,,,43049.0,,OO%,,O%X,,,,,4750.0,4999.0,3400.0,3900.0,,,,,,,,,,,,,,,,,,,,,,,,,
2025-09-12,834,1,,,,,35407.0,,OOO,,OXX,,,,5000.0,5000.0,5000.0,2000.0,2500.0,37892.0,,OO%,,OXX,,,,,4750.0,4999.0,2000.0,2500.0,,,,,,,,,,,,
2025-09-12,834,2,,,,,35407.0,,OO%,,O%X,,,,,4750.0,4999.0,3400.0,3900.0,37892.0,,%XX,,OOX,,,,,2500.0,3499.0,4300.0,4600.0,,,,,,,,,,,,
2025-09-12,834,3,,,,,35407.0,,OO%,,%XX,,,1000.0,,4750.0,4999.0,1000.0,1000.0,37892.0,,OO%,,O%X,,,,,4750.0,4999.0,3400.0,3900.0,,,,,,,,,,,,
2025-09-12,834,4,,,,,35407.0,,OO%,,OXX,,,,,4750.0,4999.0,2000.0,2500.0,37892.0,,OO%,,O%X,,,,,4750.0,4999.0,3400.0,3900.0,,,,,,,,,,,,
2025-09-12,834,5,,,,,35407.0,,OOX,,OXX,,,,,4500.0,4749.0,2000.0,2500.0,37892.0,,OXX,,OXX,,,,,3500.0,4249.0,2000.0,2500.0,,,,,,,,,,,,
2025-09-15,837,1,,,,,45488.0,,OO%,,OO%,,,,,4750.0,4999.0,4800.0,4950.0,44976.0,,OO%,,OO%,,,,,4750.0,4999.0,4800.0,4950.0,,,,,,,,,,,,
2025-09-15,837,2,,,,,45488.0,,O%X,,OXX,,,,,4250.0,4499.0,2000.0,2500.0,44976.0,,O%X,,OXX,,,,,4250.0,4499.0,2000.0,2500.0,,,,,,,,,,,,
2025-09-15,837,3,,,,,45488.0,,OO%,,OO%,,,,,4750.0,4999.0,4800.0,4950.0,44976.0,,OO%,,OO%,,,,,4750.0,4999.0,4800.0,4950.0,,,,,,,,,,,,
2025-09-15,837,4,,,,,45488.0,,O%X,,OOO,,,5000.0,,4250.0,4499.0,5000.0,5000.0,44976.0,,OXX,,OO%,,,,,3500.0,4249.0,4800.0,4950.0,,,,,,,,,,,,
2025-09-15,837,5,,,,,45488.0,,OO%,,OO%,,,,,4750.0,4999.0,4800.0,4950.0,44976.0,,OO%,,OO%,,,,,4750.0,4999.0,4800.0,4950.0,,,,,,,,,,,,
2025-09-16,838,1,,,,,47263.0,,OO%,,OOO,,,5000.0,,4750.0,4999.0,5000.0,5000.0,37010.0,,OO%,,OOO,,,5000.0,,4750.0,4999.0,5000.0,5000.0,,,,,,,,,,,,
2025-09-16,838,2,,,,,47263.0,,OO%,,O%X,,,,,4750.0,4999.0,3400.0,3900.0,37010.0,,OO%,,OXX,,,,,4750.0,4999.0,2000.0,2500.0,,,,,,,,,,,,
2025-09-16,838,3,,,,,47263.0,10000.0,OOO,,OOO,,,5000.0,5000.0,5000.0,5000.0,5000.0,5000.0,37010.0,,XXX,,OOX,,,,,12.0,2499.0,4300.0,4600.0,,,,,,,,,,,,
2025-09-16,838,4,,,,,47263.0,,OO%,,O%X,,,,,4750.0,4999.0,3400.0,3900.0,37010.0,,OO%,,OXX,,,,,4750.0,4999.0,2000.0,2500.0,,,,,,,,,,,,
2025-09-16,838,5,,,,,47263.0,,OO%,,OOX,,,,,4750.0,4999.0,4300.0,4600.0,37010.0,,OO%,,OXX,,,,,4750.0,4999.0,2000.0,2500.0,,,,,,,,,,,,
2025-09-17,839,1,,,,,39046.0,,OO%,,OOO,,,5000.0,,4750.0,4999.0,5000.0,5000.0,40822.0,,OO%,,O%X,,,,,4750.0,4999.0,3400.0,3900.0,,,,,,,,,,,,
2025-09-17,839,2,,,,,39046.0,,O%X,,%XX,,,1000.0,,4250.0,4499.0,1000.0,1000.0,40822.0,,O%X,,O%X,,,,,4250.0,4499.0,3400.0,3900.0,,,,,,,,,,,,
2025-09-17,839,3,,,,,39046.0,,OO%,,OXX,,,,,4750.0,4999.0,2000.0,2500.0,40822.0,,OO%,,OXX,,,,,4750.0,4999.0,2000.0,2500.0,,,,,,,,,,,,
2025-09-17,839,4,,,,,39046.0,,OXX,,OXX,,,,,3500.0,4249.0,2000.0,2500.0,40822.0,,OO%,,OXX,,,,,4750.0,4999.0,2000.0,2500.0,,,,,,,,,,,,
2025-09-17,839,5,,,,,39046.0,,OO%,,OOO,,,5000.0,,4750.0,4999.0,5000.0,5000.0,40822.0,,OO%,,OOX,,,,,4750.0,4999.0,4300.0,4600.0,,,,,,,,,,,,
2025-09-18,840,1,,,,,43535.0,,OO%,,OOO,,,5000.0,,4750.0,4999.0,5000.0,5000.0,,,,,,,,,,,,,,,,,,,,,,,,,
2025-09-18,840,2,,,,,43535.0,,XXX,,OO%,,,,,12.0,2499.0,4800.0,4950.0,,,,,,,,,,,,,,,,,,,,,,,,,
2025-09-18,840,3,,,,,43535.0,,OO%,,OO%,,,,,4750.0,4999.0,4800.0,4950.0,,,,,,,,,,,,,,,,,,,,,,,,,
2025-09-18,840,4,,,,,43535.0,,OOX,,OOX,,,,,4500.0,4749.0,4300.0,4600.0,,,,,,,,,,,,,,,,,,,,,,,,,
2025-09-18,840,5,,,,,43535.0,,OXX,,O%X,,,,,3500.0,4249.0,3400.0,3900.0,,,,,,,,,,,,,,,,,,,,,,,,,
2025-09-19,841,1,,,,,46562.0,,OO%,,OOO,,,5000.0,,4750.0,4999.0,5000.0,5000.0,40955.0,10000.0,OOO,,OOO,,,5000.0,5000.0,5000.0,5000.0,5000.0,5000.0,,,,,,,,,,,,
2025-09-19,841,2,,,,,46562.0,,OO%,,O%X,,,,,4750.0,4999.0,3400.0,3900.0,40955.0,,OO%,,OXX,,,,,4750.0,4999.0,2000.0,2500.0,,,,,,,,,,,,
2025-09-19,841,3,,,,,46562.0,,OOO,,O%X,,,,5000.0,5000.0,5000.0,3400.0,3900.0,40955.0,,OO%,,OO%,,,,,4750.0,4999.0,4800.0,4950.0,,,,,,,,,,,,
2025-09-19,841,4,,,,,46562.0,,OO%,,OO%,,,,,4750.0,4999.0,4800.0,4950.0,40955.0,,OO%,,XXX,,,0.0,,4750.0,4999.0,0.0,0.0,,,,,,,,,,,,
2025-09-19,841,5,,,,,46562.0,,OO%,,OOO,,,5000.0,,4750.0,4999.0,5000.0,5000.0,40955.0,,OXX,,OOO,,,5000.0,,3500.0,4249.0,5000.0,5000.0,,,,,,,,,,,,
2025-09-22,844,1,,,,,42277.0,,OO%,,OOO,,,5000.0,,4750.0,4999.0,5000.0,5000.0,47145.0,,OO%,,OOO,,,5000.0,,4750.0,4999.0,5000.0,5000.0,,,,,,,,,,,,
2025-09-22,844,2,,,,,42277.0,,XXX,,O%X,,,,,12.0,2499.0,3400.0,3900.0,47145.0,,OO%,,OOX,,,,,4750.0,4999.0,4300.0,4600.0,,,,,,,,,,,,
2025-09-22,844,3,,,,,42277.0,,OO%,,OOX,,,,,4750.0,4999.0,4300.0,4600.0,47145.0,,OO%,,OOX,,,,,4750.0,4999.0,4300.0,4600.0,,,,,,,,,,,,
2025-09-22,844,4,,,,,42277.0,,OO%,,OOO,,,5000.0,,4750.0,4999.0,5000.0,5000.0,47145.0,,OO%,,O%X,,,,,4750.0,4999.0,3400.0,3900.0,,,,,,,,,,,,
2025-09-22,844,5,,,,,42277.0,,OO%,,OOX,,,,,4750.0,4999.0,4300.0,4600.0,47145.0,,OO%,,OOX,,,,,4750.0,4999.0,4300.0,4600.0,,,,,,,,,,,,
2025-09-24,846,1,,,,,,,,,,,,,,,,,,39400.0,,O%X,,OOO,,,5000.0,,4250.0,4499.0,5000.0,5000.0,,,,,,,,,,,,
2025-09-24,846,2,,,,,,,,,,,,,,,,,,39400.0,,OO%,,OOX,,,,,4750.0,4999.0,4300.0,4600.0,,,,,,,,,,,,
2025-09-24,846,3,,,,,,,,,,,,,,,,,,39400.0,,%XX,,OXX,,,,,2500.0,3499.0,2000.0,2500.0,,,,,,,,,,,,
2025-09-24,846,4,,,,,,,,,,,,,,,,,,39400.0,,OO%,,OXX,,,,,4750.0,4999.0,2000.0,2500.0,,,,,,,,,,,,
2025-09-24,846,5,,,,,,,,,,,,,,,,,,39400.0,,OOO,,O%X,,,,5000.0,5000.0,5000.0,3400.0,3900.0,,,,,,,,,,,,
2025-09-25,847,1,,,,,41217.0,,OO%,,OXX,,,,,4750.0,4999.0,2000.0,2500.0,41148.0,,OO%,,OO%,,,,,4750.0,4999.0,4800.0,4950.0,,,,,,,,,,,,
2025-09-25,847,2,,,,,41217.0,,O%X,,OXX,,,,,4250.0,4499.0,2000.0,2500.0,41148.0,,OXX,,OXX,,,,,3500.0,4249.0,2000.0,2500.0,,,,,,,,,,,,
2025-09-25,847,3,,,,,41217.0,,OXX,,OOX,,,,,3500.0,4249.0,4300.0,4600.0,41148.0,,OO%,,OOO,,,5000.0,,4750.0,4999.0,5000.0,5000.0,,,,,,,,,,,,
2025-09-25,847,4,,,,,41217.0,,OO%,,OOX,,,,,4750.0,4999.0,4300.0,4600.0,41148.0,,XXX,,O%X,,,,,12.0,2499.0,3400.0,3900.0,,,,,,,,,,,,
2025-09-25,847,5,,,,,41217.0,,OO%,,OO%,,,,,4750.0,4999.0,4800.0,4950.0,41148.0,,OOX,,OO%,,,,,4500.0,4749.0,4800.0,4950.0,,,,,,,,,,,,
2025-09-26,848,1,,,,,,,,,,,,,,,,,,36690.0,,OO%,,XXX,,,0.0,,4750.0,4999.0,0.0,0.0,,,,,,,,,,,,
2025-09-26,848,2,,,,,,,,,,,,,,,,,,36690.0,,OO%,,OOO,,,5000.0,,4750.0,4999.0,5000.0,5000.0,,,,,,,,,,,,
2025-09-26,848,3,,,,,,,,,,,,,,,,,,36690.0,,OO%,,OXX,,,,,4750.0,4999.0,2000.0,2500.0,,,,,,,,,,,,
2025-09-26,848,4,,,,,,,,,,,,,,,,,,36690.0,,OO%,,%XX,,,1000.0,,4750.0,4999.0,1000.0,1000.0,,,,,,,,,,,,
2025-09-26,848,5,,,,,,,,,,,,,,,,,,36690.0,,OXX,,OO%,,,,,3500.0,4249.0,4800.0,4950.0,,,,,,,,,,,,
2025-10-02,854,1,,,,,34412.0,,XXX,,OXX,,,,,12.0,2499.0,2000.0,2500.0,22298.0,,XXX,,OXX,,,,,12.0,2499.0,2000.0,2500.0,,,,,,,,,,,,
2025-10-02,854,2,,,,,34412.0,,OO%,,OXX,,,,,4750.0,4999.0,2000.0,2500.0,22298.0,,OO%,,%XX,,,1000.0,,4750.0,4999.0,1000.0,1000.0,,,,,,,,,,,,
2025-10-02,854,3,,,,,34412.0,,OO%,,OXX,,,,,4750.0,4999.0,2000.0,2500.0,22298.0,,OXX,,OXX,,,,,3500.0,4249.0,2000.0,2500.0,,,,,,,,,,,,
2025-10-02,854,4,,,,,34412.0,,O%X,,OXX,,,,,4250.0,4499.0,2000.0,2500.0,22298.0,,XXX,,%XX,,,1000.0,,12.0,2499.0,1000.0,1000.0,,,,,,,,,,,,
2025-10-02,854,5,,,,,34412.0,,OOO,,OOX,,,,5000.0,5000.0,5000.0,4300.0,4600.0,22298.0,,OOO,,OXX,,,,5000.0,5000.0,5000.0,2000.0,2500.0,,,,,,,,,,,,
2025-10-03,855,1,,,,,43135.0,,OO%,,OO%,,,,,4750.0,4999.0,4800.0,4950.0,38666.0,,OOO,,OOX,,,,5000.0,5000.0,5000.0,4300.0,4600.0,,,,,,,,,,,,
2025-10-03,855,2,,,,,43135.0,,OO%,,OXX,,,,,4750.0,4999.0,2000.0,2500.0,38666.0,,OO%,,O%X,,,,,4750.0,4999.0,3400.0,3900.0,,,,,,,,,,,,
2025-10-03,855,3,,,,,43135.0,,OXX,,OOO,,,5000.0,,3500.0,4249.0,5000.0,5000.0,38666.0,,OXX,,OOO,,,5000.0,,3500.0,4249.0,5000.0,5000.0,,,,,,,,,,,,
2025-10-03,855,4,,,,,43135.0,,OXX,,O%X,,,,,3500.0,4249.0,3400.0,3900.0,38666.0,,OXX,,OXX,,,,,3500.0,4249.0,2000.0,2500.0,,,,,,,,,,,,
2025-10-03,855,5,,,,,43135.0,,OO%,,OO%,,,,,4750.0,4999.0,4800.0,4950.0,38666.0,,XXX,,OOX,,,,,12.0,2499.0,4300.0,4600.0,,,,,,,,,,,,
2025-10-06,858,1,,,,,42348.0,,OXX,,OOO,,,5000.0,,3500.0,4249.0,5000.0,5000.0,,,,,,,,,,,,,,,,,,,,,,,,,
2025-10-06,858,2,,,,,42348.0,,OO%,,XXX,,,0.0,,4750.0,4999.0,0.0,0.0,,,,,,,,,,,,,,,,,,,,,,,,,
2025-10-06,858,3,,,,,42348.0,,OO%,,OOO,,,5000.0,,4750.0,4999.0,5000.0,5000.0,,,,,,,,,,,,,,,,,,,,,,,,,
2025-10-06,858,4,,,,,42348.0,,OO%,,OO%,,,,,4750.0,4999.0,4800.0,4950.0,,,,,,,,,,,,,,,,,,,,,,,,,
2025-10-06,858,5,,,,,42348.0,,OXX,,OO%,,,,,3500.0,4249.0,4800.0,4950.0,,,,,,,,,,,,,,,,,,,,,,,,,
2025-10-07,859,1,,,,,44315.0,10000.0,OOO,,OOO,,,5000.0,5000.0,5000.0,5000.0,5000.0,5000.0,37360.0,10000.0,OOO,,OOO,,,5000.0,5000.0,5000.0,5000.0,5000.0,5000.0,,,,,,,,,,,,
2025-10-07,859,2,,,,,44315.0,,OO%,,OOX,,,,,4750.0,4999.0,4300.0,4600.0,37360.0,,OO%,,OOX,,,,,4750.0,4999.0,4300.0,4600.0,,,,,,,,,,,,
2025-10-07,859,3,,,,,44315.0,,OXX,,OOO,,,5000.0,,3500.0,4249.0,5000.0,5000.0,37360.0,,OXX,,OXX,,,,,3500.0,4249.0,2000.0,2500.0,,,,,,,,,,,,
2025-10-07,859,4,,,,,44315.0,,OO%,,OXX,,,,,4750.0,4999.0,2000.0,2500.0,37360.0,,OO%,,XXX,,,0.0,,4750.0,4999.0,0.0,0.0,,,,,,,,,,,,
2025-10-07,859,5,,,,,44315.0,,O%X,,OO%,,,,,4250.0,4499.0,4800.0,4950.0,37360.0,,O%X,,OXX,,,,,4250.0,4499.0,2000.0,2500.0,,,,,,,,,,,,
2025-10-08,860,1,,,,,39753.0,,OO%,,OXX,,,,,4750.0,4999.0,2000.0,2500.0,37859.0,,OO%,,OXX,,,,,4750.0,4999.0,2000.0,2500.0,,,,,,,,,,,,
2025-10-08,860,2,,,,,39753.0,,XXX,,OOO,,,5000.0,,12.0,2499.0,5000.0,5000.0,37859.0,,XXX,,OO%,,,,,12.0,2499.0,4800.0,4950.0,,,,,,,,,,,,
2025-10-08,860,3,,,,,39753.0,,OO%,,OO%,,,,,4750.0,4999.0,4800.0,4950.0,37859.0,,OO%,,OXX,,,,,4750.0,4999.0,2000.0,2500.0,,,,,,,,,,,,
2025-10-08,860,4,,,,,39753.0,,OO%,,OOO,,,5000.0,,4750.0,4999.0,5000.0,5000.0,37859.0,,OO%,,OO%,,,,,4750.0,4999.0,4800.0,4950.0,,,,,,,,,,,,
2025-10-08,860,5,,,,,39753.0,,OOX,,OXX,,,,,4500.0,4749.0,2000.0,2500.0,37859.0,,OXX,,OOX,,,,,3500.0,4249.0,4300.0,4600.0,,,,,,,,,,,,
2025-10-09,861,1,,,,,46643.0,10000.0,OOO,,OOO,,,5000.0,5000.0,5000.0,5000.0,5000.0,5000.0,37165.0,,OO%,,OXX,,,,,4750.0,4999.0,2000.0,2500.0,,,,,,,,,,,,
2025-10-09,861,2,,,,,46643.0,,OO%,,OO%,,,,,4750.0,4999.0,4800.0,4950.0,37165.0,,OXX,,OOX,,,,,3500.0,4249.0,4300.0,4600.0,,,,,,,,,,,,
2025-10-09,861,3,,,,,46643.0,,OO%,,OO%,,,,,4750.0,4999.0,4800.0,4950.0,37165.0,,OO%,,XXX,,,0.0,,4750.0,4999.0,0.0,0.0,,,,,,,,,,,,
2025-10-09,861,4,,,,,46643.0,,OO%,,OXX,,,,,4750.0,4999.0,2000.0,2500.0,37165.0,,OOO,,OOX,,,,5000.0,5000.0,5000.0,4300.0,4600.0,,,,,,,,,,,,
2025-10-09,861,5,,,,,46643.0,,O%X,,OO%,,,,,4250.0,4499.0,4800.0,4950.0,37165.0,,%XX,,OOO,,,5000.0,,2500.0,3499.0,5000.0,5000.0,,,,,,,,,,,,
2025-10-10,862,1,London,England,United Kingdom,1970.0,36512.0,8359.2,OO%,1300.0,O%X,7.0,1977.0,3400.0,4959.2,4959.2,4959.2,3400.0,3400.0,39532.0,,OO%,,OO%,,,,,4750.0,4999.0,4800.0,4950.0,,,,,,,,,,,,
2025-10-10,862,2,Helsinki,Helsinki-Uusimaa,Finland,1926.0,36512.0,8396.016,OO%,199.2,O%X,6.0,1920.0,3400.0,4996.016,4996.016,4996.016,3400.0,3400.0,39532.0,,%XX,,OXX,,,,,2500.0,3499.0,2000.0,2500.0,,,,,,,,,,,,
2025-10-10,862,3,Pyongyang,,North Korea,1994.0,36512.0,6957.6,OO%,1400.0,OXX,12.0,1982.0,2000.0,4957.6,4957.6,4957.6,2000.0,2000.0,39532.0,,OO%,,OXX,,,,,4750.0,4999.0,2000.0,2500.0,,,,,,,,,,,,
2025-10-10,862,4,Chicago,Illinois,United States,1940.0,36512.0,2926.95,%XX,1146100.0,XXX,28.0,1968.0,0.0,2926.95,2926.95,2926.95,0.0,0.0,39532.0,,OOO,,OXX,,,,5000.0,5000.0,5000.0,2000.0,2500.0,,,,,,,,,,,,
2025-10-10,862,5,Paris,Ile-de-France,France,2025.0,36512.0,9871.2,OO%,7200.0,OOO,0.0,2025.0,5000.0,4871.2,4871.2,4871.2,5000.0,5000.0,39532.0,,OO%,,OOO,,,5000.0,,4750.0,4999.0,5000.0,5000.0,,,,,,,,,,,,
2025-10-13,865,1,Zurich,Zurich,Switzerland,1953.0,44265.0,6740.4,OOX,39900.0,OXX,14.0,1967.0,2000.0,4740.4,4740.4,4740.4,2000.0,2000.0,33890.0,,OO%,,OOX,,,,,4750.0,4999.0,4300.0,4600.0,,,,,,,,,,,,
2025-10-13,865,2,Helsinki,Helsinki-Uusimaa,Finland,1926.0,44265.0,9935.2,OO%,2800.0,OOO,0.0,1926.0,5000.0,4935.2,4935.2,4935.2,5000.0,5000.0,33890.0,,OXX,,OOO,,,5000.0,,3500.0,4249.0,5000.0,5000.0,,,,,,,,,,,,
2025-10-13,865,3,St. George's,,Grenada,1983.0,44265.0,9945.396,OO%,230.2,OO%,1.0,1982.0,4950.0,4995.396,4995.396,4995.396,4950.0,4950.0,33890.0,,OO%,,OXX,,,,,4750.0,4999.0,2000.0,2500.0,,,,,,,,,,,,
2025-10-13,865,4,Baghdad,,Iraq,2017.0,44265.0,8385.887999999999,OO%,705.6,O%X,6.0,2023.0,3400.0,4985.888,4985.888,4985.888,3400.0,3400.0,33890.0,,OXX,,OO%,,,,,3500.0,4249.0,4800.0,4950.0,,,,,,,,,,,,
2025-10-13,865,5,Trinity Test Site,New Mexico,United States,1945.0,44265.0,9259.2,O%X,240800.0,OOO,0.0,1945.0,5000.0,4259.2,4259.2,4259.2,5000.0,5000.0,33890.0,,XXX,,XXX,,,0.0,,12.0,2499.0,0.0,0.0,,,,,,,,,,,,
2025-10-14,866,1,Budapest,Central Hungary,Hungary,1956.0,48153.0,9954.4,OO%,1600.0,OOO,0.0,1956.0,5000.0,4954.4,4954.4,4954.4,5000.0,5000.0,36496.0,,OO%,,OOX,,,,,4750.0,4999.0,4300.0,4600.0,,,,,,,,,,,,
2025-10-14,866,2,Sarajevo,,Bosnia and Herzegovina,1984.0,48153.0,10000.0,OOO,28.1,OOO,0.0,1984.0,5000.0,5000.0,5000.0,5000.0,5000.0,5000.0,36496.0,,OO%,,O%X,,,,,4750.0,4999.0,3400.0,3900.0,,,,,,,,,,,,
2025-10-14,866,3,Manchester,New Hampshire,United States,1918.0,48153.0,9798.838,OO%,58.1,OO%,2.0,1916.0,4800.0,4998.838,4998.838,4998.838,4800.0,4800.0,36496.0,,XXX,,OOO,,,5000.0,,12.0,2499.0,5000.0,5000.0,,,,,,,,,,,,
2025-10-14,866,4,Brisbane,Queensland,Australia,1910.0,48153.0,8893.282,OO%,335.9,O%X,5.0,1905.0,3900.0,4993.282,4993.282,4993.282,3900.0,3900.0,36496.0,,%XX,,OO%,,,,,2500.0,3499.0,4800.0,4950.0,,,,,,,,,,,,
2025-10-14,866,5,Collana,,Bolivia,2012.0,48153.0,9506.8,OOX,48300.0,OO%,2.0,2014.0,4800.0,4706.8,4706.8,4706.8,4800.0,4800.0,36496.0,,OOX,,%XX,,,1000.0,,4500.0,4749.0,1000.0,1000.0,,,,,,,,,,,,
2025-10-15,867,1,Lisbon,Lisbon,Portugal,1935.0,38244.0,9947.054,OO%,147.3,OO%,1.0,1936.0,4950.0,4997.054,4997.054,4997.054,4950.0,4950.0,42994.0,,OO%,,O%X,,,,,4750.0,4999.0,3400.0,3900.0,,,,,,,,,,,,
2025-10-15,867,2,Tokyo,Kanto,Japan,2008.0,38244.0,10000.0,OOO,46.4,OOO,0.0,2008.0,5000.0,5000.0,5000.0,5000.0,5000.0,5000.0,42994.0,,OO%,,OOO,,,5000.0,,4750.0,4999.0,5000.0,5000.0,,,,,,,,,,,,
2025-10-15,867,3,Brussels,Brussels Capital Region,Belgium,1982.0,38244.0,8362.4,OO%,1100.0,O%X,6.0,1976.0,3400.0,4962.4,4962.4,4962.4,3400.0,3400.0,42994.0,,OO%,,%XX,,,1000.0,,4750.0,4999.0,1000.0,1000.0,,,,,,,,,,,,
2025-10-15,867,4,New Orleans,Louisiana,United States,1943.0,38244.0,6990.588,OO%,470.6,OXX,15.0,1958.0,2000.0,4990.588,4990.588,4990.588,2000.0,2000.0,42994.0,,OO%,,O%X,,,,,4750.0,4999.0,3400.0,3900.0,,,,,,,,,,,,
2025-10-15,867,5,Mexico City,Mexico City,Mexico,1962.0,38244.0,2942.5,%XX,1115000.0,XXX,36.0,1998.0,0.0,2942.5,2942.5,2942.5,0.0,0.0,42994.0,,OO%,,OO%,,,,,4750.0,4999.0,4800.0,4950.0,,,,,,,,,,,,
2025-10-16,868,1,London,England,United Kingdom,1970.0,40986.0,9384.4,OOX,78900.0,OO%,2.0,1972.0,4800.0,4584.4,4584.4,4584.4,4800.0,4800.0,31389.0,,XXX,,XXX,,,0.0,,12.0,2499.0,0.0,0.0,,,,,,,,,,,,
2025-10-16,868,2,Katowice,Silesia,Poland,1929.0,40986.0,6201.1,OXX,298900.0,OXX,13.0,1916.0,2000.0,4201.1,4201.1,4201.1,2000.0,2000.0,31389.0,,OXX,,OXX,,,,,3500.0,4249.0,2000.0,2500.0,,,,,,,,,,,,
2025-10-16,868,3,Edmonton,Alberta,Canada,1913.0,40986.0,8400.0,OOO,14.5,O%X,6.0,1907.0,3400.0,5000.0,5000.0,5000.0,3400.0,3400.0,31389.0,,OO%,,O%X,,,,,4750.0,4999.0,3400.0,3900.0,,,,,,,,,,,,
2025-10-16,868,4,Venice,Veneto,Italy,1973.0,40986.0,7000.0,OOO,46.0,OXX,11.0,1962.0,2000.0,5000.0,5000.0,5000.0,2000.0,2000.0,31389.0,,OO%,,O%X,,,,,4750.0,4999.0,3400.0,3900.0,,,,,,,,,,,,
2025-10-16,868,5,Memphis,Tennessee,United States,2025.0,40986.0,10000.0,OOO,29.4,OOO,0.0,2025.0,5000.0,5000.0,5000.0,5000.0,5000.0,5000.0,31389.0,,%XX,,OOO,,,5000.0,,2500.0,3499.0,5000.0,5000.0,,,,,,,,,,,,
2025-10-17,869,1,Heemskerk,North Holland,Netherlands,1990.0,41478.0,4816.8,OO%,20800.0,XXX,22.0,1968.0,0.0,4816.8,4816.8,4816.8,0.0,0.0,,,,,,,,,,,,,,,,,,,,,,,,,
2025-10-17,869,2,Istanbul,Marmara,Turkiye,2005.0,41478.0,9938.33,OO%,583.5,OO%,1.0,2004.0,4950.0,4988.33,4988.33,4988.33,4950.0,4950.0,,,,,,,,,,,,,,,,,,,,,,,,,
2025-10-17,869,3,Copenhagen,Capital Region,Denmark,1953.0,41478.0,8624.4,OXX,675600.0,OO%,2.0,1955.0,4800.0,3824.4,3824.4,3824.4,4800.0,4800.0,,,,,,,,,,,,,,,,,,,,,,,,,
2025-10-17,869,4,Manila,,Philippines,1986.0,41478.0,8226.5,OXX,573500.0,OOX,4.0,1982.0,4300.0,3926.5,3926.5,3926.5,4300.0,4300.0,,,,,,,,,,,,,,,,,,,,,,,,,
2025-10-17,869,5,Chicago,Illinois,United States,1941.0,41478.0,9872.8,OO%,6800.0,OOO,0.0,1941.0,5000.0,4872.8,4872.8,4872.8,5000.0,5000.0,,,,,,,,,,,,,,,,,,,,,,,,,
2025-10-20,872,1,Vatican City,,Vatican City,1959.0,42306.0,9598.394,OO%,80.3,OOX,3.0,1962.0,4600.0,4998.394,4998.394,4998.394,4600.0,4600.0,35245.0,9556.0,OO%,1500.0,OOX,3.0,1962.0,4600.0,4956.0,4956.0,4956.0,4600.0,4600.0,,,,,,,,,,,,
2025-10-20,872,2,London,England,United Kingdom,1911.0,42306.0,9784.552,OO%,772.4,OO%,2.0,1913.0,4800.0,4984.552,4984.552,4984.552,4800.0,4800.0,35245.0,8895.08,OO%,246.0,O%X,5.0,1906.0,3900.0,4995.08,4995.08,4995.08,3900.0,3900.0,,,,,,,,,,,,
2025-10-20,872,3,Havana,,Cuba,2006.0,42306.0,5930.4,OO%,3100.0,%XX,17.0,2023.0,1000.0,4930.4,4930.4,4930.4,1000.0,1000.0,35245.0,2012.0,XXX,6411000.0,OXX,11.0,2017.0,2000.0,12.0,12.0,12.0,2000.0,2000.0,,,,,,,,,,,,
2025-10-20,872,4,Ocean City,New Jersey,United States,2017.0,42306.0,10000.0,OOO,12.2,OOO,0.0,2017.0,5000.0,5000.0,5000.0,5000.0,5000.0,5000.0,35245.0,9587.08,OO%,646.0,OOX,3.0,2014.0,4600.0,4987.08,4987.08,4987.08,4600.0,4600.0,,,,,,,,,,,,
2025-10-20,872,5,Oslo,Eastern Norway,Norway,1950.0,42306.0,6991.82,OO%,409.0,OXX,14.0,1964.0,2000.0,4991.82,4991.82,4991.82,2000.0,2000.0,35245.0,5195.0,OXX,305000.0,%XX,20.0,1930.0,1000.0,4195.0,4195.0,4195.0,1000.0,1000.0,,,,,,,,,,,,
2025-10-21,873,1,Washington DC,Washington DC,United States,1964.0,38133.0,10000.0,OOO,21.6,OOO,0.0,1964.0,5000.0,5000.0,5000.0,5000.0,5000.0,5000.0,42487.0,9950.0,OOO,17.4,OO%,1.0,1965.0,4950.0,5000.0,5000.0,5000.0,4950.0,4950.0,,,,,,,,,,,,
2025-10-21,873,2,Zagreb,,Croatia,1947.0,38133.0,4959.2,OO%,1300.0,XXX,22.0,1969.0,0.0,4959.2,4959.2,4959.2,0.0,0.0,42487.0,8400.0,OOO,25.0,O%X,6.0,1953.0,3400.0,5000.0,5000.0,5000.0,3400.0,3400.0,,,,,,,,,,,,
2025-10-21,873,3,Moscow,Central,Russia,1991.0,38133.0,7266.1,OXX,633900.0,O%X,7.0,1998.0,3400.0,3866.1,3866.1,3866.1,3400.0,3400.0,42487.0,9285.1,OO%,745.0,OOX,4.0,1995.0,4300.0,4985.1,4985.1,4985.1,4300.0,4300.0,,,,,,,,,,,,
2025-10-21,873,4,Monrovia,,Liberia,2014.0,38133.0,9995.851999999999,OO%,207.4,OOO,0.0,2014.0,5000.0,4995.852,4995.852,4995.852,5000.0,5000.0,42487.0,9940.14,OO%,493.0,OO%,1.0,2015.0,4950.0,4990.14,4990.14,4990.14,4950.0,4950.0,,,,,,,,,,,,
2025-10-21,873,5,Milan,Lombardy,Italy,1975.0,38133.0,5912.8,OO%,4200.0,%XX,17.0,1958.0,1000.0,4912.8,4912.8,4912.8,1000.0,1000.0,42487.0,4911.2,OO%,4300.0,XXX,49.0,1926.0,0.0,4911.2,4911.2,4911.2,0.0,0.0,,,,,,,,,,,,
2025-10-22,874,1,Moab,Utah,United States,2025.0,29061.0,6658.5,OXX,341500.0,OXX,10.0,2015.0,2500.0,4158.5,4158.5,4158.5,2500.0,2500.0,36435.0,7560.7,OXX,339300.0,O%X,7.0,2018.0,3400.0,4160.7,4160.7,4160.7,3400.0,3400.0,,,,,,,,,,,,
2025-10-22,874,2,Caracas,,Venezuela,1988.0,29061.0,4997.366,OO%,131.7,XXX,35.0,2023.0,0.0,4997.366,4997.366,4997.366,0.0,0.0,36435.0,8386.86,OO%,657.0,O%X,7.0,1995.0,3400.0,4986.86,4986.86,4986.86,3400.0,3400.0,,,,,,,,,,,,
2025-10-22,874,3,Barcelona,Catalonia,Spain,1957.0,29061.0,7441.6,OO%,2400.0,OXX,8.0,1965.0,2500.0,4941.6,4941.6,4941.6,2500.0,2500.0,36435.0,9557.6,OO%,1400.0,OOX,3.0,1960.0,4600.0,4957.6,4957.6,4957.6,4600.0,4600.0,,,,,,,,,,,,
2025-10-22,874,4,Baku,,Azerbaijan,2024.0,29061.0,5012.0,XXX,9363500.0,OOO,0.0,2024.0,5000.0,12.0,12.0,12.0,5000.0,5000.0,36435.0,5012.0,XXX,9682000.0,OOO,0.0,2024.0,5000.0,12.0,12.0,12.0,5000.0,5000.0,,,,,,,,,,,,
2025-10-22,874,5,Paris,Ile-de-France,France,1924.0,29061.0,4952.8,OO%,1700.0,XXX,24.0,1948.0,0.0,4952.8,4952.8,4952.8,0.0,0.0,36435.0,5917.6,OO%,3900.0,%XX,20.0,1944.0,1000.0,4917.6,4917.6,4917.6,1000.0,1000.0,,,,,,,,,,,,
2025-10-23,875,1,Zurich,Zurich,Switzerland,1962.0,41019.0,8755.3,OXX,694700.0,OO%,1.0,1963.0,4950.0,3805.3,3805.3,3805.3,4950.0,4950.0,41458.0,9989.32,OO%,534.0,OOO,0.0,1962.0,5000.0,4989.32,4989.32,4989.32,5000.0,5000.0,,,,,,,,,,,,
2025-10-23,875,2,Philadelphia,Pennsylvania,United States,1986.0,41019.0,5992.994,OO%,350.3,%XX,20.0,2006.0,1000.0,4992.994,4992.994,4992.994,1000.0,1000.0,41458.0,6868.0,O%X,132000.0,OXX,9.0,1995.0,2500.0,4368.0,4368.0,4368.0,2500.0,2500.0,,,,,,,,,,,,
2025-10-23,875,3,Jerusalem,Jerusalem,Israel,1940.0,41019.0,6877.6,OO%,5600.0,OXX,14.0,1954.0,2000.0,4877.6,4877.6,4877.6,2000.0,2000.0,41458.0,6856.0,OO%,11000.0,OXX,15.0,1955.0,2000.0,4856.0,4856.0,4856.0,2000.0,2000.0,,,,,,,,,,,,
2025-10-23,875,4,Gyor,Western Transdanubia,Hungary,1956.0,41019.0,9600.0,OOO,13.8,OOX,3.0,1953.0,4600.0,5000.0,5000.0,5000.0,4600.0,4600.0,41458.0,7793.0,O%X,107000.0,O%X,6.0,1962.0,3400.0,4393.0,4393.0,4393.0,3400.0,3400.0,,,,,,,,,,,,
2025-10-23,875,5,Tokyo,Kanto,Japan,2015.0,41019.0,9792.8,OO%,14300.0,OO%,1.0,2016.0,4950.0,4842.8,4842.8,4842.8,4950.0,4950.0,41458.0,9952.8,OO%,1700.0,OOO,0.0,2015.0,5000.0,4952.8,4952.8,4952.8,5000.0,5000.0,,,,,,,,,,,,
2025-10-24,876,1,Oklahoma City,Oklahoma,United States,1995.0,38495.0,9930.926,OO%,953.7,OO%,1.0,1994.0,4950.0,4980.926,4980.926,4980.926,4950.0,4950.0,40175.0,8388.8,OO%,560.0,O%X,7.0,1988.0,3400.0,4988.8,4988.8,4988.8,3400.0,3400.0,,,,,,,,,,,,
2025-10-24,876,2,Dublin,Leinster,Ireland,1946.0,38495.0,2451.58,XXX,5242100.0,OXX,13.0,1959.0,2000.0,451.5799999999999,451.5799999999999,451.5799999999999,2000.0,2000.0,40175.0,8336.0,OXX,464000.0,OOX,4.0,1950.0,4300.0,4036.0,4036.0,4036.0,4300.0,4300.0,,,,,,,,,,,,
2025-10-24,876,3,Dresden,Saxony,Germany,1978.0,38495.0,9334.6,O%X,165400.0,OOO,0.0,1978.0,5000.0,4334.6,4334.6,4334.6,5000.0,5000.0,40175.0,3950.0,OXX,550000.0,XXX,25.0,1953.0,0.0,3950.0,3950.0,3950.0,0.0,0.0,,,,,,,,,,,,
2025-10-24,876,4,Warsaw,Masovia,Poland,1959.0,38495.0,8385.862000000001,OO%,706.9,O%X,6.0,1965.0,3400.0,4985.862,4985.862,4985.862,3400.0,3400.0,40175.0,9912.4,OO%,1100.0,OO%,1.0,1960.0,4950.0,4962.4,4962.4,4962.4,4950.0,4950.0,,,,,,,,,,,,
2025-10-24,876,5,Thimphu,,Bhutan,2008.0,38495.0,8391.188,OO%,440.6,O%X,6.0,2002.0,3400.0,4991.188,4991.188,4991.188,3400.0,3400.0,40175.0,9591.220000000001,OO%,439.0,OOX,3.0,2005.0,4600.0,4991.22,4991.22,4991.22,4600.0,4600.0,,,,,,,,,,,,
2025-10-27,879,1,Montreal,Quebec,Canada,1967.0,39523.0,9875.2,OO%,6200.0,OOO,0.0,1967.0,5000.0,4875.2,4875.2,4875.2,5000.0,5000.0,43083.0,6823.0677,XXX,2031000.0,OOO,0.0,1967.0,5000.0,1823.0677,1823.0677,1823.0677,5000.0,5000.0,,,,,,,,,,,,
2025-10-27,879,2,Shanghai,Shanghai,China,2012.0,39523.0,8333.6,OO%,2900.0,O%X,7.0,2019.0,3400.0,4933.6,4933.6,4933.6,3400.0,3400.0,43083.0,6956.0,OO%,1500.0,OXX,12.0,2024.0,2000.0,4956.0,4956.0,4956.0,2000.0,2000.0,,,,,,,,,,,,
2025-10-27,879,3,Berlin,Berlin,Germany,1941.0,39523.0,9592.060000000001,OO%,397.0,OOX,3.0,1938.0,4600.0,4992.06,4992.06,4992.06,4600.0,4600.0,43083.0,9891.6,OO%,2400.0,OO%,1.0,1940.0,4950.0,4941.6,4941.6,4941.6,4950.0,4950.0,,,,,,,,,,,,
2025-10-27,879,4,New York,New York,United States,1911.0,39523.0,8309.6,OO%,4400.0,O%X,6.0,1905.0,3400.0,4909.6,4909.6,4909.6,3400.0,3400.0,43083.0,10000.0,OOO,37.0,OOO,0.0,1911.0,5000.0,5000.0,5000.0,5000.0,5000.0,5000.0,,,,,,,,,,,,
2025-10-27,879,5,Athens,Attica,Greece,1991.0,39523.0,3412.0,XXX,11112200.0,O%X,7.0,1984.0,3400.0,12.0,12.0,12.0,3400.0,3400.0,43083.0,9410.0,OO%,22500.0,OOX,3.0,1988.0,4600.0,4810.0,4810.0,4810.0,4600.0,4600.0,,,,,,,,,,,,
2025-10-28,880,1,Washington DC,Washington DC,United States,1945.0,36235.0,6000.0,OOO,38.1,%XX,20.0,1925.0,1000.0,5000.0,5000.0,5000.0,1000.0,1000.0,40221.0,9998.939999999999,OO%,53.0,OOO,0.0,1945.0,5000.0,4998.94,4998.94,4998.94,5000.0,5000.0,,,,,,,,,,,,
2025-10-28,880,2,Helsinki,Helsinki-Uusimaa,Finland,1950.0,36235.0,8851.2,OO%,1800.0,O%X,5.0,1955.0,3900.0,4951.2,4951.2,4951.2,3900.0,3900.0,40221.0,6105.0,OXX,395000.0,OXX,12.0,1962.0,2000.0,4105.0,4105.0,4105.0,2000.0,2000.0,,,,,,,,,,,,
2025-10-28,880,3,Abidjan,,Cote d'Ivoire,2025.0,36235.0,8268.8,OO%,7800.0,O%X,7.0,2018.0,3400.0,4868.8,4868.8,4868.8,3400.0,3400.0,40221.0,7376.0,OO%,6000.0,OXX,9.0,2016.0,2500.0,4876.0,4876.0,4876.0,2500.0,2500.0,,,,,,,,,,,,
2025-10-28,880,4,Saint Petersburg,Northwestern,Russia,1968.0,36235.0,7497.356,OO%,132.2,OXX,8.0,1976.0,2500.0,4997.356,4997.356,4997.356,2500.0,2500.0,40221.0,6951.2,OO%,1800.0,OXX,13.0,1955.0,2000.0,4951.2,4951.2,4951.2,2000.0,2000.0,,,,,,,,,,,,
2025-10-28,880,5,Dubai,,United Arab Emirates,2006.0,36235.0,5616.8,OXX,883200.0,OXX,13.0,2019.0,2000.0,3616.8,3616.8,3616.8,2000.0,2000.0,40221.0,9789.2,OO%,15200.0,OO%,1.0,2005.0,4950.0,4839.2,4839.2,4839.2,4950.0,4950.0,,,,,,,,,,,,
2025-10-29,881,1,Tokyo,Kanto,Japan,2012.0,44332.0,9582.864,OO%,856.8,OOX,3.0,2015.0,4600.0,4982.864,4982.864,4982.864,4600.0,4600.0,45010.0,9940.32,OO%,484.0,OO%,1.0,2011.0,4950.0,4990.32,4990.32,4990.32,4950.0,4950.0,,,,,,,,,,,,
2025-10-29,881,2,Jerusalem,Jerusalem,Israel,2025.0,44332.0,9944.198,OO%,290.1,OO%,1.0,2024.0,4950.0,4994.198,4994.198,4994.198,4950.0,4950.0,45010.0,9638.0,OOX,53000.0,OO%,1.0,2024.0,4950.0,4688.0,4688.0,4688.0,4950.0,4950.0,,,,,,,,,,,,
2025-10-29,881,3,Los Angeles,California,United States,1994.0,44332.0,9938.814,OO%,559.3,OO%,1.0,1993.0,4950.0,4988.814,4988.814,4988.814,4950.0,4950.0,45010.0,5994.7,OO%,265.0,%XX,19.0,1975.0,1000.0,4994.7,4994.7,4994.7,1000.0,1000.0,,,,,,,,,,,,
2025-10-29,881,4,Caracas,,Venezuela,1988.0,44332.0,7376.8,OO%,5800.0,OXX,10.0,1998.0,2500.0,4876.8,4876.8,4876.8,2500.0,2500.0,45010.0,9676.8,OO%,5800.0,OO%,2.0,1990.0,4800.0,4876.8,4876.8,4876.8,4800.0,4800.0,,,,,,,,,,,,
2025-10-29,881,5,Amsterdam,North Holland,Netherlands,1950.0,44332.0,7489.132,OO%,543.4,OXX,8.0,1958.0,2500.0,4989.132,4989.132,4989.132,2500.0,2500.0,45010.0,9760.0,OO%,35000.0,OOO,0.0,1950.0,5000.0,4760.0,4760.0,4760.0,5000.0,5000.0,,,,,,,,,,,,
2025-10-30,882,1,Chicago,Illinois,United States,1975.0,38488.0,4941.6,OO%,2400.0,XXX,47.0,1928.0,0.0,4941.6,4941.6,4941.6,0.0,0.0,40329.0,9227.2,OO%,3300.0,OOX,4.0,1971.0,4300.0,4927.2,4927.2,4927.2,4300.0,4300.0,,,,,,,,,,,,
2025-10-30,882,2,Lagos,,Nigeria,2016.0,38488.0,9676.4,OO%,5900.0,OO%,2.0,2018.0,4800.0,4876.4,4876.4,4876.4,4800.0,4800.0,40329.0,6908.0,OO%,4500.0,OXX,11.0,2005.0,2000.0,4908.0,4908.0,4908.0,2000.0,2000.0,,,,,,,,,,,,
2025-10-30,882,3,Antwerp,Flanders,Belgium,1955.0,38488.0,5998.632,OO%,68.4,%XX,19.0,1936.0,1000.0,4998.632,4998.632,4998.632,1000.0,1000.0,40329.0,9028.4,OOX,42900.0,OOX,4.0,1951.0,4300.0,4728.4,4728.4,4728.4,4300.0,4300.0,,,,,,,,,,,,
2025-10-30,882,4,Zagreb,,Croatia,1963.0,38488.0,9289.89,OO%,505.5,OOX,4.0,1967.0,4300.0,4989.89,4989.89,4989.89,4300.0,4300.0,40329.0,7484.292,OO%,785.4,OXX,9.0,1954.0,2500.0,4984.292,4984.292,4984.292,2500.0,2500.0,,,,,,,,,,,,
2025-10-30,882,5,Cork,Munster,Ireland,1920.0,38488.0,8581.5,O%X,218500.0,OOX,4.0,1924.0,4300.0,4281.5,4281.5,4281.5,4300.0,4300.0,40329.0,7680.9,O%X,219100.0,O%X,6.0,1914.0,3400.0,4280.9,4280.9,4280.9,3400.0,3400.0,,,,,,,,,,,,
2025-10-31,883,1,Los Angeles,California,United States,1938.0,46947.0,9789.64,OO%,518.0,OO%,2.0,1936.0,4800.0,4989.64,4989.64,4989.64,4800.0,4800.0,41364.0,8395.076000000001,OO%,246.2,O%X,7.0,1931.0,3400.0,4995.076,4995.076,4995.076,3400.0,3400.0,,,,,,,,,,,,
2025-10-31,883,2,Rabat,,Morocco,2024.0,46947.0,9753.6,OO%,24100.0,OO%,1.0,2023.0,4950.0,4803.6,4803.6,4803.6,4950.0,4950.0,41364.0,7997.6,OOX,75600.0,O%X,7.0,2017.0,3400.0,4597.6,4597.6,4597.6,3400.0,3400.0,,,,,,,,,,,,
2025-10-31,883,3,Krefeld,North Rhine-Westphalia,Germany,1945.0,46947.0,9117.7,OXX,382300.0,OOO,0.0,1945.0,5000.0,4117.7,4117.7,4117.7,5000.0,5000.0,41364.0,8963.1,OXX,486900.0,OO%,1.0,1944.0,4950.0,4013.1,4013.1,4013.1,4950.0,4950.0,,,,,,,,,,,,
2025-10-31,883,4,Bratislava,,Slovakia,1974.0,46947.0,9940.374,OO%,481.3,OO%,1.0,1973.0,4950.0,4990.374,4990.374,4990.374,4950.0,4950.0,41364.0,8496.2,OXX,803800.0,OO%,2.0,1976.0,4800.0,3696.2,3696.2,3696.2,4800.0,4800.0,,,,,,,,,,,,
2025-10-31,883,5,Mulhouse,Grand Est,France,1959.0,46947.0,8344.8,OO%,2200.0,O%X,6.0,1965.0,3400.0,4944.8,4944.8,4944.8,3400.0,3400.0,41364.0,7512.0,OXX,388000.0,O%X,6.0,1953.0,3400.0,4112.0,4112.0,4112.0,3400.0,3400.0,,,,,,,,,,,,
2025-11-03,886,1,Moscow,Central,Russia,1990.0,41639.0,9996.186,OO%,190.7,OOO,0.0,1990.0,5000.0,4996.186,4996.186,4996.186,5000.0,5000.0,38735.0,9959.2,OO%,1300.0,OOO,0.0,1990.0,5000.0,4959.2,4959.2,4959.2,5000.0,5000.0,,,,,,,,,,,,
2025-11-03,886,2,Berlin,Berlin,Germany,1955.0,41639.0,5866.0,OO%,8500.0,%XX,20.0,1935.0,1000.0,4866.0,4866.0,4866.0,1000.0,1000.0,38735.0,6861.6,OO%,9600.0,OXX,15.0,1940.0,2000.0,4861.6,4861.6,4861.6,2000.0,2000.0,,,,,,,,,,,,
2025-11-03,886,3,Santiago,Santiago Metropolitan,Chile,1910.0,41639.0,7444.8,OO%,2200.0,OXX,8.0,1918.0,2500.0,4944.8,4944.8,4944.8,2500.0,2500.0,38735.0,4612.0,XXX,12640000.0,OOX,3.0,1913.0,4600.0,12.0,12.0,12.0,4600.0,4600.0,,,,,,,,,,,,
2025-11-03,886,4,Lisbon,Lisbon,Portugal,1982.0,41639.0,8382.522,OO%,873.9,O%X,6.0,1988.0,3400.0,4982.522,4982.522,4982.522,3400.0,3400.0,38735.0,7305.2,OO%,23700.0,OXX,8.0,1990.0,2500.0,4805.2,4805.2,4805.2,2500.0,2500.0,,,,,,,,,,,,
2025-11-03,886,5,Indianapolis,Indiana,United States,1918.0,41639.0,9950.0,OOO,6.0,OO%,1.0,1919.0,4950.0,5000.0,5000.0,5000.0,4950.0,4950.0,38735.0,9998.082,OO%,95.9,OOO,0.0,1918.0,5000.0,4998.082,4998.082,4998.082,5000.0,5000.0,,,,,,,,,,,,
2025-11-04,887,1,Beirut,,Lebanon,2020.0,45238.0,9990.880000000001,OO%,456.0,OOO,0.0,2020.0,5000.0,4990.88,4990.88,4990.88,5000.0,5000.0,38086.0,8117.0,OXX,283000.0,O%X,5.0,2025.0,3900.0,4217.0,4217.0,4217.0,3900.0,3900.0,,,,,,,,,,,,
2025-11-04,887,2,Dublin,Leinster,Ireland,1996.0,45238.0,8380.0,OO%,1000.0,O%X,6.0,1990.0,3400.0,4980.0,4980.0,4980.0,3400.0,3400.0,38086.0,6992.56,OO%,372.0,OXX,13.0,1983.0,2000.0,4992.56,4992.56,4992.56,2000.0,2000.0,,,,,,,,,,,,
2025-11-04,887,3,Barcelona,Catalonia,Spain,1957.0,45238.0,9940.0,OO%,2500.0,OOO,0.0,1957.0,5000.0,4940.0,4940.0,4940.0,5000.0,5000.0,38086.0,8398.006000000001,OO%,99.7,O%X,7.0,1950.0,3400.0,4998.006,4998.006,4998.006,3400.0,3400.0,,,,,,,,,,,,
2025-11-04,887,4,Denver,Colorado,United States,1966.0,45238.0,9956.0,OO%,1500.0,OOO,0.0,1966.0,5000.0,4956.0,4956.0,4956.0,5000.0,5000.0,38086.0,9986.720000000001,OO%,664.0,OOO,0.0,1966.0,5000.0,4986.72,4986.72,4986.72,5000.0,5000.0,,,,,,,,,,,,
2025-11-04,887,5,Helsinki,Helsinki-Uusimaa,Finland,1936.0,45238.0,6987.858,OO%,607.1,OXX,14.0,1950.0,2000.0,4987.858,4987.858,4987.858,2000.0,2000.0,38086.0,4590.65,%XX,1818700.0,OXX,11.0,1947.0,2000.0,2590.65,2590.65,2590.65,2000.0,2000.0,,,,,,,,,,,,
2025-11-05,888,1,New York,New York,United States,2025.0,39125.0,10000.0,OOO,8.7,OOO,0.0,2025.0,5000.0,5000.0,5000.0,5000.0,5000.0,5000.0,29711.0,9997.844000000001,OO%,107.8,OOO,0.0,2025.0,5000.0,4997.844,4997.844,4997.844,5000.0,5000.0,,,,,,,,,,,,
2025-11-05,888,2,Vilnius,,Lithuania,1939.0,39125.0,4995.618,OO%,219.1,XXX,21.0,1918.0,0.0,4995.618,4995.618,4995.618,0.0,0.0,29711.0,6994.924,OO%,253.8,OXX,14.0,1925.0,2000.0,4994.924,4994.924,4994.924,2000.0,2000.0,,,,,,,,,,,,
2025-11-05,888,3,Cologne,North Rhine-Westphalia,Germany,1976.0,39125.0,8395.73,OO%,213.5,O%X,7.0,1983.0,3400.0,4995.73,4995.73,4995.73,3400.0,3400.0,29711.0,6087.3,OXX,412700.0,OXX,14.0,1962.0,2000.0,4087.3,4087.3,4087.3,2000.0,2000.0,,,,,,,,,,,,
2025-11-05,888,4,Melbourne,Victoria,Australia,1998.0,39125.0,5941.6,OO%,2400.0,%XX,16.0,1982.0,1000.0,4941.6,4941.6,4941.6,1000.0,1000.0,29711.0,3813.9,%XX,1372200.0,%XX,18.0,1980.0,1000.0,2813.9,2813.9,2813.9,1000.0,1000.0,,,,,,,,,,,,
2025-11-05,888,5,Nouakchott,,Mauritania,2016.0,39125.0,9791.1,OO%,445.0,OO%,2.0,2018.0,4800.0,4991.1,4991.1,4991.1,4800.0,4800.0,29711.0,2823.16,XXX,5884200.0,OXX,8.0,2024.0,2500.0,323.15999999999985,323.15999999999985,323.15999999999985,2500.0,2500.0,,,,,,,,,,,,
2025-11-06,889,1,Kingston,,Jamaica,2016.0,43258.0,9948.0,OO%,2000.0,OOO,0.0,2016.0,5000.0,4948.0,4948.0,4948.0,5000.0,5000.0,47279.0,9903.2,OO%,4800.0,OOO,0.0,2016.0,5000.0,4903.2,4903.2,4903.2,5000.0,5000.0,,,,,,,,,,,,
2025-11-06,889,2,Washington DC,Washington DC,United States,1911.0,43258.0,7496.496,OO%,175.2,OXX,8.0,1903.0,2500.0,4996.496,4996.496,4996.496,2500.0,2500.0,47279.0,9598.315999999999,OO%,84.2,OOX,3.0,1914.0,4600.0,4998.316,4998.316,4998.316,4600.0,4600.0,,,,,,,,,,,,
2025-11-06,889,3,Tel Aviv,Tel Aviv,Israel,1933.0,43258.0,7186.4,OOX,53400.0,OXX,10.0,1923.0,2500.0,4686.4,4686.4,4686.4,2500.0,2500.0,47279.0,9482.4,OOX,54400.0,OO%,2.0,1935.0,4800.0,4682.4,4682.4,4682.4,4800.0,4800.0,,,,,,,,,,,,
2025-11-06,889,4,Budapest,Central Hungary,Hungary,1985.0,43258.0,8832.0,OO%,3000.0,O%X,5.0,1990.0,3900.0,4932.0,4932.0,4932.0,3900.0,3900.0,47279.0,9896.4,OO%,2100.0,OO%,1.0,1986.0,4950.0,4946.4,4946.4,4946.4,4950.0,4950.0,,,,,,,,,,,,
2025-11-06,889,5,Athens,Attica,Greece,1964.0,43258.0,9797.088,OO%,145.6,OO%,2.0,1962.0,4800.0,4997.088,4997.088,4997.088,4800.0,4800.0,47279.0,8398.562,OO%,71.9,O%X,6.0,1958.0,3400.0,4998.562,4998.562,4998.562,3400.0,3400.0,,,,,,,,,,,,
2025-11-07,890,1,Memphis,Tennessee,United States,1977.0,41222.0,9169.2,OO%,7700.0,OOX,4.0,1973.0,4300.0,4869.2,4869.2,4869.2,4300.0,4300.0,39477.0,6236.0,OXX,264000.0,OXX,15.0,1962.0,2000.0,4236.0,4236.0,4236.0,2000.0,2000.0,,,,,,,,,,,,
2025-11-07,890,2,Copenhagen,Capital Region,Denmark,1923.0,41222.0,9943.676,OO%,316.2,OO%,1.0,1924.0,4950.0,4993.676,4993.676,4993.676,4950.0,4950.0,39477.0,8580.0,OXX,520000.0,OOX,3.0,1920.0,4600.0,3980.0,3980.0,3980.0,4600.0,4600.0,,,,,,,,,,,,
2025-11-07,890,3,New Delhi,Delhi,India,2008.0,41222.0,7481.348,OO%,932.6,OXX,10.0,2018.0,2500.0,4981.348,4981.348,4981.348,2500.0,2500.0,39477.0,7219.5,%XX,1161000.0,OOX,4.0,2012.0,4300.0,2919.5,2919.5,2919.5,4300.0,4300.0,,,,,,,,,,,,
2025-11-07,890,4,Belfast,Northern Ireland,United Kingdom,1912.0,41222.0,6323.3,O%X,176700.0,OXX,13.0,1925.0,2000.0,4323.3,4323.3,4323.3,2000.0,2000.0,39477.0,8623.5,O%X,176500.0,OOX,4.0,1908.0,4300.0,4323.5,4323.5,4323.5,4300.0,4300.0,,,,,,,,,,,,
2025-11-07,890,5,Paris,Ile-de-France,France,1930.0,41222.0,8304.8,OO%,4700.0,O%X,7.0,1923.0,3400.0,4904.8,4904.8,4904.8,3400.0,3400.0,39477.0,8817.6,OO%,3900.0,O%X,5.0,1925.0,3900.0,4917.6,4917.6,4917.6,3900.0,3900.0,,,,,,,,,,,,
2025-11-17,900,1,Toronto,Ontario,Canada,2022.0,46724.0,9588.086,OO%,595.7,OOX,3.0,2025.0,4600.0,4988.086,4988.086,4988.086,4600.0,4600.0,45436.0,9946.664,OO%,166.8,OO%,1.0,2023.0,4950.0,4996.664,4996.664,4996.664,4950.0,4950.0,,,,,,,,,,,,
2025-11-17,900,2,Sofia,,Bulgaria,1995.0,46724.0,9988.164,OO%,591.8,OOO,0.0,1995.0,5000.0,4988.164,4988.164,4988.164,5000.0,5000.0,45436.0,7496.814,OO%,159.3,OXX,10.0,2005.0,2500.0,4996.814,4996.814,4996.814,2500.0,2500.0,,,,,,,,,,,,
2025-11-17,900,3,Paris,Ile-de-France,France,1909.0,46724.0,7448.0,OO%,2000.0,OXX,10.0,1919.0,2500.0,4948.0,4948.0,4948.0,2500.0,2500.0,45436.0,8883.11,OO%,844.5,O%X,5.0,1914.0,3900.0,4983.11,4983.11,4983.11,3900.0,3900.0,,,,,,,,,,,,
2025-11-17,900,4,Athens,Attica,Greece,1989.0,46724.0,9894.8,OO%,2200.0,OO%,1.0,1988.0,4950.0,4944.8,4944.8,4944.8,4950.0,4950.0,45436.0,9259.2,OO%,1300.0,OOX,4.0,1985.0,4300.0,4959.2,4959.2,4959.2,4300.0,4300.0,,,,,,,,,,,,
2025-11-17,900,5,Bloomington,Indiana,United States,1911.0,46724.0,9805.2,OO%,23700.0,OOO,0.0,1911.0,5000.0,4805.2,4805.2,4805.2,5000.0,5000.0,45436.0,9850.0,OO%,12500.0,OOO,0.0,1911.0,5000.0,4850.0,4850.0,4850.0,5000.0,5000.0,,,,,,,,,,,,
2025-11-18,901,1,Cambridge,England,United Kingdom,1939.0,45513.0,9941.9,OO%,405.0,OO%,1.0,1940.0,4950.0,4991.9,4991.9,4991.9,4950.0,4950.0,40427.0,9793.423999999999,OO%,328.8,OO%,2.0,1937.0,4800.0,4993.424,4993.424,4993.424,4800.0,4800.0,,,,,,,,,,,,
2025-11-18,901,2,San Francisco,California,United States,2016.0,45513.0,9300.0,OOO,12.3,OOX,4.0,2012.0,4300.0,5000.0,5000.0,5000.0,4300.0,4300.0,40427.0,6262.4,OXX,737600.0,OXX,10.0,2006.0,2500.0,3762.4,3762.4,3762.4,2500.0,2500.0,,,,,,,,,,,,
2025-11-18,901,3,Havana,,Cuba,1960.0,45513.0,9851.6,OO%,12100.0,OOO,0.0,1960.0,5000.0,4851.6,4851.6,4851.6,5000.0,5000.0,40427.0,8254.0,OO%,11500.0,O%X,6.0,1966.0,3400.0,4854.0,4854.0,4854.0,3400.0,3400.0,,,,,,,,,,,,
2025-11-18,901,4,Rio de Janeiro,Southeast,Brazil,1991.0,45513.0,9600.0,OOO,17.3,OOX,3.0,1988.0,4600.0,5000.0,5000.0,5000.0,4600.0,4600.0,40427.0,7000.0,OOO,33.5,OXX,11.0,1980.0,2000.0,5000.0,5000.0,5000.0,2000.0,2000.0,,,,,,,,,,,,
2025-11-18,901,5,Amsterdam,North Holland,Netherlands,1949.0,45513.0,6819.6,OO%,20100.0,OXX,11.0,1960.0,2000.0,4819.6,4819.6,4819.6,2000.0,2000.0,40427.0,9117.2,OO%,20700.0,OOX,4.0,1953.0,4300.0,4817.2,4817.2,4817.2,4300.0,4300.0,,,,,,,,,,,,
2025-11-19,902,1,RAF Harwell,England,United Kingdom,1944.0,45836.0,9230.9,OXX,269100.0,OOO,0.0,1944.0,5000.0,4230.9,4230.9,4230.9,5000.0,5000.0,46002.0,9607.6,OOX,60600.0,OO%,1.0,1943.0,4950.0,4657.6,4657.6,4657.6,4950.0,4950.0,,,,,,,,,,,,
2025-11-19,902,2,Bratislava,,Slovakia,2016.0,45836.0,9800.0,OOO,11.0,OO%,2.0,2014.0,4800.0,5000.0,5000.0,5000.0,4800.0,4800.0,46002.0,9998.386,OO%,80.7,OOO,0.0,2016.0,5000.0,4998.386,4998.386,4998.386,5000.0,5000.0,,,,,,,,,,,,
2025-11-19,902,3,Copenhagen,Capital Region,Denmark,1972.0,45836.0,9800.0,OOO,24.9,OO%,2.0,1970.0,4800.0,5000.0,5000.0,5000.0,4800.0,4800.0,46002.0,7498.11,OO%,94.5,OXX,8.0,1980.0,2500.0,4998.11,4998.11,4998.11,2500.0,2500.0,,,,,,,,,,,,
2025-11-19,902,4,Stockholm,Svealand,Sweden,1958.0,45836.0,7004.9,OXX,895100.0,O%X,6.0,1964.0,3400.0,3604.9,3604.9,3604.9,3400.0,3400.0,46002.0,9098.2,OXX,401800.0,OOO,0.0,1958.0,5000.0,4098.2,4098.2,4098.2,5000.0,5000.0,,,,,,,,,,,,
2025-11-19,902,5,Washington DC,Washington DC,United States,1962.0,45836.0,10000.0,OOO,1.2,OOO,0.0,1962.0,5000.0,5000.0,5000.0,5000.0,5000.0,5000.0,46002.0,9800.0,OOO,1.8,OO%,2.0,1964.0,4800.0,5000.0,5000.0,5000.0,4800.0,4800.0,,,,,,,,,,,,
2025-11-20,903,1,Chicago,Illinois,United States,1920.0,40914.0,6981.918,OO%,904.1,OXX,11.0,1931.0,2000.0,4981.918,4981.918,4981.918,2000.0,2000.0,39925.0,8900.0,OOO,11.1,O%X,5.0,1925.0,3900.0,5000.0,5000.0,5000.0,3900.0,3900.0,,,,,,,,,,,,
2025-11-20,903,2,Essen,North Rhine-Westphalia,Germany,1981.0,40914.0,8608.5,OXX,491500.0,OOX,3.0,1978.0,4600.0,4008.5,4008.5,4008.5,4600.0,4600.0,39925.0,6315.0,O%X,185000.0,OXX,13.0,1968.0,2000.0,4315.0,4315.0,4315.0,2000.0,2000.0,,,,,,,,,,,,
2025-11-20,903,3,Placencia,,Belize,2018.0,40914.0,7485.676,OO%,716.2,OXX,8.0,2010.0,2500.0,4985.676,4985.676,4985.676,2500.0,2500.0,39925.0,9995.08,OO%,246.0,OOO,0.0,2018.0,5000.0,4995.08,4995.08,4995.08,5000.0,5000.0,,,,,,,,,,,,
2025-11-20,903,4,Madrid,Madrid,Spain,1965.0,40914.0,9899.6,OO%,1900.0,OO%,1.0,1966.0,4950.0,4949.6,4949.6,4949.6,4950.0,4950.0,39925.0,7483.938,OO%,803.1,OXX,8.0,1957.0,2500.0,4983.938,4983.938,4983.938,2500.0,2500.0,,,,,,,,,,,,
2025-11-20,903,5,Shanghai,Shanghai,China,1972.0,40914.0,7937.25,%XX,1125500.0,OOO,0.0,1972.0,5000.0,2937.25,2937.25,2937.25,5000.0,5000.0,39925.0,7230.55,%XX,1138900.0,OOX,4.0,1968.0,4300.0,2930.55,2930.55,2930.55,4300.0,4300.0,,,,,,,,,,,,
2025-11-21,904,1,Moscow,Central,Russia,1991.0,46275.0,9899.6,OO%,1900.0,OO%,1.0,1992.0,4950.0,4949.6,4949.6,4949.6,4950.0,4950.0,46812.0,8343.2,OO%,2300.0,O%X,6.0,1985.0,3400.0,4943.2,4943.2,4943.2,3400.0,3400.0,,,,,,,,,,,,
2025-11-21,904,2,Oslo,Eastern Norway,Norway,1950.0,46275.0,7489.06,OO%,547.0,OXX,10.0,1960.0,2500.0,4989.06,4989.06,4989.06,2500.0,2500.0,46812.0,9989.626,OO%,518.7,OOO,0.0,1950.0,5000.0,4989.626,4989.626,4989.626,5000.0,5000.0,,,,,,,,,,,,
2025-11-21,904,3,Istanbul,Marmara,Turkiye,1910.0,46275.0,9298.764,OO%,61.8,OOX,4.0,1906.0,4300.0,4998.764,4998.764,4998.764,4300.0,4300.0,46812.0,8896.24,OO%,188.0,O%X,5.0,1905.0,3900.0,4996.24,4996.24,4996.24,3900.0,3900.0,,,,,,,,,,,,
2025-11-21,904,4,Washington DC,Washington DC,United States,2025.0,46275.0,10000.0,OOO,7.5,OOO,0.0,2025.0,5000.0,5000.0,5000.0,5000.0,5000.0,5000.0,46812.0,10000.0,OOO,9.1,OOO,0.0,2025.0,5000.0,5000.0,5000.0,5000.0,5000.0,5000.0,,,,,,,,,,,,
2025-11-21,904,5,Dublin,Leinster,Ireland,1916.0,46275.0,9588.272,OO%,586.4,OOX,3.0,1919.0,4600.0,4988.272,4988.272,4988.272,4600.0,4600.0,46812.0,9583.254,OO%,837.3,OOX,3.0,1913.0,4600.0,4983.254,4983.254,4983.254,4600.0,4600.0,,,,,,,,,,,,
2025-11-24,907,1,San Francisco,California,United States,1992.0,43960.0,9241.6,OO%,2400.0,OOX,4.0,1996.0,4300.0,4941.6,4941.6,4941.6,4300.0,4300.0,44717.0,8393.956,OO%,302.2,O%X,6.0,1998.0,3400.0,4993.956,4993.956,4993.956,3400.0,3400.0,,,,,,,,,,,,
2025-11-24,907,2,Madrid,Madrid,Spain,1965.0,43960.0,8710.2,OXX,389800.0,OOX,3.0,1968.0,4600.0,4110.2,4110.2,4110.2,4600.0,4600.0,44717.0,8394.155999999999,OO%,292.2,O%X,7.0,1958.0,3400.0,4994.156,4994.156,4994.156,3400.0,3400.0,,,,,,,,,,,,
2025-11-24,907,3,Buenos Aires,,Argentina,1987.0,43960.0,9980.0,OO%,1000.0,OOO,0.0,1987.0,5000.0,4980.0,4980.0,4980.0,5000.0,5000.0,44717.0,10000.0,OOO,31.4,OOO,0.0,1987.0,5000.0,5000.0,5000.0,5000.0,5000.0,5000.0,,,,,,,,,,,,
2025-11-24,907,4,Lillehammer,Eastern Norway,Norway,1906.0,43960.0,7766.7,O%X,133300.0,O%X,7.0,1913.0,3400.0,4366.7,4366.7,4366.7,3400.0,3400.0,44717.0,9160.0,OXX,290000.0,OO%,1.0,1905.0,4950.0,4210.0,4210.0,4210.0,4950.0,4950.0,,,,,,,,,,,,
2025-11-24,907,5,Lima,Lima,Peru,2015.0,43960.0,8277.2,OO%,5700.0,O%X,6.0,2009.0,3400.0,4877.2,4877.2,4877.2,3400.0,3400.0,44717.0,8768.4,OO%,7900.0,O%X,5.0,2010.0,3900.0,4868.4,4868.4,4868.4,3900.0,3900.0,,,,,,,,,,,,
2025-11-25,908,1,Beirut,,Lebanon,2025.0,34659.0,9946.4,OO%,2100.0,OOO,0.0,2025.0,5000.0,4946.4,4946.4,4946.4,5000.0,5000.0,45515.0,9989.3,OO%,535.0,OOO,0.0,2025.0,5000.0,4989.3,4989.3,4989.3,5000.0,5000.0,,,,,,,,,,,,
2025-11-25,908,2,Sydney,New South Wales,Australia,1927.0,34659.0,4932.0,OO%,3000.0,XXX,29.0,1956.0,0.0,4932.0,4932.0,4932.0,0.0,0.0,45515.0,9732.0,OO%,3000.0,OO%,2.0,1925.0,4800.0,4932.0,4932.0,4932.0,4800.0,4800.0,,,,,,,,,,,,
2025-11-25,908,3,Paris,Ile-de-France,France,1912.0,34659.0,5000.0,OOO,12.6,XXX,22.0,1934.0,0.0,5000.0,5000.0,5000.0,0.0,0.0,45515.0,9788.664,OO%,566.8,OO%,2.0,1910.0,4800.0,4988.664,4988.664,4988.664,4800.0,4800.0,,,,,,,,,,,,
2025-11-25,908,4,Prague,Bohemia,Czechia,1960.0,34659.0,4981.534,OO%,923.3,XXX,22.0,1982.0,0.0,4981.534,4981.534,4981.534,0.0,0.0,45515.0,6055.5,OXX,444500.0,OXX,15.0,1975.0,2000.0,4055.5,4055.5,4055.5,2000.0,2000.0,,,,,,,,,,,,
2025-11-25,908,5,Washington DC,Washington DC,United States,2009.0,34659.0,9800.0,OOO,1.7,OO%,2.0,2011.0,4800.0,5000.0,5000.0,5000.0,4800.0,4800.0,45515.0,9950.0,OOO,2.8,OO%,1.0,2008.0,4950.0,5000.0,5000.0,5000.0,4950.0,4950.0,,,,,,,,,,,,
2025-11-26,909,1,London,England,United Kingdom,1981.0,48352.0,9998.912,OO%,54.4,OOO,0.0,1981.0,5000.0,4998.912,4998.912,4998.912,5000.0,5000.0,43817.0,9948.694,OO%,65.3,OO%,1.0,1980.0,4950.0,4998.694,4998.694,4998.694,4950.0,4950.0,,,,,,,,,,,,
2025-11-26,909,2,Chicago,Illinois,United States,1903.0,48352.0,9762.4,OO%,1100.0,OO%,2.0,1905.0,4800.0,4962.4,4962.4,4962.4,4800.0,4800.0,43817.0,9793.654,OO%,317.3,OO%,2.0,1905.0,4800.0,4993.654,4993.654,4993.654,4800.0,4800.0,,,,,,,,,,,,
2025-11-26,909,3,Ulaanbaatar,,Mongolia,2010.0,48352.0,9948.137999999999,OO%,93.1,OO%,1.0,2009.0,4950.0,4998.138,4998.138,4998.138,4950.0,4950.0,43817.0,4292.6,XXX,3037000.0,O%X,6.0,2016.0,3400.0,892.6,892.6,892.6,3400.0,3400.0,,,,,,,,,,,,
2025-11-26,909,4,Lublin,Lublin,Poland,1963.0,48352.0,8645.9,O%X,154100.0,OOX,4.0,1959.0,4300.0,4345.9,4345.9,4345.9,4300.0,4300.0,43817.0,9785.612000000001,OO%,719.4,OO%,2.0,1965.0,4800.0,4985.612,4985.612,4985.612,4800.0,4800.0,,,,,,,,,,,,
2025-11-26,909,5,Beijing,Beijing,China,1972.0,48352.0,9996.630000000001,OO%,168.5,OOO,0.0,1972.0,5000.0,4996.63,4996.63,4996.63,5000.0,5000.0,43817.0,9995.368,OO%,231.6,OOO,0.0,1972.0,5000.0,4995.368,4995.368,4995.368,5000.0,5000.0,,,,,,,,,,,,
2025-12-01,914,1,Amsterdam,North Holland,Netherlands,1988.0,40699.0,6420.0,OXX,580000.0,OXX,10.0,1978.0,2500.0,3920.0,3920.0,3920.0,2500.0,2500.0,,,,,,,,,,,,,,,,,,,,,,,,,
2025-12-01,914,2,Berlin,Berlin,Germany,2021.0,40699.0,9867.6,OO%,3900.0,OO%,1.0,2020.0,4950.0,4917.6,4917.6,4917.6,4950.0,4950.0,,,,,,,,,,,,,,,,,,,,,,,,,
2025-12-01,914,3,Miami,Florida,United States,1963.0,40699.0,7706.65,%XX,1186700.0,OO%,2.0,1961.0,4800.0,2906.65,2906.65,2906.65,4800.0,4800.0,,,,,,,,,,,,,,,,,,,,,,,,,
2025-12-01,914,4,Manila,,Philippines,1986.0,40699.0,8264.0,OO%,9000.0,O%X,6.0,1980.0,3400.0,4864.0,4864.0,4864.0,3400.0,3400.0,,,,,,,,,,,,,,,,,,,,,,,,,
2025-12-01,914,5,Managua,,Nicaragua,1990.0,40699.0,8440.3,OXX,359700.0,OOX,4.0,1994.0,4300.0,4140.3,4140.3,4140.3,4300.0,4300.0,,,,,,,,,,,,,,,,,,,,,,,,,
2025-12-02,915,1,Oslo,Eastern Norway,Norway,1954.0,41446.0,8385.052,OO%,747.4,O%X,6.0,1960.0,3400.0,4985.052,4985.052,4985.052,3400.0,3400.0,33958.0,6962.4,OO%,1100.0,OXX,14.0,1940.0,2000.0,4962.4,4962.4,4962.4,2000.0,2000.0,,,,,,,,,,,,
2025-12-02,915,2,Kathmandu,,Nepal,2021.0,41446.0,9866.0,OO%,4000.0,OO%,1.0,2020.0,4950.0,4916.0,4916.0,4916.0,4950.0,4950.0,33958.0,9932.0,OO%,3000.0,OOO,0.0,2021.0,5000.0,4932.0,4932.0,4932.0,5000.0,5000.0,,,,,,,,,,,,
2025-12-02,915,3,Tunis,,Tunisia,1943.0,41446.0,6000.0,OOO,30.6,%XX,17.0,1960.0,1000.0,5000.0,5000.0,5000.0,1000.0,1000.0,33958.0,9943.624,OO%,318.8,OO%,1.0,1944.0,4950.0,4993.624,4993.624,4993.624,4950.0,4950.0,,,,,,,,,,,,
2025-12-02,915,4,New York,New York,United States,1964.0,41446.0,7493.68,OO%,316.0,OXX,8.0,1972.0,2500.0,4993.68,4993.68,4993.68,2500.0,2500.0,33958.0,2512.0,XXX,6201000.0,OXX,9.0,1955.0,2500.0,12.0,12.0,12.0,2500.0,2500.0,,,,,,,,,,,,
2025-12-02,915,5,Warsaw,Masovia,Poland,1989.0,41446.0,9700.0,OO%,5000.0,OO%,2.0,1991.0,4800.0,4900.0,4900.0,4900.0,4800.0,4800.0,33958.0,4612.0,XXX,6912000.0,OOX,3.0,1992.0,4600.0,12.0,12.0,12.0,4600.0,4600.0,,,,,,,,,,,,
2025-12-03,916,1,Amsterdam,North Holland,Netherlands,1947.0,44326.0,8860.8,OO%,1200.0,O%X,5.0,1952.0,3900.0,4960.8,4960.8,4960.8,3900.0,3900.0,33234.0,7170.4,OOX,57400.0,OXX,8.0,1955.0,2500.0,4670.4,4670.4,4670.4,2500.0,2500.0,,,,,,,,,,,,
2025-12-03,916,2,Sydney,New South Wales,Australia,1983.0,44326.0,8312.8,OO%,4200.0,O%X,7.0,1990.0,3400.0,4912.8,4912.8,4912.8,3400.0,3400.0,33234.0,7401.6,OO%,4900.0,OXX,9.0,1992.0,2500.0,4901.6,4901.6,4901.6,2500.0,2500.0,,,,,,,,,,,,
2025-12-03,916,3,Edmonton,Alberta,Canada,1931.0,44326.0,9114.8,OO%,21300.0,OOX,4.0,1927.0,4300.0,4814.8,4814.8,4814.8,4300.0,4300.0,33234.0,8216.8,OO%,20800.0,O%X,6.0,1925.0,3400.0,4816.8,4816.8,4816.8,3400.0,3400.0,,,,,,,,,,,,
2025-12-03,916,4,Saint Petersburg,Northwestern,Russia,1974.0,44326.0,8867.1,OXX,632900.0,OOO,0.0,1974.0,5000.0,3867.1,3867.1,3867.1,5000.0,5000.0,33234.0,1670.58295,XXX,2488500.0,XXX,24.0,1950.0,0.0,1670.58295,1670.58295,1670.58295,0.0,0.0,,,,,,,,,,,,
2025-12-03,916,5,Seoul,Seoul Capital Area,South Korea,1991.0,44326.0,9170.8,OO%,7300.0,OOX,4.0,1995.0,4300.0,4870.8,4870.8,4870.8,4300.0,4300.0,33234.0,8774.4,OO%,6400.0,O%X,5.0,1996.0,3900.0,4874.4,4874.4,4874.4,3900.0,3900.0,,,,,,,,,,,,
2025-12-04,917,1,Montevideo,,Uruguay,2008.0,46219.0,9877.2,OO%,5700.0,OOO,0.0,2008.0,5000.0,4877.2,4877.2,4877.2,5000.0,5000.0,37928.0,9877.2,OO%,5700.0,OOO,0.0,2008.0,5000.0,4877.2,4877.2,4877.2,5000.0,5000.0,,,,,,,,,,,,
2025-12-04,917,2,Auschwitz,Lesser Poland,Poland,1945.0,46219.0,9951.2,OO%,1800.0,OOO,0.0,1945.0,5000.0,4951.2,4951.2,4951.2,5000.0,5000.0,37928.0,9901.2,OO%,1800.0,OO%,1.0,1944.0,4950.0,4951.2,4951.2,4951.2,4950.0,4950.0,,,,,,,,,,,,
2025-12-04,917,3,Vienna,Vienna,Austria,1959.0,46219.0,9946.356,OO%,182.2,OO%,1.0,1960.0,4950.0,4996.356,4996.356,4996.356,4950.0,4950.0,37928.0,8275.2,OXX,524800.0,OOX,4.0,1955.0,4300.0,3975.2,3975.2,3975.2,4300.0,4300.0,,,,,,,,,,,,
2025-12-04,917,4,Key West,Florida,United States,1960.0,46219.0,7200.8,OXX,699200.0,O%X,7.0,1967.0,3400.0,3800.8,3800.8,3800.8,3400.0,3400.0,37928.0,8127.0,OXX,973000.0,OOX,3.0,1957.0,4600.0,3527.0,3527.0,3527.0,4600.0,4600.0,,,,,,,,,,,,
2025-12-04,917,5,Tbilisi,,Georgia,1992.0,46219.0,9243.2,OO%,2300.0,OOX,4.0,1996.0,4300.0,4943.2,4943.2,4943.2,4300.0,4300.0,37928.0,1748.4085,XXX,2255000.0,XXX,22.0,1970.0,0.0,1748.4085,1748.4085,1748.4085,0.0,0.0,,,,,,,,,,,,
2025-12-05,918,1,Blackpool,England,United Kingdom,1972.0,43751.0,8473.6,OXX,326400.0,OOX,4.0,1968.0,4300.0,4173.6,4173.6,4173.6,4300.0,4300.0,35426.0,7120.8,OOX,69800.0,OXX,10.0,1962.0,2500.0,4620.8,4620.8,4620.8,2500.0,2500.0,,,,,,,,,,,,
2025-12-05,918,2,Bonn,North Rhine-Westphalia,Germany,1999.0,43751.0,9962.4,OO%,1100.0,OOO,0.0,1999.0,5000.0,4962.4,4962.4,4962.4,5000.0,5000.0,35426.0,7000.0,OOO,42.5,OXX,12.0,2011.0,2000.0,5000.0,5000.0,5000.0,2000.0,2000.0,,,,,,,,,,,,
2025-12-05,918,3,New York,New York,United States,1908.0,43751.0,9996.806,OO%,159.7,OOO,0.0,1908.0,5000.0,4996.806,4996.806,4996.806,5000.0,5000.0,35426.0,9927.2,OO%,3300.0,OOO,0.0,1908.0,5000.0,4927.2,4927.2,4927.2,5000.0,5000.0,,,,,,,,,,,,
2025-12-05,918,4,Cairo,,Egypt,1961.0,43751.0,6996.9,OO%,155.0,OXX,12.0,1973.0,2000.0,4996.9,4996.9,4996.9,2000.0,2000.0,35426.0,4995.32,OO%,234.0,XXX,36.0,1925.0,0.0,4995.32,4995.32,4995.32,0.0,0.0,,,,,,,,,,,,
2025-12-05,918,5,Lahore,,Pakistan,2025.0,43751.0,8320.8,OO%,3700.0,O%X,6.0,2019.0,3400.0,4920.8,4920.8,4920.8,3400.0,3400.0,35426.0,6383.5,%XX,1033000.0,O%X,7.0,2018.0,3400.0,2983.5,2983.5,2983.5,3400.0,3400.0,,,,,,,,,,,,
2025-12-08,921,1,Sant Julia de Loria,,Andorra,1967.0,41245.0,9177.2,OO%,5700.0,OOX,4.0,1963.0,4300.0,4877.2,4877.2,4877.2,4300.0,4300.0,42693.0,8777.6,OO%,5600.0,O%X,5.0,1962.0,3900.0,4877.6,4877.6,4877.6,3900.0,3900.0,,,,,,,,,,,,
2025-12-08,921,2,Jerusalem,Jerusalem,Israel,1940.0,41245.0,6878.4,OO%,5400.0,OXX,14.0,1926.0,2000.0,4878.4,4878.4,4878.4,2000.0,2000.0,42693.0,6936.8,OO%,2700.0,OXX,13.0,1953.0,2000.0,4936.8,4936.8,4936.8,2000.0,2000.0,,,,,,,,,,,,
2025-12-08,921,3,Ho Chi Minh,Southeast,Vietnam,2015.0,41245.0,7930.05,%XX,1139900.0,OOO,0.0,2015.0,5000.0,2930.05,2930.05,2930.05,5000.0,5000.0,42693.0,8356.0,OO%,1500.0,O%X,7.0,2022.0,3400.0,4956.0,4956.0,4956.0,3400.0,3400.0,,,,,,,,,,,,
2025-12-08,921,4,Chicago,Illinois,United States,1909.0,41245.0,8362.4,OO%,1100.0,O%X,6.0,1903.0,3400.0,4962.4,4962.4,4962.4,3400.0,3400.0,42693.0,9725.6,OO%,3400.0,OO%,2.0,1907.0,4800.0,4925.6,4925.6,4925.6,4800.0,4800.0,,,,,,,,,,,,
2025-12-08,921,5,Berlin,Berlin,Germany,1953.0,41245.0,8897.011999999999,OO%,149.4,O%X,5.0,1958.0,3900.0,4997.012,4997.012,4997.012,3900.0,3900.0,42693.0,8895.54,OO%,223.0,O%X,5.0,1948.0,3900.0,4995.54,4995.54,4995.54,3900.0,3900.0,,,,,,,,,,,,
2025-12-09,922,1,London,England,United Kingdom,1978.0,41867.0,8897.198,OO%,140.1,O%X,5.0,1973.0,3900.0,4997.198,4997.198,4997.198,3900.0,3900.0,37703.0,8306.4,OO%,4600.0,O%X,7.0,1985.0,3400.0,4906.4,4906.4,4906.4,3400.0,3400.0,,,,,,,,,,,,
2025-12-09,922,2,Madre de Dios,Madre de Dios,Peru,2023.0,41867.0,8584.9,O%X,215100.0,OOX,4.0,2019.0,4300.0,4284.9,4284.9,4284.9,4300.0,4300.0,37703.0,7527.0,OXX,373000.0,O%X,6.0,2017.0,3400.0,4127.0,4127.0,4127.0,3400.0,3400.0,,,,,,,,,,,,
2025-12-09,922,3,Atlanta,Georgia,United States,1996.0,41867.0,9992.970000000001,OO%,351.5,OOO,0.0,1996.0,5000.0,4992.97,4992.97,4992.97,5000.0,5000.0,37703.0,5478.0,XXX,3110000.0,OOX,3.0,1999.0,4600.0,878.0,878.0,878.0,4600.0,4600.0,,,,,,,,,,,,
2025-12-09,922,4,Warsaw,Masovia,Poland,1930.0,41867.0,8392.332,OO%,383.4,O%X,7.0,1937.0,3400.0,4992.332,4992.332,4992.332,3400.0,3400.0,37703.0,8897.060000000001,OO%,147.0,O%X,5.0,1935.0,3900.0,4997.06,4997.06,4997.06,3900.0,3900.0,,,,,,,,,,,,
2025-12-09,922,5,Vatican City,,Vatican City,1984.0,41867.0,6000.0,OOO,6.3,%XX,16.0,1968.0,1000.0,5000.0,5000.0,5000.0,1000.0,1000.0,37703.0,7495.0,OO%,250.0,OXX,9.0,1975.0,2500.0,4995.0,4995.0,4995.0,2500.0,2500.0,,,,,,,,,,,,
2025-12-10,923,1,San Francisco,California,United States,1964.0,40524.0,9282.421999999999,OO%,878.9,OOX,4.0,1968.0,4300.0,4982.422,4982.422,4982.422,4300.0,4300.0,41714.0,9781.779999999999,OO%,911.0,OO%,2.0,1962.0,4800.0,4981.78,4981.78,4981.78,4800.0,4800.0,,,,,,,,,,,,
2025-12-10,923,2,Zurich,Zurich,Switzerland,1949.0,40524.0,7483.888,OO%,805.6,OXX,9.0,1958.0,2500.0,4983.888,4983.888,4983.888,2500.0,2500.0,41714.0,9930.0,OO%,1000.0,OO%,1.0,1950.0,4950.0,4980.0,4980.0,4980.0,4950.0,4950.0,,,,,,,,,,,,
2025-12-10,923,3,Chisinau,,Moldova,2024.0,40524.0,9948.004,OO%,99.8,OO%,1.0,2025.0,4950.0,4998.004,4998.004,4998.004,4950.0,4950.0,41714.0,9950.0,OOO,26.4,OO%,1.0,2023.0,4950.0,5000.0,5000.0,5000.0,4950.0,4950.0,,,,,,,,,,,,
2025-12-10,923,4,Santo Domingo,,Ecuador,1974.0,40524.0,7102.0,OOX,74500.0,OXX,9.0,1983.0,2500.0,4602.0,4602.0,4602.0,2500.0,2500.0,41714.0,9556.8,OOX,73300.0,OO%,1.0,1975.0,4950.0,4606.8,4606.8,4606.8,4950.0,4950.0,,,,,,,,,,,,
2025-12-10,923,5,Sydney,New South Wales,Australia,1954.0,40524.0,6708.0742,XXX,2226000.0,OO%,1.0,1953.0,4950.0,1758.0742,1758.0742,1758.0742,4950.0,4950.0,41714.0,2512.0,XXX,16991000.0,OXX,9.0,1945.0,2500.0,12.0,12.0,12.0,2500.0,2500.0,,,,,,,,,,,,
2025-12-11,924,1,Wellington,Wellington,New Zealand,1933.0,45132.0,9944.6,OO%,270.0,OO%,1.0,1932.0,4950.0,4994.6,4994.6,4994.6,4950.0,4950.0,44079.0,7356.8,OO%,10800.0,OXX,8.0,1925.0,2500.0,4856.8,4856.8,4856.8,2500.0,2500.0,,,,,,,,,,,,
2025-12-11,924,2,Athens,Attica,Greece,1973.0,45132.0,9260.8,OO%,1200.0,OOX,4.0,1977.0,4300.0,4960.8,4960.8,4960.8,4300.0,4300.0,44079.0,9782.2,OO%,890.0,OO%,2.0,1971.0,4800.0,4982.2,4982.2,4982.2,4800.0,4800.0,,,,,,,,,,,,
2025-12-11,924,3,Zandvoort,North Holland,Netherlands,2025.0,45132.0,9832.8,OO%,16800.0,OOO,0.0,2025.0,5000.0,4832.8,4832.8,4832.8,5000.0,5000.0,44079.0,9756.4,OO%,35900.0,OOO,0.0,2025.0,5000.0,4756.4,4756.4,4756.4,5000.0,5000.0,,,,,,,,,,,,
2025-12-11,924,4,Mexico City,Mexico City,Mexico,1956.0,45132.0,7459.2,OO%,1300.0,OXX,8.0,1964.0,2500.0,4959.2,4959.2,4959.2,2500.0,2500.0,44079.0,8397.186,OO%,140.7,O%X,6.0,1962.0,3400.0,4997.186,4997.186,4997.186,3400.0,3400.0,,,,,,,,,,,,
2025-12-11,924,5,Kansas City,Missouri,United States,1906.0,45132.0,8635.9,OXX,664100.0,OO%,2.0,1908.0,4800.0,3835.9,3835.9,3835.9,4800.0,4800.0,44079.0,8786.9,OXX,663100.0,OO%,1.0,1905.0,4950.0,3836.9,3836.9,3836.9,4950.0,4950.0,,,,,,,,,,,,
2025-12-12,925,1,Srebrenica,,Bosnia and Herzegovina,2015.0,43840.0,8883.6,OOX,79100.0,OOX,4.0,2019.0,4300.0,4583.6,4583.6,4583.6,4300.0,4300.0,39003.0,9175.6,OO%,6100.0,OOX,4.0,2011.0,4300.0,4875.6,4875.6,4875.6,4300.0,4300.0,,,,,,,,,,,,
2025-12-12,925,2,Macao,Macau,China,2007.0,43840.0,7723.85,%XX,1152300.0,OO%,2.0,2009.0,4800.0,2923.85,2923.85,2923.85,4800.0,4800.0,39003.0,9389.2,OO%,27700.0,OOX,3.0,2004.0,4600.0,4789.2,4789.2,4789.2,4600.0,4600.0,,,,,,,,,,,,
2025-12-12,925,3,Rio de Janeiro,Southeast,Brazil,2025.0,43840.0,9879.6,OO%,5100.0,OOO,0.0,2025.0,5000.0,4879.6,4879.6,4879.6,5000.0,5000.0,39003.0,6637.0,OXX,363000.0,OXX,9.0,2016.0,2500.0,4137.0,4137.0,4137.0,2500.0,2500.0,,,,,,,,,,,,
2025-12-12,925,4,Antwerp,Flanders,Belgium,1985.0,43840.0,8075.5,OXX,324500.0,O%X,5.0,1980.0,3900.0,4175.5,4175.5,4175.5,3900.0,3900.0,39003.0,8135.2,OOX,41200.0,O%X,7.0,1992.0,3400.0,4735.2,4735.2,4735.2,3400.0,3400.0,,,,,,,,,,,,
2025-12-12,925,5,Olney,England,United Kingdom,1950.0,43840.0,9276.4,OOX,55900.0,OOX,3.0,1953.0,4600.0,4676.4,4676.4,4676.4,4600.0,4600.0,39003.0,5666.4,OOX,58400.0,%XX,16.0,1934.0,1000.0,4666.4,4666.4,4666.4,1000.0,1000.0,,,,,,,,,,,,
2025-12-15,928,1,Oslo,Eastern Norway,Norway,1962.0,35472.0,4083.1,OXX,416900.0,XXX,25.0,1987.0,0.0,4083.1,4083.1,4083.1,0.0,0.0,44013.0,10000.0,OOO,25.0,OOO,0.0,1962.0,5000.0,5000.0,5000.0,5000.0,5000.0,5000.0,,,,,,,,,,,,
2025-12-15,928,2,Las Vegas,Nevada,United States,1964.0,35472.0,8775.6,OO%,6100.0,O%X,5.0,1969.0,3900.0,4875.6,4875.6,4875.6,3900.0,3900.0,44013.0,9800.0,OOO,16.4,OO%,2.0,1962.0,4800.0,5000.0,5000.0,5000.0,4800.0,4800.0,,,,,,,,,,,,
2025-12-15,928,3,Ohrid,,North Macedonia,2009.0,35472.0,8688.3,O%X,111700.0,OOX,4.0,2005.0,4300.0,4388.3,4388.3,4388.3,4300.0,4300.0,44013.0,8688.3,O%X,111700.0,OOX,4.0,2005.0,4300.0,4388.3,4388.3,4388.3,4300.0,4300.0,,,,,,,,,,,,
2025-12-15,928,4,London,England,United Kingdom,1972.0,35472.0,6927.2,OO%,3300.0,OXX,15.0,1987.0,2000.0,4927.2,4927.2,4927.2,2000.0,2000.0,44013.0,5927.2,OO%,3300.0,%XX,18.0,1990.0,1000.0,4927.2,4927.2,4927.2,1000.0,1000.0,,,,,,,,,,,,
2025-12-15,928,5,Camp Point Salines,,Grenada,1983.0,35472.0,6998.188,OO%,90.6,OXX,11.0,1972.0,2000.0,4998.188,4998.188,4998.188,2000.0,2000.0,44013.0,9597.95,OO%,102.5,OOX,3.0,1980.0,4600.0,4997.95,4997.95,4997.95,4600.0,4600.0,,,,,,,,,,,,
2025-12-16,929,1,Tokyo,Kanto,Japan,2014.0,37181.0,9998.832,OO%,58.4,OOO,0.0,2014.0,5000.0,4998.832,4998.832,4998.832,5000.0,5000.0,33457.0,9798.814,OO%,59.3,OO%,2.0,2012.0,4800.0,4998.814,4998.814,4998.814,4800.0,4800.0,,,,,,,,,,,,
2025-12-16,929,2,Bogota,,Colombia,1948.0,37181.0,3794.1705899999997,XXX,2117700.0,OXX,15.0,1963.0,2000.0,1794.17059,1794.17059,1794.17059,2000.0,2000.0,33457.0,864.6,XXX,3177000.0,XXX,23.0,1925.0,0.0,864.6,864.6,864.6,0.0,0.0,,,,,,,,,,,,
2025-12-16,929,3,Milwaukee,Wisconsin,United States,1939.0,37181.0,6095.3,OXX,404700.0,OXX,13.0,1952.0,2000.0,4095.3,4095.3,4095.3,2000.0,2000.0,33457.0,6369.4,O%X,130600.0,OXX,11.0,1950.0,2000.0,4369.4,4369.4,4369.4,2000.0,2000.0,,,,,,,,,,,,
2025-12-16,929,4,Budapest,Central Hungary,Hungary,1981.0,37181.0,7498.676,OO%,66.2,OXX,8.0,1973.0,2500.0,4998.676,4998.676,4998.676,2500.0,2500.0,33457.0,9944.405999999999,OO%,279.7,OO%,1.0,1980.0,4950.0,4994.406,4994.406,4994.406,4950.0,4950.0,,,,,,,,,,,,
2025-12-16,929,5,Brussels,Brussels Capital Region,Belgium,1958.0,37181.0,9793.528,OO%,323.6,OO%,2.0,1956.0,4800.0,4993.528,4993.528,4993.528,4800.0,4800.0,33457.0,6480.3,OXX,519700.00000000006,OXX,8.0,1950.0,2500.0,3980.3,3980.3,3980.3,2500.0,2500.0,,,,,,,,,,,,
2025-12-17,930,1,New York,New York,United States,2025.0,45177.0,9924.0,OO%,3500.0,OOO,0.0,2025.0,5000.0,4924.0,4924.0,4924.0,5000.0,5000.0,38633.0,9936.8,OO%,2700.0,OOO,0.0,2025.0,5000.0,4936.8,4936.8,4936.8,5000.0,5000.0,,,,,,,,,,,,
2025-12-17,930,2,Ballygawley,Northern Ireland,United Kingdom,1900.0,45177.0,6897.2,O%X,102800.0,OXX,8.0,1908.0,2500.0,4397.2,4397.2,4397.2,2500.0,2500.0,38633.0,7494.56,OO%,272.0,OXX,10.0,1910.0,2500.0,4994.56,4994.56,4994.56,2500.0,2500.0,,,,,,,,,,,,
2025-12-17,930,3,Copenhagen,Capital Region,Denmark,1967.0,45177.0,8893.5,OO%,325.0,O%X,5.0,1962.0,3900.0,4993.5,4993.5,4993.5,3900.0,3900.0,38633.0,5996.454,OO%,177.3,%XX,17.0,1950.0,1000.0,4996.454,4996.454,4996.454,1000.0,1000.0,,,,,,,,,,,,
2025-12-17,930,4,Istanbul,Marmara,Turkiye,1983.0,45177.0,9512.8,OO%,4200.0,OOX,3.0,1980.0,4600.0,4912.8,4912.8,4912.8,4600.0,4600.0,38633.0,5962.4,OO%,1100.0,%XX,18.0,1965.0,1000.0,4962.4,4962.4,4962.4,1000.0,1000.0,,,,,,,,,,,,
2025-12-17,930,5,Vancouver,British Columbia,Canada,2015.0,45177.0,9948.942,OO%,52.9,OO%,1.0,2016.0,4950.0,4998.942,4998.942,4998.942,4950.0,4950.0,38633.0,9244.8,OO%,2200.0,OOX,4.0,2011.0,4300.0,4944.8,4944.8,4944.8,4300.0,4300.0,,,,,,,,,,,,
2025-12-18,931,1,Dardghaya,,Lebanon,2024.0,39962.0,9488.0,OOX,90500.0,OO%,1.0,2025.0,4950.0,4538.0,4538.0,4538.0,4950.0,4950.0,40531.0,9304.0,O%X,146000.0,OO%,1.0,2025.0,4950.0,4354.0,4354.0,4354.0,4950.0,4950.0,,,,,,,,,,,,
2025-12-18,931,2,Paris,Ile-de-France,France,1925.0,39962.0,7365.2,OO%,8700.0,OXX,9.0,1934.0,2500.0,4865.2,4865.2,4865.2,2500.0,2500.0,40531.0,6844.4,OO%,13900.0,OXX,15.0,1910.0,2000.0,4844.4,4844.4,4844.4,2000.0,2000.0,,,,,,,,,,,,
2025-12-18,931,3,Houston,Texas,United States,1943.0,39962.0,6109.0,OXX,391000.0,OXX,13.0,1956.0,2000.0,4109.0,4109.0,4109.0,2000.0,2000.0,40531.0,5982.56,OO%,872.0,%XX,19.0,1962.0,1000.0,4982.56,4982.56,4982.56,1000.0,1000.0,,,,,,,,,,,,
2025-12-18,931,4,Mexico City,Mexico City,Mexico,1955.0,39962.0,10000.0,OOO,46.8,OOO,0.0,1955.0,5000.0,5000.0,5000.0,5000.0,5000.0,5000.0,40531.0,9996.016,OO%,199.2,OOO,0.0,1955.0,5000.0,4996.016,4996.016,4996.016,5000.0,5000.0,,,,,,,,,,,,
2025-12-18,931,5,Helsinki,Helsinki-Uusimaa,Finland,1984.0,39962.0,7000.0,OOO,7.5,OXX,14.0,1970.0,2000.0,5000.0,5000.0,5000.0,2000.0,2000.0,40531.0,8404.0,OXX,396000.0,OOX,4.0,1980.0,4300.0,4104.0,4104.0,4104.0,4300.0,4300.0,,,,,,,,,,,,
2025-12-19,932,1,Amsterdam,North Holland,Netherlands,1973.0,43517.0,6787.0,O%X,213000.0,OXX,9.0,1964.0,2500.0,4287.0,4287.0,4287.0,2500.0,2500.0,45722.0,9786.696,OO%,665.2,OO%,2.0,1975.0,4800.0,4986.696,4986.696,4986.696,4800.0,4800.0,,,,,,,,,,,,
2025-12-19,932,2,Accra,,Ghana,2023.0,43517.0,10000.0,OOO,11.4,OOO,0.0,2023.0,5000.0,5000.0,5000.0,5000.0,5000.0,5000.0,45722.0,10000.0,OOO,21.0,OOO,0.0,2023.0,5000.0,5000.0,5000.0,5000.0,5000.0,5000.0,,,,,,,,,,,,
2025-12-19,932,3,Rome,Lazio,Italy,1984.0,43517.0,9300.0,OOO,10.9,OOX,4.0,1980.0,4300.0,5000.0,5000.0,5000.0,4300.0,4300.0,45722.0,6000.0,OOO,40.5,%XX,19.0,1965.0,1000.0,5000.0,5000.0,5000.0,1000.0,1000.0,,,,,,,,,,,,
2025-12-19,932,4,New Delhi,Delhi,India,1961.0,43517.0,7430.4,OO%,3100.0,OXX,8.0,1969.0,2500.0,4930.4,4930.4,4930.4,2500.0,2500.0,45722.0,9934.560000000001,OO%,772.0,OO%,1.0,1962.0,4950.0,4984.56,4984.56,4984.56,4950.0,4950.0,,,,,,,,,,,,
2025-12-19,932,5,Washington DC,Washington DC,United States,2025.0,43517.0,10000.0,OOO,4.3,OOO,0.0,2025.0,5000.0,5000.0,5000.0,5000.0,5000.0,5000.0,45722.0,10000.0,OOO,39.5,OOO,0.0,2025.0,5000.0,5000.0,5000.0,5000.0,5000.0,5000.0,,,,,,,,,,,,
2025-12-22,935,1,Cibitoke,,Burundi,2025.0,42701.0,8068.4,OOX,57900.0,O%X,7.0,2018.0,3400.0,4668.4,4668.4,4668.4,3400.0,3400.0,43979.0,9756.4,OO%,23400.0,OO%,1.0,2024.0,4950.0,4806.4,4806.4,4806.4,4950.0,4950.0,,,,,,,,,,,,
2025-12-22,935,2,Atlanta,Georgia,United States,1939.0,42701.0,6000.0,OOO,7.6,%XX,20.0,1959.0,1000.0,5000.0,5000.0,5000.0,1000.0,1000.0,43979.0,9948.21,OO%,89.5,OO%,1.0,1940.0,4950.0,4998.21,4998.21,4998.21,4950.0,4950.0,,,,,,,,,,,,
2025-12-22,935,3,Johannesburg,Gauteng,South Africa,1951.0,42701.0,9797.444,OO%,127.8,OO%,2.0,1953.0,4800.0,4997.444,4997.444,4997.444,4800.0,4800.0,43979.0,7487.28,OO%,636.0,OXX,9.0,1960.0,2500.0,4987.28,4987.28,4987.28,2500.0,2500.0,,,,,,,,,,,,
2025-12-22,935,4,Vienna,Vienna,Austria,1975.0,42701.0,8888.484,OO%,575.8,O%X,5.0,1970.0,3900.0,4988.484,4988.484,4988.484,3900.0,3900.0,43979.0,7492.222,OO%,388.9,OXX,10.0,1985.0,2500.0,4992.222,4992.222,4992.222,2500.0,2500.0,,,,,,,,,,,,
2025-12-22,935,5,Luxembourg,,Luxembourg,2013.0,42701.0,9947.826000000001,OO%,108.7,OO%,1.0,2012.0,4950.0,4997.826,4997.826,4997.826,4950.0,4950.0,43979.0,9296.26,OO%,187.0,OOX,4.0,2017.0,4300.0,4996.26,4996.26,4996.26,4300.0,4300.0,,,,,,,,,,,,
2025-12-23,936,1,Kalofer,,Bulgaria,2024.0,46171.0,8576.8,OOX,55800.0,O%X,5.0,2019.0,3900.0,4676.8,4676.8,4676.8,3900.0,3900.0,46082.0,9317.0,O%X,133000.0,OO%,1.0,2023.0,4950.0,4367.0,4367.0,4367.0,4950.0,4950.0,,,,,,,,,,,,
2025-12-23,936,2,Mexico City,Mexico City,Mexico,1962.0,46171.0,9184.7,OXX,315300.0,OOO,0.0,1962.0,5000.0,4184.7,4184.7,4184.7,5000.0,5000.0,46082.0,7495.44,OO%,228.0,OXX,8.0,1970.0,2500.0,4995.44,4995.44,4995.44,2500.0,2500.0,,,,,,,,,,,,
2025-12-23,936,3,Washington DC,Washington DC,United States,1979.0,46171.0,9300.0,OOO,42.5,OOX,4.0,1975.0,4300.0,5000.0,5000.0,5000.0,4300.0,4300.0,46082.0,9950.0,OOO,11.0,OO%,1.0,1980.0,4950.0,5000.0,5000.0,5000.0,4950.0,4950.0,,,,,,,,,,,,
2025-12-23,936,4,Greymouth,West Coast,New Zealand,1904.0,46171.0,9992.154,OO%,392.3,OOO,0.0,1904.0,5000.0,4992.154,4992.154,4992.154,5000.0,5000.0,46082.0,9990.8,OO%,460.0,OOO,0.0,1904.0,5000.0,4990.8,4990.8,4990.8,5000.0,5000.0,,,,,,,,,,,,
2025-12-23,936,5,Salacgriva,,Latvia,1991.0,46171.0,9116.8,OOX,95800.0,OOX,3.0,1994.0,4600.0,4516.8,4516.8,4516.8,4600.0,4600.0,46082.0,9328.0,OOX,93000.0,OO%,2.0,1989.0,4800.0,4528.0,4528.0,4528.0,4800.0,4800.0,,,,,,,,,,,,
2025-12-24,937,1,Amsterdam,North Holland,Netherlands,1961.0,41127.0,8259.6,OO%,10100.0,O%X,6.0,1955.0,3400.0,4859.6,4859.6,4859.6,3400.0,3400.0,,,,,,,,,,,,,,,,,,,,,,,,,
2025-12-24,937,2,Washington DC,Washington DC,United States,2025.0,41127.0,10000.0,OOO,2.0,OOO,0.0,2025.0,5000.0,5000.0,5000.0,5000.0,5000.0,5000.0,,,,,,,,,,,,,,,,,,,,,,,,,
2025-12-24,937,3,Buenos Aires,,Argentina,2006.0,41127.0,6998.818,OO%,59.1,OXX,12.0,2018.0,2000.0,4998.818,4998.818,4998.818,2000.0,2000.0,,,,,,,,,,,,,,,,,,,,,,,,,
2025-12-24,937,4,Kobe,Kansai,Japan,1971.0,41127.0,8369.1,OXX,430900.0,OOX,4.0,1975.0,4300.0,4069.1,4069.1,4069.1,4300.0,4300.0,,,,,,,,,,,,,,,,,,,,,,,,,
2025-12-24,937,5,London,England,United Kingdom,1947.0,41127.0,7498.828,OO%,58.6,OXX,9.0,1956.0,2500.0,4998.828,4998.828,4998.828,2500.0,2500.0,,,,,,,,,,,,,,,,,,,,,,,,,
2025-12-26,939,1,Vientiane,,Laos,2015.0,38753.0,9878.8,OO%,5300.0,OOO,0.0,2015.0,5000.0,4878.8,4878.8,4878.8,5000.0,5000.0,,,,,,,,,,,,,,,,,,,,,,,,,
2025-12-26,939,2,Belfast,Northern Ireland,United Kingdom,1941.0,38753.0,2985.35,%XX,1029300.0,XXX,23.0,1918.0,0.0,2985.35,2985.35,2985.35,0.0,0.0,,,,,,,,,,,,,,,,,,,,,,,,,
2025-12-26,939,3,West Danville,Vermont,United States,1942.0,38753.0,9257.2,O%X,242800.0,OOO,0.0,1942.0,5000.0,4257.2,4257.2,4257.2,5000.0,5000.0,,,,,,,,,,,,,,,,,,,,,,,,,
2025-12-26,939,4,Warsaw,Masovia,Poland,1930.0,38753.0,8362.4,OO%,1100.0,O%X,6.0,1936.0,3400.0,4962.4,4962.4,4962.4,3400.0,3400.0,,,,,,,,,,,,,,,,,,,,,,,,,
2025-12-26,939,5,Rio de Janeiro,Southeast,Brazil,2025.0,38753.0,8269.2,OO%,7700.0,O%X,7.0,2018.0,3400.0,4869.2,4869.2,4869.2,3400.0,3400.0,,,,,,,,,,,,,,,,,,,,,,,,,
2025-12-29,942,1,Ramsau am Dachstein,Styria,Austria,2025.0,37547.0,7730.7,%XX,1538600.0,OOO,0.0,2025.0,5000.0,2730.7,2730.7,2730.7,5000.0,5000.0,43264.0,8824.0,OXX,476000.0,OO%,2.0,2023.0,4800.0,4024.0,4024.0,4024.0,4800.0,4800.0,,,,,,,,,,,,
2025-12-29,942,2,Rio de Janeiro,Southeast,Brazil,1942.0,37547.0,4139.9,OXX,360100.0,XXX,31.0,1973.0,0.0,4139.9,4139.9,4139.9,0.0,0.0,43264.0,7480.62,OO%,969.0,OXX,8.0,1950.0,2500.0,4980.62,4980.62,4980.62,2500.0,2500.0,,,,,,,,,,,,
2025-12-29,942,3,Wellington,Wellington,New Zealand,1930.0,37547.0,8356.0,OO%,1500.0,O%X,6.0,1924.0,3400.0,4956.0,4956.0,4956.0,3400.0,3400.0,43264.0,7342.4,OO%,14400.0,OXX,10.0,1940.0,2500.0,4842.4,4842.4,4842.4,2500.0,2500.0,,,,,,,,,,,,
2025-12-29,942,4,Mount Rushmore,South Dakota,United States,2018.0,37547.0,9950.0,OOO,42.3,OO%,1.0,2019.0,4950.0,5000.0,5000.0,5000.0,4950.0,4950.0,43264.0,9800.0,OOO,30.6,OO%,2.0,2016.0,4800.0,5000.0,5000.0,5000.0,4800.0,4800.0,,,,,,,,,,,,
2025-12-29,942,5,Rome,Lazio,Italy,1963.0,37547.0,7369.6,OO%,7600.0,OXX,8.0,1955.0,2500.0,4869.6,4869.6,4869.6,2500.0,2500.0,43264.0,9816.8,OO%,8300.0,OO%,1.0,1962.0,4950.0,4866.8,4866.8,4866.8,4950.0,4950.0,,,,,,,,,,,,
2025-12-30,943,1,London,England,United Kingdom,1963.0,42930.0,9788.614,OO%,569.3,OO%,2.0,1965.0,4800.0,4988.614,4988.614,4988.614,4800.0,4800.0,36873.0,9948.3,OO%,85.0,OO%,1.0,1962.0,4950.0,4998.3,4998.3,4998.3,4950.0,4950.0,,,,,,,,,,,,
2025-12-30,943,2,Silema,,Malta,1985.0,42930.0,9940.0,OO%,2500.0,OOO,0.0,1985.0,5000.0,4940.0,4940.0,4940.0,5000.0,5000.0,36873.0,6659.4174,XXX,2522000.0,OOO,0.0,1985.0,5000.0,1659.4173999999998,1659.4173999999998,1659.4173999999998,5000.0,5000.0,,,,,,,,,,,,
2025-12-30,943,3,San Francisco,California,United States,1939.0,42930.0,6444.5,OXX,555500.0,OXX,10.0,1949.0,2500.0,3944.5,3944.5,3944.5,2500.0,2500.0,36873.0,727.5999999999999,XXX,3862000.0,XXX,23.0,1962.0,0.0,727.5999999999999,727.5999999999999,727.5999999999999,0.0,0.0,,,,,,,,,,,,
2025-12-30,943,4,Madrid,Madrid,Spain,1961.0,42930.0,9262.4,OO%,1100.0,OOX,4.0,1957.0,4300.0,4962.4,4962.4,4962.4,4300.0,4300.0,36873.0,9945.0,OO%,250.0,OO%,1.0,1962.0,4950.0,4995.0,4995.0,4995.0,4950.0,4950.0,,,,,,,,,,,,
2025-12-30,943,5,Copenhagen,Capital Region,Denmark,1967.0,42930.0,7493.06,OO%,347.0,OXX,9.0,1976.0,2500.0,4993.06,4993.06,4993.06,2500.0,2500.0,36873.0,9592.52,OO%,374.0,OOX,3.0,1970.0,4600.0,4992.52,4992.52,4992.52,4600.0,4600.0,,,,,,,,,,,,
2025-12-31,944,1,Washington DC,Washington DC,United States,2000.0,44144.0,10000.0,OOO,13.4,OOO,0.0,2000.0,5000.0,5000.0,5000.0,5000.0,5000.0,5000.0,41540.0,9950.0,OOO,22.6,OO%,1.0,1999.0,4950.0,5000.0,5000.0,5000.0,4950.0,4950.0,,,,,,,,,,,,
2025-12-31,944,2,Istanbul,Marmara,Turkiye,1993.0,44144.0,6951.2,OO%,1800.0,OXX,13.0,1980.0,2000.0,4951.2,4951.2,4951.2,2000.0,2000.0,41540.0,8393.562,OO%,321.9,O%X,6.0,1987.0,3400.0,4993.562,4993.562,4993.562,3400.0,3400.0,,,,,,,,,,,,
2025-12-31,944,3,Rome,Lazio,Italy,1985.0,44144.0,8325.6,OXX,474400.0,OOX,4.0,1989.0,4300.0,4025.6,4025.6,4025.6,4300.0,4300.0,41540.0,9023.3,OXX,476700.0,OOO,0.0,1985.0,5000.0,4023.3,4023.3,4023.3,5000.0,5000.0,,,,,,,,,,,,
2025-12-31,944,4,Saint-Louis,,Senegal,2005.0,44144.0,8918.9,O%X,181100.0,OOX,3.0,2002.0,4600.0,4318.9,4318.9,4318.9,4600.0,4600.0,41540.0,6741.83749,XXX,2124700.0,OO%,1.0,2004.0,4950.0,1791.83749,1791.83749,1791.83749,4950.0,4950.0,,,,,,,,,,,,
2025-12-31,944,5,London,England,United Kingdom,1969.0,44144.0,9947.974,OO%,101.3,OO%,1.0,1970.0,4950.0,4997.974,4997.974,4997.974,4950.0,4950.0,41540.0,7430.4,OO%,3100.0,OXX,8.0,1977.0,2500.0,4930.4,4930.4,4930.4,2500.0,2500.0,,,,,,,,,,,,
2026-01-05,949,1,Prague,Bohemia,Czechia,1968.0,48188.0,9300.0,OOO,21.3,OOX,4.0,1964.0,4300.0,5000.0,5000.0,5000.0,4300.0,4300.0,40502.0,8360.8,OO%,1200.0,O%X,6.0,1962.0,3400.0,4960.8,4960.8,4960.8,3400.0,3400.0,,,,,,,,,,,,
2026-01-05,949,2,Rome,Lazio,Italy,1985.0,48188.0,9950.0,OOO,8.9,OO%,1.0,1986.0,4950.0,5000.0,5000.0,5000.0,4950.0,4950.0,40502.0,8900.0,OOO,7.6,O%X,5.0,1990.0,3900.0,5000.0,5000.0,5000.0,3900.0,3900.0,,,,,,,,,,,,
2026-01-05,949,3,Tbilisi,,Georgia,1992.0,48188.0,9946.4,OO%,2100.0,OOO,0.0,1992.0,5000.0,4946.4,4946.4,4946.4,5000.0,5000.0,40502.0,8627.0,O%X,173000.0,OOX,4.0,1988.0,4300.0,4327.0,4327.0,4327.0,4300.0,4300.0,,,,,,,,,,,,
2026-01-05,949,4,Kuwait City,,Kuwait,2010.0,48188.0,9069.6,OO%,32600.0,OOX,4.0,2014.0,4300.0,4769.6,4769.6,4769.6,4300.0,4300.0,40502.0,9436.0,OO%,16000.0,OOX,3.0,2013.0,4600.0,4836.0,4836.0,4836.0,4600.0,4600.0,,,,,,,,,,,,
2026-01-05,949,5,Washington DC,Washington DC,United States,1969.0,48188.0,9922.4,OO%,3600.0,OOO,0.0,1969.0,5000.0,4922.4,4922.4,4922.4,5000.0,5000.0,40502.0,5177.3,OXX,322700.0,%XX,17.0,1986.0,1000.0,4177.3,4177.3,4177.3,1000.0,1000.0,,,,,,,,,,,,
2026-01-06,950,1,Paris,Ile-de-France,France,2017.0,42527.0,10000.0,OOO,5.9,OOO,0.0,2017.0,5000.0,5000.0,5000.0,5000.0,5000.0,5000.0,41553.0,9997.439999999999,OO%,128.0,OOO,0.0,2017.0,5000.0,4997.44,4997.44,4997.44,5000.0,5000.0,,,,,,,,,,,,
2026-01-06,950,2,Kotor,,Montenegro,2025.0,42527.0,9798.3,OO%,85.0,OO%,2.0,2023.0,4800.0,4998.3,4998.3,4998.3,4800.0,4800.0,41553.0,9946.720000000001,OO%,164.0,OO%,1.0,2024.0,4950.0,4996.72,4996.72,4996.72,4950.0,4950.0,,,,,,,,,,,,
2026-01-06,950,3,Seattle,Washington,United States,1938.0,42527.0,8356.0,OO%,1500.0,O%X,6.0,1932.0,3400.0,4956.0,4956.0,4956.0,3400.0,3400.0,41553.0,9796.439999999999,OO%,178.0,OO%,2.0,1940.0,4800.0,4996.44,4996.44,4996.44,4800.0,4800.0,,,,,,,,,,,,
2026-01-06,950,4,Singapore,,Singapore,1955.0,42527.0,7428.8,OO%,3200.0,OXX,8.0,1963.0,2500.0,4928.8,4928.8,4928.8,2500.0,2500.0,41553.0,4868.8,OO%,7800.0,XXX,33.0,1988.0,0.0,4868.8,4868.8,4868.8,0.0,0.0,,,,,,,,,,,,
2026-01-06,950,5,Amsterdam,North Holland,Netherlands,1949.0,42527.0,6943.2,OO%,2300.0,OXX,11.0,1960.0,2000.0,4943.2,4943.2,4943.2,2000.0,2000.0,41553.0,6943.2,OO%,2300.0,OXX,13.0,1962.0,2000.0,4943.2,4943.2,4943.2,2000.0,2000.0,,,,,,,,,,,,
2026-01-07,951,1,Havana,,Cuba,1941.0,40327.0,6981.398,OO%,930.1,OXX,12.0,1953.0,2000.0,4981.398,4981.398,4981.398,2000.0,2000.0,41680.0,6980.9,OO%,955.0,OXX,14.0,1955.0,2000.0,4980.9,4980.9,4980.9,2000.0,2000.0,,,,,,,,,,,,
2026-01-07,951,2,Hanoi,Red River Delta,Vietnam,2015.0,40327.0,9981.51,OO%,924.5,OOO,0.0,2015.0,5000.0,4981.51,4981.51,4981.51,5000.0,5000.0,41680.0,9990.207999999999,OO%,489.6,OOO,0.0,2015.0,5000.0,4990.208,4990.208,4990.208,5000.0,5000.0,,,,,,,,,,,,
2026-01-07,951,3,New York,New York,United States,1936.0,40327.0,6000.0,OOO,13.0,%XX,20.0,1956.0,1000.0,5000.0,5000.0,5000.0,1000.0,1000.0,41680.0,6996.54,OO%,173.0,OXX,12.0,1948.0,2000.0,4996.54,4996.54,4996.54,2000.0,2000.0,,,,,,,,,,,,
2026-01-07,951,4,Copenhagen,Capital Region,Denmark,1967.0,40327.0,7416.6,OXX,483400.0,O%X,7.0,1974.0,3400.0,4016.6,4016.6,4016.6,3400.0,3400.0,41680.0,7779.0,OXX,621000.0,O%X,5.0,1962.0,3900.0,3879.0,3879.0,3879.0,3900.0,3900.0,,,,,,,,,,,,
2026-01-07,951,5,London,England,United Kingdom,2025.0,40327.0,9946.4,OO%,2100.0,OOO,0.0,2025.0,5000.0,4946.4,4946.4,4946.4,5000.0,5000.0,41680.0,9933.6,OO%,2900.0,OOO,0.0,2025.0,5000.0,4933.6,4933.6,4933.6,5000.0,5000.0,,,,,,,,,,,,
2026-01-08,952,1,Paris,Ile-de-France,France,1966.0,48749.0,9585.884,OO%,705.8,OOX,3.0,1969.0,4600.0,4985.884,4985.884,4985.884,4600.0,4600.0,46265.0,9259.2,OO%,1300.0,OOX,4.0,1962.0,4300.0,4959.2,4959.2,4959.2,4300.0,4300.0,,,,,,,,,,,,
2026-01-08,952,2,Verviers,Wallonia,Belgium,1918.0,48749.0,9339.5,O%X,110500.0,OO%,1.0,1919.0,4950.0,4389.5,4389.5,4389.5,4950.0,4950.0,46265.0,9301.0,O%X,199000.0,OOO,0.0,1918.0,5000.0,4301.0,4301.0,4301.0,5000.0,5000.0,,,,,,,,,,,,
2026-01-08,952,3,Ottawa,Ontario,Canada,2009.0,48749.0,10000.0,OOO,34.7,OOO,0.0,2009.0,5000.0,5000.0,5000.0,5000.0,5000.0,5000.0,46265.0,9950.0,OOO,20.2,OO%,1.0,2010.0,4950.0,5000.0,5000.0,5000.0,4950.0,4950.0,,,,,,,,,,,,
2026-01-08,952,4,Omaha,Nebraska,United States,1996.0,48749.0,9826.8,OO%,5800.0,OO%,1.0,1997.0,4950.0,4876.8,4876.8,4876.8,4950.0,4950.0,46265.0,9827.6,OO%,5600.0,OO%,1.0,1997.0,4950.0,4877.6,4877.6,4877.6,4950.0,4950.0,,,,,,,,,,,,
2026-01-08,952,5,Seoul,Seoul Capital Area,South Korea,1988.0,48749.0,9996.568,OO%,171.6,OOO,0.0,1988.0,5000.0,4996.568,4996.568,4996.568,5000.0,5000.0,46265.0,7927.0,%XX,1146000.0,OOO,0.0,1988.0,5000.0,2927.0,2927.0,2927.0,5000.0,5000.0,,,,,,,,,,,,
2026-01-09,953,1,Berlin,Berlin,Germany,1995.0,35075.0,10000.0,OOO,11.8,OOO,0.0,1995.0,5000.0,5000.0,5000.0,5000.0,5000.0,5000.0,23427.0,8093.0,OXX,307000.0,O%X,5.0,1990.0,3900.0,4193.0,4193.0,4193.0,3900.0,3900.0,,,,,,,,,,,,
2026-01-09,953,2,Selma,Alabama,United States,1936.0,35075.0,9238.4,OO%,2600.0,OOX,4.0,1940.0,4300.0,4938.4,4938.4,4938.4,4300.0,4300.0,23427.0,4633.2,OOX,66700.0,XXX,26.0,1962.0,0.0,4633.2,4633.2,4633.2,0.0,0.0,,,,,,,,,,,,
2026-01-09,953,3,Budapest,Central Hungary,Hungary,1970.0,35075.0,5941.6,OO%,2400.0,%XX,17.0,1953.0,1000.0,4941.6,4941.6,4941.6,1000.0,1000.0,23427.0,2928.5,%XX,1143000.0,XXX,21.0,1991.0,0.0,2928.5,2928.5,2928.5,0.0,0.0,,,,,,,,,,,,
2026-01-09,953,4,Tallinn,,Estonia,2007.0,35075.0,4970.0,OXX,530000.0,%XX,17.0,2024.0,1000.0,3970.0,3970.0,3970.0,1000.0,1000.0,23427.0,5274.5,%XX,1451000.0,OXX,10.0,2017.0,2500.0,2774.5,2774.5,2774.5,2500.0,2500.0,,,,,,,,,,,,
2026-01-09,953,5,Taumatawhakatangihangakoauauotamateaturipukakapikimaungahoronukupokaiwhenuakitanatahu,Hawke's Bay,New Zealand,1948.0,35075.0,4924.0,OO%,3500.0,XXX,22.0,1926.0,0.0,4924.0,4924.0,4924.0,0.0,0.0,23427.0,2499.0,XXX,5005000.0,OXX,14.0,1962.0,2000.0,499.0,499.0,499.0,2000.0,2000.0,,,,,,,,,,,,
2026-01-12,956,1,Breda,North Brabant,Netherlands,2017.0,37740.0,9348.4,OOX,87900.0,OO%,2.0,2019.0,4800.0,4548.4,4548.4,4548.4,4800.0,4800.0,36228.0,8882.0,OXX,618000.0,OOO,0.0,2017.0,5000.0,3882.0,3882.0,3882.0,5000.0,5000.0,,,,,,,,,,,,
2026-01-12,956,2,Cairo,,Egypt,1979.0,37740.0,9266.2,O%X,183800.0,OO%,1.0,1978.0,4950.0,4316.2,4316.2,4316.2,4950.0,4950.0,36228.0,3912.0,XXX,10222000.0,O%X,5.0,1974.0,3900.0,12.0,12.0,12.0,3900.0,3900.0,,,,,,,,,,,,
2026-01-12,956,3,Uppsala,Svealand,Sweden,1925.0,37740.0,7154.4,OOX,61400.0,OXX,8.0,1933.0,2500.0,4654.4,4654.4,4654.4,2500.0,2500.0,36228.0,6874.8,OOX,6300.0,OXX,11.0,1914.0,2000.0,4874.8,4874.8,4874.8,2000.0,2000.0,,,,,,,,,,,,
2026-01-12,956,4,Aspen,Colorado,United States,1957.0,37740.0,4981.144,OO%,942.8,XXX,30.0,1987.0,0.0,4981.144,4981.144,4981.144,0.0,0.0,36228.0,6985.68,OO%,716.0,OXX,13.0,1970.0,2000.0,4985.68,4985.68,4985.68,2000.0,2000.0,,,,,,,,,,,,
2026-01-12,956,5,Winnipeg,Manitoba,Canada,2015.0,37740.0,6990.064,OO%,496.8,OXX,11.0,2026.0,2000.0,4990.064,4990.064,4990.064,2000.0,2000.0,36228.0,9800.0,OOO,15.1,OO%,2.0,2017.0,4800.0,5000.0,5000.0,5000.0,4800.0,4800.0,,,,,,,,,,,,
2026-01-13,957,1,Amman,,Jordan,1958.0,42979.0,9254.4,OO%,1600.0,OOX,4.0,1962.0,4300.0,4954.4,4954.4,4954.4,4300.0,4300.0,42180.0,5258.5,%XX,1483000.0,OXX,8.0,1966.0,2500.0,2758.5,2758.5,2758.5,2500.0,2500.0,,,,,,,,,,,,
2026-01-13,957,2,Gothenburg,Gotaland,Sweden,1968.0,42979.0,9559.2,OO%,1300.0,OOX,3.0,1965.0,4600.0,4959.2,4959.2,4959.2,4600.0,4600.0,42180.0,7452.8,OO%,1700.0,OXX,9.0,1977.0,2500.0,4952.8,4952.8,4952.8,2500.0,2500.0,,,,,,,,,,,,
2026-01-13,957,3,Thimphu,,Bhutan,2011.0,42979.0,9941.808,OO%,409.6,OO%,1.0,2010.0,4950.0,4991.808,4991.808,4991.808,4950.0,4950.0,42180.0,9796.93,OO%,153.5,OO%,2.0,2009.0,4800.0,4996.93,4996.93,4996.93,4800.0,4800.0,,,,,,,,,,,,
2026-01-13,957,4,Kuala Lumpur,,Malaysia,1996.0,42979.0,4935.2,OO%,2800.0,XXX,23.0,1973.0,0.0,4935.2,4935.2,4935.2,0.0,0.0,42180.0,9725.6,OOX,43600.0,OOO,0.0,1996.0,5000.0,4725.6,4725.6,4725.6,5000.0,5000.0,,,,,,,,,,,,
2026-01-13,957,5,New York,New York,United States,1903.0,42979.0,9287.472,OO%,626.4,OOX,4.0,1907.0,4300.0,4987.472,4987.472,4987.472,4300.0,4300.0,42180.0,9943.720000000001,OO%,314.0,OO%,1.0,1904.0,4950.0,4993.72,4993.72,4993.72,4950.0,4950.0,,,,,,,,,,,,
2026-01-14,958,1,Orlando,Florida,United States,1977.0,45113.0,8900.0,OOO,35.9,O%X,5.0,1982.0,3900.0,5000.0,5000.0,5000.0,3900.0,3900.0,36053.0,5751.5,XXX,3492500.0,OO%,1.0,1978.0,4950.0,801.5,801.5,801.5,4950.0,4950.0,,,,,,,,,,,,
2026-01-14,958,2,Dortmund,North Rhine-Westphalia,Germany,1980.0,45113.0,9558.0,OOX,73000.0,OO%,1.0,1979.0,4950.0,4608.0,4608.0,4608.0,4950.0,4950.0,36053.0,8881.0,OXX,419000.0,OO%,2.0,1978.0,4800.0,4081.0,4081.0,4081.0,4800.0,4800.0,,,,,,,,,,,,
2026-01-14,958,3,Bangkok,Central Thailand,Thailand,1958.0,45113.0,7361.3,OXX,538700.0,O%X,6.0,1964.0,3400.0,3961.3,3961.3,3961.3,3400.0,3400.0,36053.0,4262.4071,XXX,2213000.0,OXX,8.0,1950.0,2500.0,1762.4071,1762.4071,1762.4071,2500.0,2500.0,,,,,,,,,,,,
2026-01-14,958,4,Lima,Lima,Peru,2022.0,45113.0,9510.4,OOX,47400.0,OO%,2.0,2020.0,4800.0,4710.4,4710.4,4710.4,4800.0,4800.0,36053.0,9562.0,OO%,34500.0,OO%,2.0,2020.0,4800.0,4762.0,4762.0,4762.0,4800.0,4800.0,,,,,,,,,,,,
2026-01-14,958,5,Moscow,Central,Russia,1991.0,45113.0,9784.498,OO%,775.1,OO%,2.0,1993.0,4800.0,4984.498,4984.498,4984.498,4800.0,4800.0,36053.0,7597.5,%XX,1805000.0,OOO,0.0,1991.0,5000.0,2597.5,2597.5,2597.5,5000.0,5000.0,,,,,,,,,,,,
2026-01-15,959,1,Rome,Lazio,Italy,1962.0,40394.0,8498.1,OXX,601900.0,OOX,3.0,1959.0,4600.0,3898.1,3898.1,3898.1,4600.0,4600.0,38909.0,8351.2,OO%,1800.0,O%X,7.0,1955.0,3400.0,4951.2,4951.2,4951.2,3400.0,3400.0,,,,,,,,,,,,
2026-01-15,959,2,New Orleans,Louisiana,United States,1960.0,40394.0,5991.188,OO%,440.6,%XX,16.0,1944.0,1000.0,4991.188,4991.188,4991.188,1000.0,1000.0,38909.0,4987.3,OO%,635.0,XXX,28.0,1932.0,0.0,4987.3,4987.3,4987.3,0.0,0.0,,,,,,,,,,,,
2026-01-15,959,3,Minsk,,Belarus,2020.0,40394.0,9950.0,OOO,48.4,OO%,1.0,2021.0,4950.0,5000.0,5000.0,5000.0,4950.0,4950.0,38909.0,8697.0,OXX,403000.0,OOX,3.0,2017.0,4600.0,4097.0,4097.0,4097.0,4600.0,4600.0,,,,,,,,,,,,
2026-01-15,959,4,Sao Paulo,Southeast,Brazil,1958.0,40394.0,9998.438,OO%,78.1,OOO,0.0,1958.0,5000.0,4998.438,4998.438,4998.438,5000.0,5000.0,38909.0,9911.2,OO%,4300.0,OOO,0.0,1958.0,5000.0,4911.2,4911.2,4911.2,5000.0,5000.0,,,,,,,,,,,,
2026-01-15,959,5,Amsterdam,North Holland,Netherlands,1950.0,40394.0,5957.6,OO%,1400.0,%XX,18.0,1932.0,1000.0,4957.6,4957.6,4957.6,1000.0,1000.0,38909.0,6962.4,OO%,1100.0,OXX,12.0,1962.0,2000.0,4962.4,4962.4,4962.4,2000.0,2000.0,,,,,,,,,,,,
2026-01-16,960,1,Paris,Ile-de-France,France,1978.0,47054.0,9989.39,OO%,530.5,OOO,0.0,1978.0,5000.0,4989.39,4989.39,4989.39,5000.0,5000.0,41557.0,9798.692,OO%,65.4,OO%,2.0,1980.0,4800.0,4998.692,4998.692,4998.692,4800.0,4800.0,,,,,,,,,,,,
2026-01-16,960,2,Mexico City,Mexico City,Mexico,1970.0,47054.0,9946.4,OO%,2100.0,OOO,0.0,1970.0,5000.0,4946.4,4946.4,4946.4,5000.0,5000.0,41557.0,6987.646,OO%,617.7,OXX,13.0,1957.0,2000.0,4987.646,4987.646,4987.646,2000.0,2000.0,,,,,,,,,,,,
2026-01-16,960,3,Athens,Attica,Greece,2024.0,47054.0,9950.0,OOO,35.0,OO%,1.0,2023.0,4950.0,5000.0,5000.0,5000.0,4950.0,4950.0,41557.0,9950.0,OOO,19.9,OO%,1.0,2023.0,4950.0,5000.0,5000.0,5000.0,4950.0,4950.0,,,,,,,,,,,,
2026-01-16,960,4,Dublin,Leinster,Ireland,1903.0,47054.0,8400.0,OOO,15.6,O%X,6.0,1909.0,3400.0,5000.0,5000.0,5000.0,3400.0,3400.0,41557.0,9950.0,OOO,14.9,OO%,1.0,1902.0,4950.0,5000.0,5000.0,5000.0,4950.0,4950.0,,,,,,,,,,,,
2026-01-16,960,5,Tokyo,Kanto,Japan,1957.0,47054.0,8769.2,OO%,7700.0,O%X,5.0,1962.0,3900.0,4869.2,4869.2,4869.2,3900.0,3900.0,41557.0,4870.0,OO%,7500.0,XXX,23.0,1980.0,0.0,4870.0,4870.0,4870.0,0.0,0.0,,,,,,,,,,,,
2026-01-20,964,1,Seoul,Seoul Capital Area,South Korea,1988.0,46967.0,10000.0,OOO,25.8,OOO,0.0,1988.0,5000.0,5000.0,5000.0,5000.0,5000.0,5000.0,47640.0,9989.0,OO%,550.0,OOO,0.0,1988.0,5000.0,4989.0,4989.0,4989.0,5000.0,5000.0,,,,,,,,,,,,
2026-01-20,964,2,Rio de Janeiro,Southeast,Brazil,1960.0,46967.0,9944.112000000001,OO%,294.4,OO%,1.0,1961.0,4950.0,4994.112,4994.112,4994.112,4950.0,4950.0,47640.0,9788.439999999999,OO%,578.0,OO%,2.0,1962.0,4800.0,4988.44,4988.44,4988.44,4800.0,4800.0,,,,,,,,,,,,
2026-01-20,964,3,Morano sul Po,Piedmont,Italy,1973.0,46967.0,9136.8,OOX,90800.0,OOX,3.0,1970.0,4600.0,4536.8,4536.8,4536.8,4600.0,4600.0,47640.0,9561.2,OO%,34700.0,OO%,2.0,1975.0,4800.0,4761.2,4761.2,4761.2,4800.0,4800.0,,,,,,,,,,,,
2026-01-20,964,4,West Danville,Vermont,United States,1942.0,46967.0,10000.0,OOO,2.4,OOO,0.0,1942.0,5000.0,5000.0,5000.0,5000.0,5000.0,5000.0,47640.0,9800.0,OOO,4.4,OO%,2.0,1940.0,4800.0,5000.0,5000.0,5000.0,4800.0,4800.0,,,,,,,,,,,,
2026-01-20,964,5,Huepetuhe,Madre de Dios,Peru,2014.0,46967.0,7886.5,OXX,513500.0,O%X,5.0,2019.0,3900.0,3986.5,3986.5,3986.5,3900.0,3900.0,47640.0,8500.0,OOX,75000.0,O%X,5.0,2019.0,3900.0,4600.0,4600.0,4600.0,3900.0,3900.0,,,,,,,,,,,,
2026-01-21,965,1,Bogota,,Colombia,2021.0,48790.0,9954.4,OO%,1600.0,OOO,0.0,2021.0,5000.0,4954.4,4954.4,4954.4,5000.0,5000.0,42620.0,9894.8,OO%,2200.0,OO%,1.0,2020.0,4950.0,4944.8,4944.8,4944.8,4950.0,4950.0,,,,,,,,,,,,
2026-01-21,965,2,Brisbane,Queensland,Australia,1953.0,48790.0,9556.0,OO%,1500.0,OOX,3.0,1950.0,4600.0,4956.0,4956.0,4956.0,4600.0,4600.0,42620.0,5990.742,OO%,462.9,%XX,19.0,1934.0,1000.0,4990.742,4990.742,4990.742,1000.0,1000.0,,,,,,,,,,,,
2026-01-21,965,3,Washington DC,Washington DC,United States,1973.0,48790.0,9997.9,OO%,105.0,OOO,0.0,1973.0,5000.0,4997.9,4997.9,4997.9,5000.0,5000.0,42620.0,6998.142,OO%,92.9,OXX,11.0,1984.0,2000.0,4998.142,4998.142,4998.142,2000.0,2000.0,,,,,,,,,,,,
2026-01-21,965,4,Shanghai,Shanghai,China,2010.0,48790.0,9983.207999999999,OO%,839.6,OOO,0.0,2010.0,5000.0,4983.208,4983.208,4983.208,5000.0,5000.0,42620.0,9991.11,OO%,444.5,OOO,0.0,2010.0,5000.0,4991.11,4991.11,4991.11,5000.0,5000.0,,,,,,,,,,,,
2026-01-21,965,5,Paris,Ile-de-France,France,1921.0,48790.0,9300.0,OOO,11.9,OOX,4.0,1925.0,4300.0,5000.0,5000.0,5000.0,4300.0,4300.0,42620.0,9746.4,OO%,2100.0,OO%,2.0,1919.0,4800.0,4946.4,4946.4,4946.4,4800.0,4800.0,,,,,,,,,,,,
2026-01-22,966,1,Kampala,,Uganda,2015.0,44032.0,9853.2,OO%,4800.0,OO%,1.0,2016.0,4950.0,4903.2,4903.2,4903.2,4950.0,4950.0,44859.0,9882.0,OO%,3000.0,OO%,1.0,2016.0,4950.0,4932.0,4932.0,4932.0,4950.0,4950.0,,,,,,,,,,,,
2026-01-22,966,2,Seattle,Washington,United States,1961.0,44032.0,7500.0,OOO,9.7,OXX,9.0,1970.0,2500.0,5000.0,5000.0,5000.0,2500.0,2500.0,44859.0,10000.0,OOO,11.5,OOO,0.0,1961.0,5000.0,5000.0,5000.0,5000.0,5000.0,5000.0,,,,,,,,,,,,
2026-01-22,966,3,Jakarta,,Indonesia,1974.0,44032.0,8311.2,OO%,4300.0,O%X,6.0,1968.0,3400.0,4911.2,4911.2,4911.2,3400.0,3400.0,44859.0,8558.6,OXX,891400.0,OO%,1.0,1975.0,4950.0,3608.6,3608.6,3608.6,4950.0,4950.0,,,,,,,,,,,,
2026-01-22,966,4,Beamish,England,United Kingdom,1990.0,44032.0,9352.0,O%X,148000.0,OOO,0.0,1990.0,5000.0,4352.0,4352.0,4352.0,5000.0,5000.0,44859.0,9423.2,OOX,69200.0,OO%,2.0,1988.0,4800.0,4623.2,4623.2,4623.2,4800.0,4800.0,,,,,,,,,,,,
2026-01-22,966,5,Oslo,Eastern Norway,Norway,1939.0,44032.0,9017.0,OXX,483000.0,OOO,0.0,1939.0,5000.0,4017.0,4017.0,4017.0,5000.0,5000.0,44859.0,6994.92,OO%,254.0,OXX,11.0,1950.0,2000.0,4994.92,4994.92,4994.92,2000.0,2000.0,,,,,,,,,,,,
2026-01-23,967,1,Manila,,Philippines,1945.0,45530.0,9941.646,OO%,417.7,OO%,1.0,1946.0,4950.0,4991.646,4991.646,4991.646,4950.0,4950.0,38097.0,9876.8,OO%,5800.0,OOO,0.0,1945.0,5000.0,4876.8,4876.8,4876.8,5000.0,5000.0,,,,,,,,,,,,
2026-01-23,967,2,Bogota,,Colombia,2025.0,45530.0,9822.4,OO%,6900.0,OO%,1.0,2024.0,4950.0,4872.4,4872.4,4872.4,4950.0,4950.0,38097.0,8721.0,OXX,729000.0,OO%,1.0,2024.0,4950.0,3771.0,3771.0,3771.0,4950.0,4950.0,,,,,,,,,,,,
2026-01-23,967,3,Johannesburg,Gauteng,South Africa,1960.0,45530.0,6930.4,OO%,3100.0,OXX,13.0,1973.0,2000.0,4930.4,4930.4,4930.4,2000.0,2000.0,38097.0,4612.0,XXX,13782000.0,OOX,3.0,1963.0,4600.0,12.0,12.0,12.0,4600.0,4600.0,,,,,,,,,,,,
2026-01-23,967,4,Stockholm,Svealand,Sweden,1958.0,45530.0,9935.016,OO%,749.2,OO%,1.0,1957.0,4950.0,4985.016,4985.016,4985.016,4950.0,4950.0,38097.0,4937.5,%XX,1125000.0,OXX,13.0,1971.0,2000.0,2937.5,2937.5,2937.5,2000.0,2000.0,,,,,,,,,,,,
2026-01-23,967,5,Albuquerque,New Mexico,United States,2014.0,45530.0,8900.0,OOO,33.6,O%X,5.0,2019.0,3900.0,5000.0,5000.0,5000.0,3900.0,3900.0,38097.0,9950.0,OOO,21.1,OO%,1.0,2013.0,4950.0,5000.0,5000.0,5000.0,4950.0,4950.0,,,,,,,,,,,,
2026-01-26,970,1,Athens,Attica,Greece,1962.0,45489.0,8396.094000000001,OO%,195.3,O%X,7.0,1955.0,3400.0,4996.094,4996.094,4996.094,3400.0,3400.0,43067.0,9996.82,OO%,159.0,OOO,0.0,1962.0,5000.0,4996.82,4996.82,4996.82,5000.0,5000.0,,,,,,,,,,,,
2026-01-26,970,2,Ciudad Juarez,Chihuahua,Mexico,1972.0,45489.0,10000.0,OOO,7.3,OOO,0.0,1972.0,5000.0,5000.0,5000.0,5000.0,5000.0,5000.0,43067.0,6628.0,%XX,1544000.0,O%X,5.0,1977.0,3900.0,2728.0,2728.0,2728.0,3900.0,3900.0,,,,,,,,,,,,
2026-01-26,970,3,Gyor,Western Transdanubia,Hungary,1948.0,45489.0,7496.788,OO%,160.6,OXX,10.0,1958.0,2500.0,4996.788,4996.788,4996.788,2500.0,2500.0,43067.0,6648.0,OXX,352000.0,OXX,9.0,1957.0,2500.0,4148.0,4148.0,4148.0,2500.0,2500.0,,,,,,,,,,,,
2026-01-26,970,4,Washington DC,Washington DC,United States,2025.0,45489.0,10000.0,OOO,4.9,OOO,0.0,2025.0,5000.0,5000.0,5000.0,5000.0,5000.0,5000.0,43067.0,10000.0,OOO,5.3,OOO,0.0,2025.0,5000.0,5000.0,5000.0,5000.0,5000.0,5000.0,,,,,,,,,,,,
2026-01-26,970,5,Oslo,Eastern Norway,Norway,1954.0,45489.0,9596.328000000001,OO%,183.6,OOX,3.0,1957.0,4600.0,4996.328,4996.328,4996.328,4600.0,4600.0,43067.0,9795.439999999999,OO%,228.0,OO%,2.0,1956.0,4800.0,4995.44,4995.44,4995.44,4800.0,4800.0,,,,,,,,,,,,
2026-01-27,971,1,Santiago,Santiago Metropolitan,Chile,2011.0,44519.0,9296.706,OO%,164.7,OOX,4.0,2015.0,4300.0,4996.706,4996.706,4996.706,4300.0,4300.0,42024.0,9586.246,OO%,687.7,OOX,3.0,2014.0,4600.0,4986.246,4986.246,4986.246,4600.0,4600.0,,,,,,,,,,,,
2026-01-27,971,2,Ljubljana,,Slovenia,1931.0,44519.0,8891.218,OO%,439.1,O%X,5.0,1936.0,3900.0,4991.218,4991.218,4991.218,3900.0,3900.0,42024.0,6952.0,%XX,1696000.0,OOX,4.0,1935.0,4300.0,2652.0,2652.0,2652.0,4300.0,4300.0,,,,,,,,,,,,
2026-01-27,971,3,Pretoria,Gauteng,South Africa,1961.0,44519.0,7192.4,OOX,51900.0,OXX,8.0,1969.0,2500.0,4692.4,4692.4,4692.4,2500.0,2500.0,42024.0,6687.6,OOX,53100.0,OXX,11.0,1950.0,2000.0,4687.6,4687.6,4687.6,2000.0,2000.0,,,,,,,,,,,,
2026-01-27,971,4,St. Wolfgang im Salzkammergut,Upper Austria,Austria,1966.0,44519.0,9240.2,O%X,209800.0,OO%,1.0,1967.0,4950.0,4290.2,4290.2,4290.2,4950.0,4950.0,42024.0,9237.0,OXX,263000.0,OOO,0.0,1966.0,5000.0,4237.0,4237.0,4237.0,5000.0,5000.0,,,,,,,,,,,,
2026-01-27,971,5,Boston,Massachusetts,United States,1906.0,44519.0,9899.6,OO%,1900.0,OO%,1.0,1905.0,4950.0,4949.6,4949.6,4949.6,4950.0,4950.0,42024.0,9562.4,OO%,1100.0,OOX,3.0,1903.0,4600.0,4962.4,4962.4,4962.4,4600.0,4600.0,,,,,,,,,,,,
2026-01-28,972,1,Mauna Kea,Hawaii,United States,2019.0,41047.0,8493.7,OXX,306300.0,OOX,4.0,2023.0,4300.0,4193.7,4193.7,4193.7,4300.0,4300.0,42017.0,8632.4,O%X,167600.0,OOX,4.0,2023.0,4300.0,4332.4,4332.4,4332.4,4300.0,4300.0,,,,,,,,,,,,
2026-01-28,972,2,Madrid,Madrid,Spain,1972.0,41047.0,8387.779999999999,OO%,611.0,O%X,7.0,1965.0,3400.0,4987.78,4987.78,4987.78,3400.0,3400.0,42017.0,7485.92,OO%,704.0,OXX,8.0,1964.0,2500.0,4985.92,4985.92,4985.92,2500.0,2500.0,,,,,,,,,,,,
2026-01-28,972,3,Nablus,,Palestine,1941.0,41047.0,6877.2,OO%,5700.0,OXX,11.0,1930.0,2000.0,4877.2,4877.2,4877.2,2000.0,2000.0,42017.0,7206.8,OOX,48300.0,OXX,8.0,1933.0,2500.0,4706.8,4706.8,4706.8,2500.0,2500.0,,,,,,,,,,,,
2026-01-28,972,4,Katowice,Silesia,Poland,1993.0,41047.0,7498.264,OO%,86.8,OXX,8.0,1985.0,2500.0,4998.264,4998.264,4998.264,2500.0,2500.0,42017.0,8895.92,OO%,204.0,O%X,5.0,1988.0,3900.0,4995.92,4995.92,4995.92,3900.0,3900.0,,,,,,,,,,,,
2026-01-28,972,5,Osaka,Kansai,Japan,1947.0,41047.0,9789.688,OO%,515.6,OO%,2.0,1945.0,4800.0,4989.688,4989.688,4989.688,4800.0,4800.0,42017.0,9796.204,OO%,189.8,OO%,2.0,1945.0,4800.0,4996.204,4996.204,4996.204,4800.0,4800.0,,,,,,,,,,,,
2026-01-29,973,1,Hoyanger,Western Norway,Norway,1965.0,40347.0,5203.0,OXX,297000.0,%XX,19.0,1946.0,1000.0,4203.0,4203.0,4203.0,1000.0,1000.0,39402.0,7373.5,%XX,1453000.0,OOX,3.0,1962.0,4600.0,2773.5,2773.5,2773.5,4600.0,4600.0,,,,,,,,,,,,
2026-01-29,973,2,Washington DC,Washington DC,United States,2025.0,40347.0,9800.0,OOO,12.5,OO%,2.0,2023.0,4800.0,5000.0,5000.0,5000.0,4800.0,4800.0,39402.0,10000.0,OOO,44.0,OOO,0.0,2025.0,5000.0,5000.0,5000.0,5000.0,5000.0,5000.0,,,,,,,,,,,,
2026-01-29,973,3,Saint Petersburg,Northwestern,Russia,1935.0,40347.0,7971.35,%XX,1057300.0,OOO,0.0,1935.0,5000.0,2971.35,2971.35,2971.35,5000.0,5000.0,39402.0,6308.0,OXX,692000.0,OXX,8.0,1927.0,2500.0,3808.0,3808.0,3808.0,2500.0,2500.0,,,,,,,,,,,,
2026-01-29,973,4,Dhaka,,Bangladesh,1981.0,40347.0,7491.84,OO%,408.0,OXX,9.0,1972.0,2500.0,4991.84,4991.84,4991.84,2500.0,2500.0,39402.0,6452.5,%XX,1895000.0,O%X,5.0,1986.0,3900.0,2552.5,2552.5,2552.5,3900.0,3900.0,,,,,,,,,,,,
2026-01-29,973,5,Amsterdam,North Holland,Netherlands,1971.0,40347.0,9880.4,OO%,3100.0,OO%,1.0,1972.0,4950.0,4930.4,4930.4,4930.4,4950.0,4950.0,39402.0,9268.4,OOX,57900.0,OOX,3.0,1968.0,4600.0,4668.4,4668.4,4668.4,4600.0,4600.0,,,,,,,,,,,,
2026-01-30,974,1,Taipei,,Taiwan,2022.0,42989.0,9960.8,OO%,1200.0,OOO,0.0,2022.0,5000.0,4960.8,4960.8,4960.8,5000.0,5000.0,40881.0,9906.0,OO%,1500.0,OO%,1.0,2023.0,4950.0,4956.0,4956.0,4956.0,4950.0,4950.0,,,,,,,,,,,,
2026-01-30,974,2,Copenhagen,Capital Region,Denmark,1960.0,42989.0,9248.0,OO%,2000.0,OOX,4.0,1964.0,4300.0,4948.0,4948.0,4948.0,4300.0,4300.0,40881.0,6380.0,OXX,620000.0,OXX,8.0,1952.0,2500.0,3880.0,3880.0,3880.0,2500.0,2500.0,,,,,,,,,,,,
2026-01-30,974,3,Istanbul,Marmara,Turkiye,1984.0,42989.0,8382.228,OO%,888.6,O%X,6.0,1978.0,3400.0,4982.228,4982.228,4982.228,3400.0,3400.0,40881.0,9800.0,OOO,47.4,OO%,2.0,1986.0,4800.0,5000.0,5000.0,5000.0,4800.0,4800.0,,,,,,,,,,,,
2026-01-30,974,4,Paris,Ile-de-France,France,1999.0,42989.0,8398.894,OO%,55.3,O%X,6.0,2005.0,3400.0,4998.894,4998.894,4998.894,3400.0,3400.0,40881.0,9798.652,OO%,67.4,OO%,2.0,1997.0,4800.0,4998.652,4998.652,4998.652,4800.0,4800.0,,,,,,,,,,,,
2026-01-30,974,5,London,England,United Kingdom,1940.0,42989.0,6998.29,OO%,85.5,OXX,15.0,1925.0,2000.0,4998.29,4998.29,4998.29,2000.0,2000.0,40881.0,4996.62,OO%,169.0,XXX,22.0,1918.0,0.0,4996.62,4996.62,4996.62,0.0,0.0,,,,,,,,,,,,
2026-02-02,977,1,Amsterdam,North Holland,Netherlands,1964.0,47361.0,9466.8,OOX,58300.0,OO%,2.0,1962.0,4800.0,4666.8,4666.8,4666.8,4800.0,4800.0,37053.0,9474.4,OOX,56400.0,OO%,2.0,1962.0,4800.0,4674.4,4674.4,4674.4,4800.0,4800.0,,,,,,,,,,,,
2026-02-02,977,2,Baltimore,Maryland,United States,1954.0,47361.0,9746.4,OO%,2100.0,OO%,2.0,1956.0,4800.0,4946.4,4946.4,4946.4,4800.0,4800.0,37053.0,7756.0,O%X,144000.0,O%X,7.0,1947.0,3400.0,4356.0,4356.0,4356.0,3400.0,3400.0,,,,,,,,,,,,
2026-02-02,977,3,Tonsberg,Eastern Norway,Norway,1906.0,47361.0,9900.0,OO%,5000.0,OOO,0.0,1906.0,5000.0,4900.0,4900.0,4900.0,5000.0,5000.0,37053.0,9190.0,OXX,310000.0,OOO,0.0,1906.0,5000.0,4190.0,4190.0,4190.0,5000.0,5000.0,,,,,,,,,,,,
2026-02-02,977,4,Brasilia,Center-West,Brazil,2023.0,47361.0,8440.0,OXX,860000.0,OO%,2.0,2025.0,4800.0,3640.0,3640.0,3640.0,4800.0,4800.0,37053.0,4812.0,XXX,16308000.0,OO%,2.0,2025.0,4800.0,12.0,12.0,12.0,4800.0,4800.0,,,,,,,,,,,,
2026-02-02,977,5,Tokyo,Kanto,Japan,1949.0,47361.0,9826.8,OO%,5800.0,OO%,1.0,1948.0,4950.0,4876.8,4876.8,4876.8,4950.0,4950.0,37053.0,5821.2,OO%,19700.0,%XX,19.0,1930.0,1000.0,4821.2,4821.2,4821.2,1000.0,1000.0,,,,,,,,,,,,
2026-02-03,978,1,Venice,Veneto,Italy,1927.0,35407.0,9800.0,OOO,25.7,OO%,2.0,1929.0,4800.0,5000.0,5000.0,5000.0,4800.0,4800.0,30003.0,5987.684,OO%,615.8,%XX,18.0,1909.0,1000.0,4987.684,4987.684,4987.684,1000.0,1000.0,,,,,,,,,,,,
2026-02-03,978,2,Sydney,New South Wales,Australia,1980.0,35407.0,2012.0,XXX,14586600.0,OXX,12.0,1968.0,2000.0,12.0,12.0,12.0,2000.0,2000.0,30003.0,4312.0,XXX,14585000.0,OOX,4.0,1976.0,4300.0,12.0,12.0,12.0,4300.0,4300.0,,,,,,,,,,,,
2026-02-03,978,3,Tehran,,Iran,2008.0,35407.0,7309.4,%XX,1981200.0,OO%,2.0,2010.0,4800.0,2509.4,2509.4,2509.4,4800.0,4800.0,30003.0,7414.4,OO%,4100.0,OXX,8.0,2016.0,2500.0,4914.4,4914.4,4914.4,2500.0,2500.0,,,,,,,,,,,,
2026-02-03,978,4,Thessaloniki,Central Macedonia,Greece,1963.0,35407.0,6698.5,OXX,301500.0,OXX,9.0,1972.0,2500.0,4198.5,4198.5,4198.5,2500.0,2500.0,30003.0,2503.5,%XX,1993000.0,XXX,23.0,1986.0,0.0,2503.5,2503.5,2503.5,0.0,0.0,,,,,,,,,,,,
2026-02-03,978,5,Chicago,Illinois,United States,1952.0,35407.0,9588.436,OO%,578.2,OOX,3.0,1955.0,4600.0,4988.436,4988.436,4988.436,4600.0,4600.0,30003.0,9785.66,OO%,717.0,OO%,2.0,1954.0,4800.0,4985.66,4985.66,4985.66,4800.0,4800.0,,,,,,,,,,,,
2026-02-04,979,1,Vancouver,Washington,United States,1960.0,33418.0,7489.23,OO%,538.5,OXX,8.0,1968.0,2500.0,4989.23,4989.23,4989.23,2500.0,2500.0,38674.0,9938.8,OO%,560.0,OO%,1.0,1961.0,4950.0,4988.8,4988.8,4988.8,4950.0,4950.0,,,,,,,,,,,,
2026-02-04,979,2,Capri,Campania,Italy,1960.0,33418.0,6996.694,OO%,165.3,OXX,12.0,1972.0,2000.0,4996.694,4996.694,4996.694,2000.0,2000.0,38674.0,6993.42,OO%,329.0,OXX,15.0,1975.0,2000.0,4993.42,4993.42,4993.42,2000.0,2000.0,,,,,,,,,,,,
2026-02-04,979,3,Beijing,Beijing,China,1998.0,33418.0,9618.4,OOX,57900.0,OO%,1.0,1997.0,4950.0,4668.4,4668.4,4668.4,4950.0,4950.0,38674.0,8592.0,OOX,52000.0,O%X,5.0,1993.0,3900.0,4692.0,4692.0,4692.0,3900.0,3900.0,,,,,,,,,,,,
2026-02-04,979,4,Zurich,Zurich,Switzerland,2010.0,33418.0,8485.8,OXX,614200.0,OOX,3.0,2007.0,4600.0,3885.8,3885.8,3885.8,4600.0,4600.0,38674.0,8023.0,OXX,777000.0,OOX,4.0,2006.0,4300.0,3723.0,3723.0,3723.0,4300.0,4300.0,,,,,,,,,,,,
2026-02-04,979,5,Vancouver,British Columbia,Canada,1932.0,33418.0,828.3399999999999,XXX,3358300.0,XXX,22.0,1954.0,0.0,828.3399999999999,828.3399999999999,828.3399999999999,0.0,0.0,38674.0,5128.4,XXX,3358000.0,OOX,4.0,1928.0,4300.0,828.4,828.4,828.4,4300.0,4300.0,,,,,,,,,,,,
2026-02-05,980,1,New York,New York,United States,2025.0,46995.0,9989.49,OO%,525.5,OOO,0.0,2025.0,5000.0,4989.49,4989.49,4989.49,5000.0,5000.0,34019.0,9993.6,OO%,320.0,OOO,0.0,2025.0,5000.0,4993.6,4993.6,4993.6,5000.0,5000.0,,,,,,,,,,,,
2026-02-05,980,2,New Delhi,Delhi,India,1959.0,46995.0,9925.6,OO%,3400.0,OOO,0.0,1959.0,5000.0,4925.6,4925.6,4925.6,5000.0,5000.0,34019.0,1500.0,XXX,5000000.0,%XX,19.0,1978.0,1000.0,500.0,500.0,500.0,1000.0,1000.0,,,,,,,,,,,,
2026-02-05,980,3,Madrid,Madrid,Spain,1984.0,46995.0,8387.008,OO%,649.6,O%X,6.0,1978.0,3400.0,4987.008,4987.008,4987.008,3400.0,3400.0,34019.0,7488.92,OO%,554.0,OXX,8.0,1992.0,2500.0,4988.92,4988.92,4988.92,2500.0,2500.0,,,,,,,,,,,,
2026-02-05,980,4,Budapest,Central Hungary,Hungary,1961.0,46995.0,9795.493999999999,OO%,225.3,OO%,2.0,1959.0,4800.0,4995.494,4995.494,4995.494,4800.0,4800.0,34019.0,9005.0,OXX,445000.0,OO%,1.0,1962.0,4950.0,4055.0,4055.0,4055.0,4950.0,4950.0,,,,,,,,,,,,
2026-02-05,980,5,Katoomba,New South Wales,Australia,1918.0,46995.0,8898.814,OO%,59.3,O%X,5.0,1913.0,3900.0,4998.814,4998.814,4998.814,3900.0,3900.0,34019.0,6031.4102,XXX,2306000.0,OOX,4.0,1914.0,4300.0,1731.4101999999998,1731.4101999999998,1731.4101999999998,4300.0,4300.0,,,,,,,,,,,,
2026-02-23,998,1,Hanoi,Red River Delta,Vietnam,2019.0,44671.0,9949.6,OO%,1900.0,OOO,0.0,2019.0,5000.0,4949.6,4949.6,4949.6,5000.0,5000.0,44276.0,9727.2,OO%,3300.0,OO%,2.0,2021.0,4800.0,4927.2,4927.2,4927.2,4800.0,4800.0,,,,,,,,,,,,
2026-02-23,998,2,Cardiff,Wales,United Kingdom,1958.0,44671.0,9991.558,OO%,422.1,OOO,0.0,1958.0,5000.0,4991.558,4991.558,4991.558,5000.0,5000.0,44276.0,9906.0,OO%,1500.0,OO%,1.0,1959.0,4950.0,4956.0,4956.0,4956.0,4950.0,4950.0,,,,,,,,,,,,
2026-02-23,998,3,Zurich,Zurich,Switzerland,1984.0,44671.0,7494.474,OO%,276.3,OXX,10.0,1994.0,2500.0,4994.474,4994.474,4994.474,2500.0,2500.0,44276.0,6014.0,OXX,486000.0,OXX,12.0,1996.0,2000.0,4014.0,4014.0,4014.0,2000.0,2000.0,,,,,,,,,,,,
2026-02-23,998,4,Gothenburg,Gotaland,Sweden,1901.0,44671.0,7316.3,OXX,583700.0,O%X,7.0,1908.0,3400.0,3916.3,3916.3,3916.3,3400.0,3400.0,44276.0,8873.0,O%X,227000.0,OOX,3.0,1904.0,4600.0,4273.0,4273.0,4273.0,4600.0,4600.0,,,,,,,,,,,,
2026-02-23,998,5,Gaza,,Palestine,2026.0,44671.0,9919.2,OO%,3800.0,OOO,0.0,2026.0,5000.0,4919.2,4919.2,4919.2,5000.0,5000.0,44276.0,9757.2,OO%,23200.0,OO%,1.0,2025.0,4950.0,4807.2,4807.2,4807.2,4950.0,4950.0,,,,,,,,,,,,
2026-02-24,999,1,Miami,Florida,United States,1979.0,38018.0,7319.6,OO%,20100.0,OXX,9.0,1970.0,2500.0,4819.6,4819.6,4819.6,2500.0,2500.0,31947.0,4684.5,%XX,1631000.0,OXX,14.0,1965.0,2000.0,2684.5,2684.5,2684.5,2000.0,2000.0,,,,,,,,,,,,
2026-02-24,999,2,Prague,Bohemia,Czechia,1960.0,38018.0,4998.628,OO%,68.6,XXX,21.0,1981.0,0.0,4998.628,4998.628,4998.628,0.0,0.0,31947.0,4987.636,OO%,618.2,XXX,24.0,1984.0,0.0,4987.636,4987.636,4987.636,0.0,0.0,,,,,,,,,,,,
2026-02-24,999,3,Machu Picchu,Cusco,Peru,2016.0,38018.0,9797.0,OO%,150.0,OO%,2.0,2018.0,4800.0,4997.0,4997.0,4997.0,4800.0,4800.0,31947.0,9790.7,OO%,465.0,OO%,2.0,2018.0,4800.0,4990.7,4990.7,4990.7,4800.0,4800.0,,,,,,,,,,,,
2026-02-24,999,4,Brussels,Brussels Capital Region,Belgium,1980.0,38018.0,8444.0,OOX,89000.0,O%X,5.0,1975.0,3900.0,4544.0,4544.0,4544.0,3900.0,3900.0,31947.0,7213.2,OOX,46700.0,OXX,10.0,1990.0,2500.0,4713.2,4713.2,4713.2,2500.0,2500.0,,,,,,,,,,,,
2026-02-24,999,5,Washington DC,Washington DC,United States,1911.0,38018.0,7457.6,OO%,1400.0,OXX,8.0,1919.0,2500.0,4957.6,4957.6,4957.6,2500.0,2500.0,31947.0,5270.6,XXX,5897000.0,OO%,1.0,1910.0,4950.0,320.5999999999999,320.5999999999999,320.5999999999999,4950.0,4950.0,,,,,,,,,,,,
2026-02-25,1000,1,Macao,Macau,China,2008.0,38551.0,10000.0,OOO,2.6,OOO,0.0,2008.0,5000.0,5000.0,5000.0,5000.0,5000.0,5000.0,38292.0,9998.96,OO%,52.0,OOO,0.0,2008.0,5000.0,4998.96,4998.96,4998.96,5000.0,5000.0,,,,,,,,,,,,
2026-02-25,1000,2,Helsinki,Helsinki-Uusimaa,Finland,1945.0,38551.0,7000.0,OOO,9.1,OXX,12.0,1933.0,2000.0,5000.0,5000.0,5000.0,2000.0,2000.0,38292.0,7189.5,%XX,1821000.0,OOX,3.0,1948.0,4600.0,2589.5,2589.5,2589.5,4600.0,4600.0,,,,,,,,,,,,
2026-02-25,1000,3,Paris,Ile-de-France,France,1978.0,38551.0,7898.0,%XX,1104000.0,OO%,1.0,1977.0,4950.0,2948.0,2948.0,2948.0,4950.0,4950.0,38292.0,4948.0,%XX,1104000.0,OXX,11.0,1989.0,2000.0,2948.0,2948.0,2948.0,2000.0,2000.0,,,,,,,,,,,,
2026-02-25,1000,4,Busan,Gyeongsang,South Korea,1980.0,38551.0,6672.9,OXX,327100.0,OXX,8.0,1988.0,2500.0,4172.9,4172.9,4172.9,2500.0,2500.0,38292.0,6875.0,O%X,125000.0,OXX,9.0,1989.0,2500.0,4375.0,4375.0,4375.0,2500.0,2500.0,,,,,,,,,,,,
2026-02-25,1000,5,Seattle,Washington,United States,1925.0,38551.0,6980.12,OO%,994.0,OXX,11.0,1914.0,2000.0,4980.12,4980.12,4980.12,2000.0,2000.0,38292.0,9280.7,OO%,965.0,OOX,4.0,1921.0,4300.0,4980.7,4980.7,4980.7,4300.0,4300.0,,,,,,,,,,,,
2026-02-26,1001,1,Milan,Lombardy,Italy,1988.0,35507.0,9020.2,OXX,479800.0,OOO,0.0,1988.0,5000.0,4020.2,4020.2,4020.2,5000.0,5000.0,35617.0,9933.6,OO%,2900.0,OOO,0.0,1988.0,5000.0,4933.6,4933.6,4933.6,5000.0,5000.0,,,,,,,,,,,,
2026-02-26,1001,2,Washington DC,Washington DC,United States,2026.0,35507.0,10000.0,OOO,2.8,OOO,0.0,2026.0,5000.0,5000.0,5000.0,5000.0,5000.0,5000.0,35617.0,10000.0,OOO,2.9,OOO,0.0,2026.0,5000.0,5000.0,5000.0,5000.0,5000.0,5000.0,,,,,,,,,,,,
2026-02-26,1001,3,Wellington,Wellington,New Zealand,1940.0,35507.0,12.0,XXX,15353000.0,XXX,24.0,1916.0,0.0,12.0,12.0,12.0,0.0,0.0,35617.0,12.0,XXX,18811900.0,XXX,23.0,1917.0,0.0,12.0,12.0,12.0,0.0,0.0,,,,,,,,,,,,
2026-02-26,1001,4,Ibadan,,Nigeria,1962.0,35507.0,6885.2,O%X,114800.0,OXX,8.0,1970.0,2500.0,4385.2,4385.2,4385.2,2500.0,2500.0,35617.0,9385.2,O%X,114800.0,OOO,0.0,1962.0,5000.0,4385.2,4385.2,4385.2,5000.0,5000.0,,,,,,,,,,,,
2026-02-26,1001,5,Sarajevo,,Bosnia and Herzegovina,1994.0,35507.0,9590.042000000001,OO%,497.9,OOX,3.0,1991.0,4600.0,4990.042,4990.042,4990.042,4600.0,4600.0,35617.0,6287.0,OXX,713000.0,OXX,9.0,1985.0,2500.0,3787.0,3787.0,3787.0,2500.0,2500.0,,,,,,,,,,,,
2026-02-27,1002,1,Athens,Attica,Greece,1910.0,46522.0,8900.0,OOO,21.1,O%X,5.0,1905.0,3900.0,5000.0,5000.0,5000.0,3900.0,3900.0,42566.0,7498.734,OO%,63.3,OXX,8.0,1902.0,2500.0,4998.734,4998.734,4998.734,2500.0,2500.0,,,,,,,,,,,,
2026-02-27,1002,2,New York,New York,United States,1956.0,46522.0,9991.24,OO%,438.0,OOO,0.0,1956.0,5000.0,4991.24,4991.24,4991.24,5000.0,5000.0,42566.0,9982.380000000001,OO%,881.0,OOO,0.0,1956.0,5000.0,4982.38,4982.38,4982.38,5000.0,5000.0,,,,,,,,,,,,
2026-02-27,1002,3,Quito,,Ecuador,2009.0,46522.0,8766.8,OO%,8300.0,O%X,5.0,2004.0,3900.0,4866.8,4866.8,4866.8,3900.0,3900.0,42566.0,9208.0,OO%,4500.0,OOX,4.0,2005.0,4300.0,4908.0,4908.0,4908.0,4300.0,4300.0,,,,,,,,,,,,
2026-02-27,1002,4,Paris,Ile-de-France,France,1969.0,46522.0,9600.0,OOO,2.8,OOX,3.0,1972.0,4600.0,5000.0,5000.0,5000.0,4600.0,4600.0,42566.0,6991.62,OO%,419.0,OXX,13.0,1982.0,2000.0,4991.62,4991.62,4991.62,2000.0,2000.0,,,,,,,,,,,,
2026-02-27,1002,5,Toronto,Ontario,Canada,2019.0,46522.0,9280.0,OO%,1000.0,OOX,4.0,2023.0,4300.0,4980.0,4980.0,4980.0,4300.0,4300.0,42566.0,8884.64,OO%,768.0,O%X,5.0,2024.0,3900.0,4984.64,4984.64,4984.64,3900.0,3900.0,,,,,,,,,,,,
2026-03-02,1005,1,Bangkok,Central Thailand,Thailand,2020.0,42475.0,9941.6,OO%,2400.0,OOO,0.0,2020.0,5000.0,4941.6,4941.6,4941.6,5000.0,5000.0,42074.0,9922.4,OO%,3600.0,OOO,0.0,2020.0,5000.0,4922.4,4922.4,4922.4,5000.0,5000.0,,,,,,,,,,,,
2026-03-02,1005,2,Copenhagen,Capital Region,Denmark,1960.0,42475.0,8535.0,OXX,765000.0,OO%,2.0,1962.0,4800.0,3735.0,3735.0,3735.0,4800.0,4800.0,42074.0,8817.0,OXX,483000.0,OO%,2.0,1962.0,4800.0,4017.0,4017.0,4017.0,4800.0,4800.0,,,,,,,,,,,,
2026-03-02,1005,3,Yogyakarta,,Indonesia,1974.0,42475.0,9544.8,OO%,2200.0,OOX,3.0,1977.0,4600.0,4944.8,4944.8,4944.8,4600.0,4600.0,42074.0,7974.0,OXX,426000.0,O%X,5.0,1979.0,3900.0,4074.0,4074.0,4074.0,3900.0,3900.0,,,,,,,,,,,,
2026-03-02,1005,4,London,England,United Kingdom,1964.0,42475.0,7480.0,OO%,1000.0,OXX,9.0,1973.0,2500.0,4980.0,4980.0,4980.0,2500.0,2500.0,42074.0,7482.96,OO%,852.0,OXX,8.0,1972.0,2500.0,4982.96,4982.96,4982.96,2500.0,2500.0,,,,,,,,,,,,
2026-03-02,1005,5,Stockholm,Svealand,Sweden,1941.0,42475.0,6987.868,OO%,606.6,OXX,13.0,1954.0,2000.0,4987.868,4987.868,4987.868,2000.0,2000.0,42074.0,7878.0,OXX,522000.0,O%X,5.0,1936.0,3900.0,3978.0,3978.0,3978.0,3900.0,3900.0,,,,,,,,,,,,
2026-03-03,1006,1,Amersfoort,Utrecht,Netherlands,1963.0,46368.0,9950.0,OOO,46.8,OO%,1.0,1962.0,4950.0,5000.0,5000.0,5000.0,4950.0,4950.0,42953.0,8167.2,OO%,33200.0,O%X,7.0,1956.0,3400.0,4767.2,4767.2,4767.2,3400.0,3400.0,,,,,,,,,,,,
2026-03-03,1006,2,West Allis,Wisconsin,United States,2013.0,46368.0,9944.810000000001,OO%,259.5,OO%,1.0,2014.0,4950.0,4994.81,4994.81,4994.81,4950.0,4950.0,42953.0,6838.7,O%X,161300.0,OXX,10.0,2003.0,2500.0,4338.7,4338.7,4338.7,2500.0,2500.0,,,,,,,,,,,,
2026-03-03,1006,3,Helsinki,Helsinki-Uusimaa,Finland,1948.0,46368.0,9260.8,OO%,1200.0,OOX,4.0,1952.0,4300.0,4960.8,4960.8,4960.8,4300.0,4300.0,42953.0,8360.8,OO%,1200.0,O%X,7.0,1941.0,3400.0,4960.8,4960.8,4960.8,3400.0,3400.0,,,,,,,,,,,,
2026-03-03,1006,4,San Francisco,California,United States,1992.0,46368.0,9295.318,OO%,234.1,OOX,4.0,1988.0,4300.0,4995.318,4995.318,4995.318,4300.0,4300.0,42953.0,9787.720000000001,OO%,614.0,OO%,2.0,1990.0,4800.0,4987.72,4987.72,4987.72,4800.0,4800.0,,,,,,,,,,,,
2026-03-03,1006,5,Dunedin,Otago,New Zealand,1920.0,46368.0,7917.65,%XX,1064700.0,OO%,1.0,1921.0,4950.0,2967.65,2967.65,2967.65,4950.0,4950.0,42953.0,9798.288,OO%,85.6,OO%,2.0,1918.0,4800.0,4998.288,4998.288,4998.288,4800.0,4800.0,,,,,,,,,,,,
2026-03-04,1007,1,Phoenix,Arizona,United States,1940.0,47151.0,8272.8,OO%,6800.0,O%X,6.0,1946.0,3400.0,4872.8,4872.8,4872.8,3400.0,3400.0,39730.0,6496.12873,XXX,2861900.0,OO%,1.0,1939.0,4950.0,1546.12873,1546.12873,1546.12873,4950.0,4950.0,,,,,,,,,,,,
2026-03-04,1007,2,Montreal,Quebec,Canada,1973.0,47151.0,9948.198,OO%,90.1,OO%,1.0,1974.0,4950.0,4998.198,4998.198,4998.198,4950.0,4950.0,39730.0,9910.8,OO%,1200.0,OO%,1.0,1974.0,4950.0,4960.8,4960.8,4960.8,4950.0,4950.0,,,,,,,,,,,,
2026-03-04,1007,3,Sarajevo,,Bosnia and Herzegovina,1997.0,47151.0,9780.0,OO%,1000.0,OO%,2.0,1995.0,4800.0,4980.0,4980.0,4980.0,4800.0,4800.0,39730.0,8380.0,OO%,1000.0,O%X,6.0,2003.0,3400.0,4980.0,4980.0,4980.0,3400.0,3400.0,,,,,,,,,,,,
2026-03-04,1007,4,Feldkirch Austrian Border,,Liechtenstein,1978.0,47151.0,9870.8,OO%,3700.0,OO%,1.0,1977.0,4950.0,4920.8,4920.8,4920.8,4950.0,4950.0,39730.0,8083.0,OXX,317000.0,O%X,5.0,1973.0,3900.0,4183.0,4183.0,4183.0,3900.0,3900.0,,,,,,,,,,,,
2026-03-04,1007,5,Varanasi,Uttar Pradesh,India,2019.0,47151.0,9295.702000000001,OO%,214.9,OOX,4.0,2015.0,4300.0,4995.702,4995.702,4995.702,4300.0,4300.0,39730.0,6877.5,%XX,1845000.0,OOX,4.0,2023.0,4300.0,2577.5,2577.5,2577.5,4300.0,4300.0,,,,,,,,,,,,
2026-03-05,1008,1,Nampa,Idaho,United States,1941.0,33913.0,4826.8,OO%,18300.0,XXX,21.0,1920.0,0.0,4826.8,4826.8,4826.8,0.0,0.0,38110.0,6781.2,OO%,29700.0,OXX,15.0,1956.0,2000.0,4781.2,4781.2,4781.2,2000.0,2000.0,,,,,,,,,,,,
2026-03-05,1008,2,Bratislava,,Slovakia,1960.0,33913.0,6000.0,OOO,39.2,%XX,20.0,1980.0,1000.0,5000.0,5000.0,5000.0,1000.0,1000.0,38110.0,4991.32,OO%,434.0,XXX,23.0,1983.0,0.0,4991.32,4991.32,4991.32,0.0,0.0,,,,,,,,,,,,
2026-03-05,1008,3,Oslo,Eastern Norway,Norway,1951.0,33913.0,9600.0,OOO,29.6,OOX,3.0,1954.0,4600.0,5000.0,5000.0,5000.0,4600.0,4600.0,38110.0,9286.76,OO%,662.0,OOX,4.0,1955.0,4300.0,4986.76,4986.76,4986.76,4300.0,4300.0,,,,,,,,,,,,
2026-03-05,1008,4,Hanoi,Red River Delta,Vietnam,1978.0,33913.0,3928.0,%XX,1144000.0,%XX,16.0,1962.0,1000.0,2928.0,2928.0,2928.0,1000.0,1000.0,38110.0,7480.0,OO%,1000.0,OXX,10.0,1968.0,2500.0,4980.0,4980.0,4980.0,2500.0,2500.0,,,,,,,,,,,,
2026-03-05,1008,5,Santiago,Santiago Metropolitan,Chile,2015.0,33913.0,9557.6,OO%,1400.0,OOX,3.0,2018.0,4600.0,4957.6,4957.6,4957.6,4600.0,4600.0,38110.0,9586.939999999999,OO%,653.0,OOX,3.0,2018.0,4600.0,4986.94,4986.94,4986.94,4600.0,4600.0,,,,,,,,,,,,
2026-03-06,1009,1,Minsk,,Belarus,2020.0,43026.0,7498.504,OO%,74.8,OXX,8.0,2012.0,2500.0,4998.504,4998.504,4998.504,2500.0,2500.0,39469.0,8424.0,OXX,676000.0,OOX,3.0,2017.0,4600.0,3824.0,3824.0,3824.0,4600.0,4600.0,,,,,,,,,,,,
2026-03-06,1009,2,Amsterdam,North Holland,Netherlands,1950.0,43026.0,9581.754,OO%,912.3,OOX,3.0,1953.0,4600.0,4981.754,4981.754,4981.754,4600.0,4600.0,39469.0,6989.7,OO%,515.0,OXX,12.0,1962.0,2000.0,4989.7,4989.7,4989.7,2000.0,2000.0,,,,,,,,,,,,
2026-03-06,1009,3,New York,New York,United States,1985.0,43026.0,7000.0,OOO,6.2,OXX,11.0,1996.0,2000.0,5000.0,5000.0,5000.0,2000.0,2000.0,39469.0,5000.0,OOO,6.8,XXX,23.0,2008.0,0.0,5000.0,5000.0,5000.0,0.0,0.0,,,,,,,,,,,,
2026-03-06,1009,4,Bogota,,Colombia,2017.0,43026.0,9952.8,OO%,1700.0,OOO,0.0,2017.0,5000.0,4952.8,4952.8,4952.8,5000.0,5000.0,39469.0,9859.6,OO%,4400.0,OO%,1.0,2016.0,4950.0,4909.6,4909.6,4909.6,4950.0,4950.0,,,,,,,,,,,,
2026-03-06,1009,5,Kozani,Western Macedonia,Greece,1964.0,43026.0,8991.8,OXX,308200.0,OO%,2.0,1966.0,4800.0,4191.8,4191.8,4191.8,4800.0,4800.0,39469.0,9194.8,O%X,105200.0,OO%,2.0,1962.0,4800.0,4394.8,4394.8,4394.8,4800.0,4800.0,,,,,,,,,,,,
2026-03-09,1012,1,Tirana,,Albania,2025.0,43096.0,10000.0,OOO,4.1,OOO,0.0,2025.0,5000.0,5000.0,5000.0,5000.0,5000.0,5000.0,38093.0,9110.0,OXX,390000.0,OOO,0.0,2025.0,5000.0,4110.0,4110.0,4110.0,5000.0,5000.0,,,,,,,,,,,,
2026-03-09,1012,2,Buenos Aires,,Argentina,1974.0,43096.0,7377.2,OO%,5700.0,OXX,8.0,1982.0,2500.0,4877.2,4877.2,4877.2,2500.0,2500.0,38093.0,2012.0,XXX,8927000.0,OXX,11.0,1985.0,2000.0,12.0,12.0,12.0,2000.0,2000.0,,,,,,,,,,,,
2026-03-09,1012,3,Amsterdam,North Holland,Netherlands,1951.0,43096.0,9866.0,OO%,4000.0,OO%,1.0,1950.0,4950.0,4916.0,4916.0,4916.0,4950.0,4950.0,38093.0,8825.6,OO%,3400.0,O%X,5.0,1956.0,3900.0,4925.6,4925.6,4925.6,3900.0,3900.0,,,,,,,,,,,,
2026-03-09,1012,4,Antananarivo,,Madagascar,2012.0,43096.0,8900.0,OOO,19.1,O%X,5.0,2007.0,3900.0,5000.0,5000.0,5000.0,3900.0,3900.0,38093.0,8393.96,OO%,302.0,O%X,7.0,2005.0,3400.0,4993.96,4993.96,4993.96,3400.0,3400.0,,,,,,,,,,,,
2026-03-09,1012,5,Milwaukee,Wisconsin,United States,1945.0,43096.0,6952.8,OO%,1700.0,OXX,15.0,1960.0,2000.0,4952.8,4952.8,4952.8,2000.0,2000.0,38093.0,9752.8,OO%,1700.0,OO%,2.0,1943.0,4800.0,4952.8,4952.8,4952.8,4800.0,4800.0,,,,,,,,,,,,
2026-03-10,1013,1,Sydney,New South Wales,Australia,2019.0,36498.0,9798.498,OO%,75.1,OO%,2.0,2017.0,4800.0,4998.498,4998.498,4998.498,4800.0,4800.0,40086.0,9587.939999999999,OO%,603.0,OOX,3.0,2016.0,4600.0,4987.94,4987.94,4987.94,4600.0,4600.0,,,,,,,,,,,,
2026-03-10,1013,2,Jakarta,,Indonesia,1971.0,36498.0,6948.0,OO%,2000.0,OXX,14.0,1957.0,2000.0,4948.0,4948.0,4948.0,2000.0,2000.0,40086.0,7368.8,OO%,7800.0,OXX,9.0,1962.0,2500.0,4868.8,4868.8,4868.8,2500.0,2500.0,,,,,,,,,,,,
2026-03-10,1013,3,Washington DC,Washington DC,United States,1930.0,36498.0,4998.66,OO%,67.0,XXX,32.0,1962.0,0.0,4998.66,4998.66,4998.66,0.0,0.0,40086.0,8398.966,OO%,51.7,O%X,6.0,1936.0,3400.0,4998.966,4998.966,4998.966,3400.0,3400.0,,,,,,,,,,,,
2026-03-10,1013,4,Antwerp,Flanders,Belgium,1997.0,36498.0,7766.8,O%X,133200.0,O%X,6.0,1991.0,3400.0,4366.8,4366.8,4366.8,3400.0,3400.0,40086.0,7234.4,OOX,41400.0,OXX,10.0,1987.0,2500.0,4734.4,4734.4,4734.4,2500.0,2500.0,,,,,,,,,,,,
2026-03-10,1013,5,Lisbon,Lisbon,Portugal,1983.0,36498.0,6987.444,OO%,627.8,OXX,14.0,1997.0,2000.0,4987.444,4987.444,4987.444,2000.0,2000.0,40086.0,7495.9,OO%,205.0,OXX,9.0,1992.0,2500.0,4995.9,4995.9,4995.9,2500.0,2500.0,,,,,,,,,,,,
2026-03-11,1014,1,New York,New York,United States,1939.0,47403.0,10000.0,OOO,13.6,OOO,0.0,1939.0,5000.0,5000.0,5000.0,5000.0,5000.0,5000.0,38794.0,9993.279999999999,OO%,336.0,OOO,0.0,1939.0,5000.0,4993.28,4993.28,4993.28,5000.0,5000.0,,,,,,,,,,,,
2026-03-11,1014,2,Istanbul,Marmara,Turkiye,1965.0,47403.0,9589.878,OO%,506.1,OOX,3.0,1962.0,4600.0,4989.878,4989.878,4989.878,4600.0,4600.0,38794.0,7344.0,%XX,1512000.0,OOX,3.0,1962.0,4600.0,2744.0,2744.0,2744.0,4600.0,4600.0,,,,,,,,,,,,
2026-03-11,1014,3,Phnom Penh,,Cambodia,2014.0,47403.0,9506.4,OO%,4600.0,OOX,3.0,2017.0,4600.0,4906.4,4906.4,4906.4,4600.0,4600.0,38794.0,7451.2,OO%,1800.0,OXX,9.0,2023.0,2500.0,4951.2,4951.2,4951.2,2500.0,2500.0,,,,,,,,,,,,
2026-03-11,1014,4,Ljubljana,,Slovenia,1932.0,47403.0,8313.4,OXX,486600.0,OOX,4.0,1928.0,4300.0,4013.4,4013.4,4013.4,4300.0,4300.0,38794.0,4051.0,OXX,449000.0,XXX,27.0,1959.0,0.0,4051.0,4051.0,4051.0,0.0,0.0,,,,,,,,,,,,
2026-03-11,1014,5,Copenhagen,Capital Region,Denmark,1917.0,47403.0,9993.351999999999,OO%,332.4,OOO,0.0,1917.0,5000.0,4993.352,4993.352,4993.352,5000.0,5000.0,38794.0,9954.4,OO%,1600.0,OOO,0.0,1917.0,5000.0,4954.4,4954.4,4954.4,5000.0,5000.0,,,,,,,,,,,,
2026-03-12,1015,1,Wrzesnia,Greater Poland,Poland,1984.0,42550.0,9723.6,OOX,44100.0,OOO,0.0,1984.0,5000.0,4723.6,4723.6,4723.6,5000.0,5000.0,36379.0,5724.4,OOX,43900.0,%XX,18.0,1966.0,1000.0,4724.4,4724.4,4724.4,1000.0,1000.0,,,,,,,,,,,,
2026-03-12,1015,2,Stockholm,Svealand,Sweden,1965.0,42550.0,4983.568,OO%,821.6,XXX,29.0,1994.0,0.0,4983.568,4983.568,4983.568,0.0,0.0,36379.0,5782.0,OXX,718000.0,OXX,13.0,1978.0,2000.0,3782.0,3782.0,3782.0,2000.0,2000.0,,,,,,,,,,,,
2026-03-12,1015,3,Chicago,Illinois,United States,1905.0,42550.0,9581.65,OO%,917.5,OOX,3.0,1908.0,4600.0,4981.65,4981.65,4981.65,4600.0,4600.0,36379.0,8273.0,O%X,127000.0,O%X,5.0,1910.0,3900.0,4373.0,4373.0,4373.0,3900.0,3900.0,,,,,,,,,,,,
2026-03-12,1015,4,N'Djamena,,Chad,2017.0,42550.0,8317.6,OO%,3900.0,O%X,7.0,2024.0,3400.0,4917.6,4917.6,4917.6,3400.0,3400.0,36379.0,6689.7477,XXX,2431000.0,OOO,0.0,2017.0,5000.0,1689.7477,1689.7477,1689.7477,5000.0,5000.0,,,,,,,,,,,,
2026-03-12,1015,5,Santiago,Santiago Metropolitan,Chile,2025.0,42550.0,9941.6,OO%,2400.0,OOO,0.0,2025.0,5000.0,4941.6,4941.6,4941.6,5000.0,5000.0,36379.0,9912.4,OO%,1100.0,OO%,1.0,2024.0,4950.0,4962.4,4962.4,4962.4,4950.0,4950.0,,,,,,,,,,,,
2026-03-13,1016,1,Dallas,Texas,United States,1943.0,42304.0,7490.778,OO%,461.1,OXX,9.0,1934.0,2500.0,4990.778,4990.778,4990.778,2500.0,2500.0,38040.0,7488.14,OO%,593.0,OXX,10.0,1933.0,2500.0,4988.14,4988.14,4988.14,2500.0,2500.0,,,,,,,,,,,,
2026-03-13,1016,2,Genghis Khan Statue,,Mongolia,2024.0,42304.0,10000.0,OOO,49.4,OOO,0.0,2024.0,5000.0,5000.0,5000.0,5000.0,5000.0,5000.0,38040.0,9800.0,OO%,12500.0,OO%,1.0,2023.0,4950.0,4850.0,4850.0,4850.0,4950.0,4950.0,,,,,,,,,,,,
2026-03-13,1016,3,Zagreb,,Croatia,1903.0,42304.0,8930.6,OXX,369400.0,OO%,2.0,1905.0,4800.0,4130.6,4130.6,4130.6,4800.0,4800.0,38040.0,4200.0,OXX,300000.0,XXX,34.0,1937.0,0.0,4200.0,4200.0,4200.0,0.0,0.0,,,,,,,,,,,,
2026-03-13,1016,4,Quebec City,Quebec,Canada,2010.0,42304.0,8897.923999999999,OO%,103.8,O%X,5.0,2015.0,3900.0,4997.924,4997.924,4997.924,3900.0,3900.0,38040.0,9069.0,O%X,231000.0,OO%,2.0,2012.0,4800.0,4269.0,4269.0,4269.0,4800.0,4800.0,,,,,,,,,,,,
2026-03-13,1016,5,Amsterdam,North Holland,Netherlands,1950.0,42304.0,6983.814,OO%,809.3,OXX,12.0,1938.0,2000.0,4983.814,4983.814,4983.814,2000.0,2000.0,38040.0,7485.2,OO%,740.0,OXX,8.0,1958.0,2500.0,4985.2,4985.2,4985.2,2500.0,2500.0,,,,,,,,,,,,
2026-03-16,1019,1,Gibraltar,Gibraltar,United Kingdom,2018.0,41718.0,9990.718,OO%,464.1,OOO,0.0,2018.0,5000.0,4990.718,4990.718,4990.718,5000.0,5000.0,40516.0,6776.4007,XXX,2021000.0,OO%,1.0,2019.0,4950.0,1826.4007,1826.4007,1826.4007,4950.0,4950.0,,,,,,,,,,,,
2026-03-16,1019,2,Brussels,Brussels Capital Region,Belgium,1960.0,41718.0,7495.75,OO%,212.5,OXX,10.0,1950.0,2500.0,4995.75,4995.75,4995.75,2500.0,2500.0,40516.0,7630.0,OXX,270000.0,O%X,6.0,1954.0,3400.0,4230.0,4230.0,4230.0,3400.0,3400.0,,,,,,,,,,,,
2026-03-16,1019,3,Berlin,Berlin,Germany,1975.0,41718.0,8390.39,OO%,480.5,O%X,7.0,1982.0,3400.0,4990.39,4990.39,4990.39,3400.0,3400.0,40516.0,8878.0,OXX,422000.0,OO%,2.0,1977.0,4800.0,4078.0,4078.0,4078.0,4800.0,4800.0,,,,,,,,,,,,
2026-03-16,1019,4,Washington DC,Washington DC,United States,1981.0,41718.0,8900.0,OOO,31.1,O%X,5.0,1976.0,3900.0,5000.0,5000.0,5000.0,3900.0,3900.0,40516.0,7487.92,OO%,604.0,OXX,9.0,1990.0,2500.0,4987.92,4987.92,4987.92,2500.0,2500.0,,,,,,,,,,,,
2026-03-16,1019,5,London,England,United Kingdom,1919.0,41718.0,6941.6,OO%,2400.0,OXX,15.0,1904.0,2000.0,4941.6,4941.6,4941.6,2000.0,2000.0,40516.0,9744.8,OO%,2200.0,OO%,2.0,1921.0,4800.0,4944.8,4944.8,4944.8,4800.0,4800.0,,,,,,,,,,,,
2026-03-17,1020,1,Dublin,Leinster,Ireland,2016.0,44785.0,9800.0,OOO,21.7,OO%,2.0,2018.0,4800.0,5000.0,5000.0,5000.0,4800.0,4800.0,47704.0,9987.8,OO%,610.0,OOO,0.0,2016.0,5000.0,4987.8,4987.8,4987.8,5000.0,5000.0,,,,,,,,,,,,
2026-03-17,1020,2,St. Anton am Arlberg,Tyrol,Austria,1955.0,44785.0,5569.6,OOX,82600.0,%XX,19.0,1974.0,1000.0,4569.6,4569.6,4569.6,1000.0,1000.0,47704.0,8208.4,OO%,22900.0,O%X,7.0,1962.0,3400.0,4808.4,4808.4,4808.4,3400.0,3400.0,,,,,,,,,,,,
2026-03-17,1020,3,Manila,,Philippines,1945.0,44785.0,9906.0,OO%,1500.0,OO%,1.0,1946.0,4950.0,4956.0,4956.0,4956.0,4950.0,4950.0,47704.0,9864.4,OO%,4100.0,OO%,1.0,1946.0,4950.0,4914.4,4914.4,4914.4,4950.0,4950.0,,,,,,,,,,,,
2026-03-17,1020,4,Riga,,Latvia,1991.0,44785.0,9956.0,OO%,1500.0,OOO,0.0,1991.0,5000.0,4956.0,4956.0,4956.0,5000.0,5000.0,47704.0,9993.439999999999,OO%,328.0,OOO,0.0,1991.0,5000.0,4993.44,4993.44,4993.44,5000.0,5000.0,,,,,,,,,,,,
2026-03-17,1020,5,Plymouth,New Hampshire,United States,1988.0,44785.0,9553.2,OOX,86700.0,OOO,0.0,1988.0,5000.0,4553.2,4553.2,4553.2,5000.0,5000.0,47704.0,9650.0,OOX,62500.0,OOO,0.0,1988.0,5000.0,4650.0,4650.0,4650.0,5000.0,5000.0,,,,,,,,,,,,
2026-03-18,1021,1,Johannesburg,Gauteng,South Africa,2010.0,34554.0,7818.45,%XX,1263100.0,OO%,1.0,2011.0,4950.0,2868.45,2868.45,2868.45,4950.0,4950.0,33764.0,4312.0,XXX,11043000.0,OOX,4.0,2006.0,4300.0,12.0,12.0,12.0,4300.0,4300.0,,,,,,,,,,,,
2026-03-18,1021,2,Paris,Ile-de-France,France,1967.0,34554.0,8860.8,OO%,1200.0,O%X,5.0,1962.0,3900.0,4960.8,4960.8,4960.8,3900.0,3900.0,33764.0,6936.8,OO%,2700.0,OXX,12.0,1979.0,2000.0,4936.8,4936.8,4936.8,2000.0,2000.0,,,,,,,,,,,,
2026-03-18,1021,3,Damascus,,Syria,1995.0,34554.0,7500.0,OOO,20.2,OXX,9.0,1986.0,2500.0,5000.0,5000.0,5000.0,2500.0,2500.0,33764.0,6191.0,OXX,309000.0,OXX,11.0,1984.0,2000.0,4191.0,4191.0,4191.0,2000.0,2000.0,,,,,,,,,,,,
2026-03-18,1021,4,Valencia,Valencia,Spain,1961.0,34554.0,3412.0,XXX,8297500.0,O%X,7.0,1954.0,3400.0,12.0,12.0,12.0,3400.0,3400.0,33764.0,9942.32,OO%,384.0,OO%,1.0,1962.0,4950.0,4992.32,4992.32,4992.32,4950.0,4950.0,,,,,,,,,,,,
2026-03-18,1021,5,Shelbyville,Kentucky,United States,1940.0,34554.0,6962.4,OO%,1100.0,OXX,13.0,1927.0,2000.0,4962.4,4962.4,4962.4,2000.0,2000.0,33764.0,6384.0,%XX,1032000.0,O%X,6.0,1946.0,3400.0,2984.0,2984.0,2984.0,3400.0,3400.0,,,,,,,,,,,,
2026-03-19,1022,1,Geneva,Lake Geneva Region,Switzerland,1983.0,39792.0,4998.64,OO%,68.0,XXX,21.0,1962.0,0.0,4998.64,4998.64,4998.64,0.0,0.0,39294.0,7494.86,OO%,257.0,OXX,9.0,1974.0,2500.0,4994.86,4994.86,4994.86,2500.0,2500.0,,,,,,,,,,,,
2026-03-19,1022,2,Venice,Veneto,Italy,1960.0,39792.0,7500.0,OOO,9.2,OXX,10.0,1970.0,2500.0,5000.0,5000.0,5000.0,2500.0,2500.0,39294.0,4967.0,OXX,533000.0,%XX,18.0,1978.0,1000.0,3967.0,3967.0,3967.0,1000.0,1000.0,,,,,,,,,,,,
2026-03-19,1022,3,Portland,Oregon,United States,2012.0,39792.0,9993.880000000001,OO%,306.0,OOO,0.0,2012.0,5000.0,4993.88,4993.88,4993.88,5000.0,5000.0,39294.0,9286.060000000001,OO%,697.0,OOX,4.0,2016.0,4300.0,4986.06,4986.06,4986.06,4300.0,4300.0,,,,,,,,,,,,
2026-03-19,1022,4,Seoul,Seoul Capital Area,South Korea,1990.0,39792.0,8398.554,OO%,72.3,O%X,7.0,1997.0,3400.0,4998.554,4998.554,4998.554,3400.0,3400.0,39294.0,8250.0,OO%,12500.0,O%X,7.0,1997.0,3400.0,4850.0,4850.0,4850.0,3400.0,3400.0,,,,,,,,,,,,
2026-03-19,1022,5,Amsterdam,North Holland,Netherlands,1946.0,39792.0,8900.0,OOO,10.3,O%X,5.0,1951.0,3900.0,5000.0,5000.0,5000.0,3900.0,3900.0,39294.0,9297.2,OO%,140.0,OOX,4.0,1950.0,4300.0,4997.2,4997.2,4997.2,4300.0,4300.0,,,,,,,,,,,,
2026-03-20,1023,1,Doha,,Qatar,2025.0,41489.0,8268.4,OO%,7900.0,O%X,6.0,2019.0,3400.0,4868.4,4868.4,4868.4,3400.0,3400.0,37316.0,8270.0,OO%,7500.0,O%X,7.0,2018.0,3400.0,4870.0,4870.0,4870.0,3400.0,3400.0,,,,,,,,,,,,
2026-03-20,1023,2,Belfast,Northern Ireland,United Kingdom,1999.0,41489.0,9792.706,OO%,364.7,OO%,2.0,1997.0,4800.0,4992.706,4992.706,4992.706,4800.0,4800.0,37316.0,8224.0,O%X,176000.0,O%X,5.0,1994.0,3900.0,4324.0,4324.0,4324.0,3900.0,3900.0,,,,,,,,,,,,
2026-03-20,1023,3,Stockholm,Svealand,Sweden,1972.0,41489.0,5000.0,OOO,32.1,XXX,23.0,1949.0,0.0,5000.0,5000.0,5000.0,0.0,0.0,37316.0,8900.0,OOO,42.5,O%X,5.0,1977.0,3900.0,5000.0,5000.0,5000.0,3900.0,3900.0,,,,,,,,,,,,
2026-03-20,1023,4,Nowa Sol,Lubusz,Poland,1993.0,41489.0,8716.8,OO%,20800.0,O%X,5.0,1988.0,3900.0,4816.8,4816.8,4816.8,3900.0,3900.0,37316.0,8211.0,OXX,589000.0,OOX,4.0,1989.0,4300.0,3911.0,3911.0,3911.0,4300.0,4300.0,,,,,,,,,,,,
2026-03-20,1023,5,Arlington,Virginia,United States,1924.0,41489.0,9711.2,OO%,4300.0,OO%,2.0,1922.0,4800.0,4911.2,4911.2,4911.2,4800.0,4800.0,37316.0,3719.6,XXX,5902000.0,O%X,6.0,1918.0,3400.0,319.5999999999999,319.5999999999999,319.5999999999999,3400.0,3400.0,,,,,,,,,,,,
2026-03-23,1026,1,Astana,,Kazakhstan,2024.0,44758.0,9998.874,OO%,56.3,OOO,0.0,2024.0,5000.0,4998.874,4998.874,4998.874,5000.0,5000.0,41801.0,9865.6,OO%,8600.0,OOO,0.0,2024.0,5000.0,4865.6,4865.6,4865.6,5000.0,5000.0,,,,,,,,,,,,
2026-03-23,1026,2,Athens,Attica,Greece,1960.0,44758.0,9762.4,OO%,1100.0,OO%,2.0,1958.0,4800.0,4962.4,4962.4,4962.4,4800.0,4800.0,41801.0,8395.77,OO%,211.5,O%X,6.0,1954.0,3400.0,4995.77,4995.77,4995.77,3400.0,3400.0,,,,,,,,,,,,
2026-03-23,1026,3,Sofia,,Bulgaria,1989.0,44758.0,9782.158,OO%,892.1,OO%,2.0,1987.0,4800.0,4982.158,4982.158,4982.158,4800.0,4800.0,41801.0,7411.45,%XX,1777100.0,OO%,2.0,1987.0,4800.0,2611.45,2611.45,2611.45,4800.0,4800.0,,,,,,,,,,,,
2026-03-23,1026,4,Makawao,Hawaii,United States,1959.0,44758.0,6834.2,O%X,165800.0,OXX,9.0,1968.0,2500.0,4334.2,4334.2,4334.2,2500.0,2500.0,41801.0,6839.2,OO%,15200.0,OXX,14.0,1973.0,2000.0,4839.2,4839.2,4839.2,2000.0,2000.0,,,,,,,,,,,,
2026-03-23,1026,5,Ottawa,Ontario,Canada,1939.0,44758.0,8380.362000000001,OO%,981.9,O%X,6.0,1933.0,3400.0,4980.362,4980.362,4980.362,3400.0,3400.0,41801.0,9288.864,OO%,556.8,OOX,4.0,1935.0,4300.0,4988.864,4988.864,4988.864,4300.0,4300.0,,,,,,,,,,,,
2026-03-24,1027,1,Montevideo,,Uruguay,1917.0,44192.0,7441.6,OO%,2400.0,OXX,8.0,1909.0,2500.0,4941.6,4941.6,4941.6,2500.0,2500.0,40727.0,4936.8,OO%,2700.0,XXX,28.0,1945.0,0.0,4936.8,4936.8,4936.8,0.0,0.0,,,,,,,,,,,,
2026-03-24,1027,2,London,England,United Kingdom,1962.0,44192.0,8400.0,OOO,27.4,O%X,6.0,1956.0,3400.0,5000.0,5000.0,5000.0,3400.0,3400.0,40727.0,9992.560000000001,OO%,372.0,OOO,0.0,1962.0,5000.0,4992.56,4992.56,4992.56,5000.0,5000.0,,,,,,,,,,,,
2026-03-24,1027,3,Warsaw,Masovia,Poland,1991.0,44192.0,10000.0,OOO,1.5,OOO,0.0,1991.0,5000.0,5000.0,5000.0,5000.0,5000.0,5000.0,40727.0,10000.0,OOO,1.6,OOO,0.0,1991.0,5000.0,5000.0,5000.0,5000.0,5000.0,5000.0,,,,,,,,,,,,
2026-03-24,1027,4,Milan,Lombardy,Italy,1995.0,44192.0,8400.0,OOO,17.2,O%X,6.0,1989.0,3400.0,5000.0,5000.0,5000.0,3400.0,3400.0,40727.0,9798.278,OO%,86.1,OO%,2.0,1993.0,4800.0,4998.278,4998.278,4998.278,4800.0,4800.0,,,,,,,,,,,,
2026-03-24,1027,5,Washington DC,Washington DC,United States,1939.0,44192.0,9950.0,OOO,3.3,OO%,1.0,1938.0,4950.0,5000.0,5000.0,5000.0,4950.0,4950.0,40727.0,6000.0,OOO,3.0,%XX,19.0,1958.0,1000.0,5000.0,5000.0,5000.0,1000.0,1000.0,,,,,,,,,,,,
2026-03-25,1028,1,Herten,North Rhine-Westphalia,Germany,2013.0,42010.0,8907.4,OXX,592600.0,OOO,0.0,2013.0,5000.0,3907.4,3907.4,3907.4,5000.0,5000.0,38563.0,8905.0,OXX,595000.0,OOO,0.0,2013.0,5000.0,3905.0,3905.0,3905.0,5000.0,5000.0,,,,,,,,,,,,
2026-03-25,1028,2,Orocovis,Puerto Rico,United States,1941.0,42010.0,9677.2,OOX,43200.0,OO%,1.0,1940.0,4950.0,4727.2,4727.2,4727.2,4950.0,4950.0,38563.0,9700.4,OOX,37400.0,OO%,1.0,1942.0,4950.0,4750.4,4750.4,4750.4,4950.0,4950.0,,,,,,,,,,,,
2026-03-25,1028,3,Havana,,Cuba,1993.0,42010.0,4936.8,OO%,2700.0,XXX,28.0,1965.0,0.0,4936.8,4936.8,4936.8,0.0,0.0,38563.0,5916.0,OO%,4000.0,%XX,16.0,1977.0,1000.0,4916.0,4916.0,4916.0,1000.0,1000.0,,,,,,,,,,,,
2026-03-25,1028,4,Timisoara,,Romania,1989.0,42010.0,8891.3,OXX,408700.0,OO%,2.0,1991.0,4800.0,4091.3,4091.3,4091.3,4800.0,4800.0,38563.0,6591.0,OXX,409000.0,OXX,9.0,1980.0,2500.0,4091.0,4091.0,4091.0,2500.0,2500.0,,,,,,,,,,,,
2026-03-25,1028,5,Washington DC,Washington DC,United States,1971.0,42010.0,9597.634,OO%,118.3,OOX,3.0,1968.0,4600.0,4997.634,4997.634,4997.634,4600.0,4600.0,38563.0,7452.8,OO%,1700.0,OXX,9.0,1980.0,2500.0,4952.8,4952.8,4952.8,2500.0,2500.0,,,,,,,,,,,,
2026-03-26,1029,1,New York,New York,United States,1974.0,40348.0,9600.0,OOO,32.0,OOX,3.0,1977.0,4600.0,5000.0,5000.0,5000.0,4600.0,4600.0,47542.0,9642.4,OO%,14400.0,OO%,2.0,1976.0,4800.0,4842.4,4842.4,4842.4,4800.0,4800.0,,,,,,,,,,,,
2026-03-26,1029,2,Paris,Ile-de-France,France,1982.0,40348.0,5997.222,OO%,138.9,%XX,17.0,1965.0,1000.0,4997.222,4997.222,4997.222,1000.0,1000.0,47542.0,9795.324,OO%,233.8,OO%,2.0,1984.0,4800.0,4995.324,4995.324,4995.324,4800.0,4800.0,,,,,,,,,,,,
2026-03-26,1029,3,Edmonton,Alberta,Canada,2014.0,40348.0,7500.0,OOO,25.8,OXX,9.0,2023.0,2500.0,5000.0,5000.0,5000.0,2500.0,2500.0,47542.0,9800.0,OOO,44.5,OO%,2.0,2016.0,4800.0,5000.0,5000.0,5000.0,4800.0,4800.0,,,,,,,,,,,,
2026-03-26,1029,4,Sydney,New South Wales,Australia,1932.0,40348.0,7493.426,OO%,328.7,OXX,9.0,1923.0,2500.0,4993.426,4993.426,4993.426,2500.0,2500.0,47542.0,9288.029999999999,OO%,598.5,OOX,4.0,1928.0,4300.0,4988.03,4988.03,4988.03,4300.0,4300.0,,,,,,,,,,,,
2026-03-26,1029,5,Copenhagen,Capital Region,Denmark,1907.0,40348.0,9757.6,OO%,1400.0,OO%,2.0,1909.0,4800.0,4957.6,4957.6,4957.6,4800.0,4800.0,47542.0,9016.6,OXX,483400.0,OOO,0.0,1907.0,5000.0,4016.6,4016.6,4016.6,5000.0,5000.0,,,,,,,,,,,,
2026-03-27,1030,1,Lisbon,Lisbon,Portugal,1917.0,36060.0,4728.7,OXX,771300.0,%XX,19.0,1936.0,1000.0,3728.7,3728.7,3728.7,1000.0,1000.0,31787.0,7997.5,%XX,1005000.0,OOO,0.0,1917.0,5000.0,2997.5,2997.5,2997.5,5000.0,5000.0,,,,,,,,,,,,
2026-03-27,1030,2,Hong Kong,Hong Kong,China,1998.0,36060.0,9736.8,OO%,2700.0,OO%,2.0,2000.0,4800.0,4936.8,4936.8,4936.8,4800.0,4800.0,31787.0,7440.0,OO%,2500.0,OXX,8.0,1990.0,2500.0,4940.0,4940.0,4940.0,2500.0,2500.0,,,,,,,,,,,,
2026-03-27,1030,3,Istanbul,Marmara,Turkiye,1988.0,36060.0,6982.658,OO%,867.1,OXX,13.0,1975.0,2000.0,4982.658,4982.658,4982.658,2000.0,2000.0,31787.0,2855.0,%XX,1290000.0,XXX,26.0,1962.0,0.0,2855.0,2855.0,2855.0,0.0,0.0,,,,,,,,,,,,
2026-03-27,1030,4,Tenerife,Canary Islands,Spain,2010.0,36060.0,8275.2,OO%,6200.0,O%X,6.0,2016.0,3400.0,4875.2,4875.2,4875.2,3400.0,3400.0,31787.0,9752.8,OO%,1700.0,OO%,2.0,2012.0,4800.0,4952.8,4952.8,4952.8,4800.0,4800.0,,,,,,,,,,,,
2026-03-27,1030,5,Rutland,Vermont,United States,1941.0,36060.0,6336.6,O%X,163400.0,OXX,13.0,1928.0,2000.0,4336.6,4336.6,4336.6,2000.0,2000.0,31787.0,3743.0757000000003,XXX,2271000.0,OXX,14.0,1955.0,2000.0,1743.0757,1743.0757,1743.0757,2000.0,2000.0,,,,,,,,,,,,
2026-03-30,1033,1,Guatemala City,,Guatemala,2018.0,45060.0,9997.168,OO%,141.6,OOO,0.0,2018.0,5000.0,4997.168,4997.168,4997.168,5000.0,5000.0,44711.0,8897.1,OO%,145.0,O%X,5.0,2023.0,3900.0,4997.1,4997.1,4997.1,3900.0,3900.0,,,,,,,,,,,,
2026-03-30,1033,2,Lisbon,Lisbon,Portugal,1918.0,45060.0,6984.526,OO%,773.7,OXX,12.0,1930.0,2000.0,4984.526,4984.526,4984.526,2000.0,2000.0,44711.0,8384.68,OO%,766.0,O%X,7.0,1925.0,3400.0,4984.68,4984.68,4984.68,3400.0,3400.0,,,,,,,,,,,,
2026-03-30,1033,3,Montreal,Quebec,Canada,1973.0,45060.0,9781.096,OO%,945.2,OO%,2.0,1975.0,4800.0,4981.096,4981.096,4981.096,4800.0,4800.0,44711.0,9909.2,OO%,1300.0,OO%,1.0,1972.0,4950.0,4959.2,4959.2,4959.2,4950.0,4950.0,,,,,,,,,,,,
2026-03-30,1033,4,New Orleans,Louisiana,United States,1995.0,45060.0,9298.369999999999,OO%,81.5,OOX,4.0,1999.0,4300.0,4998.37,4998.37,4998.37,4300.0,4300.0,44711.0,8398.74,OO%,63.0,O%X,7.0,1988.0,3400.0,4998.74,4998.74,4998.74,3400.0,3400.0,,,,,,,,,,,,
2026-03-30,1033,5,Zurich,Zurich,Switzerland,1959.0,45060.0,8998.7,O%X,101300.0,OOX,3.0,1962.0,4600.0,4398.7,4398.7,4398.7,4600.0,4600.0,44711.0,9120.0,OOX,95000.0,OOX,3.0,1962.0,4600.0,4520.0,4520.0,4520.0,4600.0,4600.0,,,,,,,,,,,,
2026-03-31,1034,1,Rome,Lazio,Italy,1947.0,43728.0,9793.412,OO%,329.4,OO%,2.0,1949.0,4800.0,4993.412,4993.412,4993.412,4800.0,4800.0,41816.0,8886.439999999999,OO%,678.0,O%X,5.0,1942.0,3900.0,4986.44,4986.44,4986.44,3900.0,3900.0,,,,,,,,,,,,
2026-03-31,1034,2,Dublin,Leinster,Ireland,1932.0,43728.0,8659.4,O%X,140600.0,OOX,4.0,1928.0,4300.0,4359.4,4359.4,4359.4,4300.0,4300.0,41816.0,6949.6,OO%,1900.0,OXX,11.0,1921.0,2000.0,4949.6,4949.6,4949.6,2000.0,2000.0,,,,,,,,,,,,
2026-03-31,1034,3,New York,New York,United States,2010.0,43728.0,9948.434000000001,OO%,78.3,OO%,1.0,2011.0,4950.0,4998.434,4998.434,4998.434,4950.0,4950.0,41816.0,9864.4,OO%,4100.0,OO%,1.0,2009.0,4950.0,4914.4,4914.4,4914.4,4950.0,4950.0,,,,,,,,,,,,
2026-03-31,1034,4,Moscow,Central,Russia,1967.0,43728.0,7000.0,OOO,44.1,OXX,14.0,1953.0,2000.0,5000.0,5000.0,5000.0,2000.0,2000.0,41816.0,6366.0,OXX,634000.0,OXX,9.0,1958.0,2500.0,3866.0,3866.0,3866.0,2500.0,2500.0,,,,,,,,,,,,
2026-03-31,1034,5,Kigali,,Rwanda,2025.0,43728.0,8327.2,OO%,3300.0,O%X,6.0,2019.0,3400.0,4927.2,4927.2,4927.2,3400.0,3400.0,41816.0,9749.6,OO%,1900.0,OO%,2.0,2023.0,4800.0,4949.6,4949.6,4949.6,4800.0,4800.0,,,,,,,,,,,,
2026-04-01,1035,1,London,England,United Kingdom,2018.0,46828.0,9795.17,OO%,241.5,OO%,2.0,2016.0,4800.0,4995.17,4995.17,4995.17,4800.0,4800.0,46383.0,9946.86,OO%,157.0,OO%,1.0,2019.0,4950.0,4996.86,4996.86,4996.86,4950.0,4950.0,,,,,,,,,,,,
2026-04-01,1035,2,Paris,Ile-de-France,France,1965.0,46828.0,8398.77,OO%,61.5,O%X,6.0,1971.0,3400.0,4998.77,4998.77,4998.77,3400.0,3400.0,46383.0,9548.0,OO%,2000.0,OOX,3.0,1962.0,4600.0,4948.0,4948.0,4948.0,4600.0,4600.0,,,,,,,,,,,,
2026-04-01,1035,3,Washington DC,Washington DC,United States,1993.0,46828.0,9800.0,OOO,29.5,OO%,2.0,1995.0,4800.0,5000.0,5000.0,5000.0,4800.0,4800.0,46383.0,9800.0,OOO,27.9,OO%,2.0,1995.0,4800.0,5000.0,5000.0,5000.0,4800.0,4800.0,,,,,,,,,,,,
2026-04-01,1035,4,Gdansk,Pomerania,Poland,2010.0,46828.0,9950.0,OOO,17.9,OO%,1.0,2011.0,4950.0,5000.0,5000.0,5000.0,4950.0,4950.0,46383.0,9596.928,OO%,153.6,OOX,3.0,2007.0,4600.0,4996.928,4996.928,4996.928,4600.0,4600.0,,,,,,,,,,,,
2026-04-01,1035,5,Zurich,Zurich,Switzerland,1952.0,46828.0,8884.02,OO%,799.0,O%X,5.0,1957.0,3900.0,4984.02,4984.02,4984.02,3900.0,3900.0,46383.0,7490.72,OO%,464.0,OXX,10.0,1962.0,2500.0,4990.72,4990.72,4990.72,2500.0,2500.0,,,,,,,,,,,,
2026-04-02,1036,1,London,England,United Kingdom,1947.0,43620.0,9296.818,OO%,159.1,OOX,4.0,1951.0,4300.0,4996.818,4996.818,4996.818,4300.0,4300.0,39266.0,6879.2,OO%,5200.0,OXX,13.0,1934.0,2000.0,4879.2,4879.2,4879.2,2000.0,2000.0,,,,,,,,,,,,
2026-04-02,1036,2,Munich,Bavaria,Germany,1970.0,43620.0,8043.7,OXX,356300.0,O%X,5.0,1965.0,3900.0,4143.7,4143.7,4143.7,3900.0,3900.0,39266.0,8044.0,OXX,356000.0,O%X,5.0,1975.0,3900.0,4144.0,4144.0,4144.0,3900.0,3900.0,,,,,,,,,,,,
2026-04-02,1036,3,Vienna,Vienna,Austria,1966.0,43620.0,9294.984,OO%,250.8,OOX,4.0,1962.0,4300.0,4994.984,4994.984,4994.984,4300.0,4300.0,39266.0,6989.96,OO%,502.0,OXX,11.0,1955.0,2000.0,4989.96,4989.96,4989.96,2000.0,2000.0,,,,,,,,,,,,
2026-04-02,1036,4,Houston,Texas,United States,1943.0,43620.0,6994.338,OO%,283.1,OXX,14.0,1957.0,2000.0,4994.338,4994.338,4994.338,2000.0,2000.0,39266.0,7494.5,OO%,275.0,OXX,10.0,1953.0,2500.0,4994.5,4994.5,4994.5,2500.0,2500.0,,,,,,,,,,,,
2026-04-02,1036,5,Buenos Aires,,Argentina,2020.0,43620.0,9989.761999999999,OO%,511.9,OOO,0.0,2020.0,5000.0,4989.762,4989.762,4989.762,5000.0,5000.0,39266.0,9861.2,OO%,4300.0,OO%,1.0,2021.0,4950.0,4911.2,4911.2,4911.2,4950.0,4950.0,,,,,,,,,,,,
2026-04-03,1037,1,Amsterdam,North Holland,Netherlands,1969.0,41795.0,9995.366,OO%,231.7,OOO,0.0,1969.0,5000.0,4995.366,4995.366,4995.366,5000.0,5000.0,48212.0,9986.16,OO%,692.0,OOO,0.0,1969.0,5000.0,4986.16,4986.16,4986.16,5000.0,5000.0,,,,,,,,,,,,
2026-04-03,1037,2,New Delhi,Delhi,India,1978.0,41795.0,9987.538,OO%,623.1,OOO,0.0,1978.0,5000.0,4987.538,4987.538,4987.538,5000.0,5000.0,48212.0,9587.02,OO%,649.0,OOX,3.0,1975.0,4600.0,4987.02,4987.02,4987.02,4600.0,4600.0,,,,,,,,,,,,
2026-04-03,1037,3,Budapest,Central Hungary,Hungary,1930.0,41795.0,6983.368,OO%,831.6,OXX,11.0,1919.0,2000.0,4983.368,4983.368,4983.368,2000.0,2000.0,48212.0,9760.8,OO%,1200.0,OO%,2.0,1932.0,4800.0,4960.8,4960.8,4960.8,4800.0,4800.0,,,,,,,,,,,,
2026-04-03,1037,4,Stockholm,Svealand,Sweden,1940.0,41795.0,4978.4,OXX,521600.0,%XX,16.0,1956.0,1000.0,3978.4,3978.4,3978.4,1000.0,1000.0,48212.0,8887.66,OO%,617.0,O%X,5.0,1935.0,3900.0,4987.66,4987.66,4987.66,3900.0,3900.0,,,,,,,,,,,,
2026-04-03,1037,5,Cape Canaveral,Florida,United States,2026.0,41795.0,9851.6,OO%,12100.0,OOO,0.0,2026.0,5000.0,4851.6,4851.6,4851.6,5000.0,5000.0,48212.0,9990.18,OO%,491.0,OOO,0.0,2026.0,5000.0,4990.18,4990.18,4990.18,5000.0,5000.0,,,,,,,,,,,,
2026-04-06,1040,1,Milan,Lombardy,Italy,2000.0,43505.0,7500.0,OOO,41.8,OXX,8.0,2008.0,2500.0,5000.0,5000.0,5000.0,2500.0,2500.0,40570.0,7498.668,OO%,66.6,OXX,10.0,2010.0,2500.0,4998.668,4998.668,4998.668,2500.0,2500.0,,,,,,,,,,,,
2026-04-06,1040,2,Paris,Ile-de-France,France,1982.0,43505.0,6957.6,OO%,1400.0,OXX,13.0,1969.0,2000.0,4957.6,4957.6,4957.6,2000.0,2000.0,40570.0,6960.8,OO%,1200.0,OXX,15.0,1967.0,2000.0,4960.8,4960.8,4960.8,2000.0,2000.0,,,,,,,,,,,,
2026-04-06,1040,3,Algiers,,Algeria,1960.0,43505.0,9736.8,OO%,2700.0,OO%,2.0,1962.0,4800.0,4936.8,4936.8,4936.8,4800.0,4800.0,40570.0,6227.0,%XX,1346000.0,O%X,6.0,1954.0,3400.0,2827.0,2827.0,2827.0,3400.0,3400.0,,,,,,,,,,,,
2026-04-06,1040,4,Boston,Massachusetts,United States,1906.0,43505.0,9584.628,OO%,768.6,OOX,3.0,1903.0,4600.0,4984.628,4984.628,4984.628,4600.0,4600.0,40570.0,9934.74,OO%,763.0,OO%,1.0,1905.0,4950.0,4984.74,4984.74,4984.74,4950.0,4950.0,,,,,,,,,,,,
2026-04-06,1040,5,Caracas,,Venezuela,2026.0,43505.0,9725.6,OO%,3400.0,OO%,2.0,2024.0,4800.0,4925.6,4925.6,4925.6,4800.0,4800.0,40570.0,9948.0,OO%,2000.0,OOO,0.0,2026.0,5000.0,4948.0,4948.0,4948.0,5000.0,5000.0,,,,,,,,,,,,
2026-04-07,1041,1,Burkburnett,Texas,United States,1919.0,39488.0,6070.6,OXX,429400.0,OXX,14.0,1905.0,2000.0,4070.6,4070.6,4070.6,2000.0,2000.0,34589.0,6884.3,O%X,115700.0,OXX,9.0,1910.0,2500.0,4384.3,4384.3,4384.3,2500.0,2500.0,,,,,,,,,,,,
2026-04-07,1041,2,The Hague,South Holland,Netherlands,1943.0,39488.0,6270.6,O%X,229400.0,OXX,11.0,1932.0,2000.0,4270.6,4270.6,4270.6,2000.0,2000.0,34589.0,8626.2,OXX,673800.0,OO%,2.0,1945.0,4800.0,3826.2,3826.2,3826.2,4800.0,4800.0,,,,,,,,,,,,
2026-04-07,1041,3,Yokosuka,Kanto,Japan,1967.0,39488.0,9530.0,OOX,42500.0,OO%,2.0,1965.0,4800.0,4730.0,4730.0,4730.0,4800.0,4800.0,34589.0,5446.762,XXX,2860000.0,O%X,5.0,1962.0,3900.0,1546.762,1546.762,1546.762,3900.0,3900.0,,,,,,,,,,,,
2026-04-07,1041,4,Blaenau Ffestiniog,Wales,United Kingdom,1980.0,39488.0,9820.4,OO%,19900.0,OOO,0.0,1980.0,5000.0,4820.4,4820.4,4820.4,5000.0,5000.0,34589.0,4123.4,XXX,3883000.0,O%X,6.0,1974.0,3400.0,723.4,723.4,723.4,3400.0,3400.0,,,,,,,,,,,,
2026-04-07,1041,5,Cape Town,Western Cape,South Africa,2020.0,39488.0,7795.75,%XX,1308500.0,OO%,1.0,2021.0,4950.0,2845.75,2845.75,2845.75,4950.0,4950.0,34589.0,9508.0,OO%,4500.0,OOX,3.0,2023.0,4600.0,4908.0,4908.0,4908.0,4600.0,4600.0,,,,,,,,,,,,
2026-04-08,1042,1,Seoul,Seoul Capital Area,South Korea,2026.0,42318.0,9959.2,OO%,1300.0,OOO,0.0,2026.0,5000.0,4959.2,4959.2,4959.2,5000.0,5000.0,43749.0,9773.2,OO%,31700.0,OOO,0.0,2026.0,5000.0,4773.2,4773.2,4773.2,5000.0,5000.0,,,,,,,,,,,,
2026-04-08,1042,2,Stockholm,Svealand,Sweden,1941.0,42318.0,6994.458,OO%,277.1,OXX,11.0,1930.0,2000.0,4994.458,4994.458,4994.458,2000.0,2000.0,43749.0,8704.0,OXX,396000.0,OOX,3.0,1938.0,4600.0,4104.0,4104.0,4104.0,4600.0,4600.0,,,,,,,,,,,,
2026-04-08,1042,3,Paris,Ile-de-France,France,1960.0,42318.0,8900.0,OOO,6.4,O%X,5.0,1965.0,3900.0,5000.0,5000.0,5000.0,3900.0,3900.0,43749.0,9795.4,OO%,230.0,OO%,2.0,1962.0,4800.0,4995.4,4995.4,4995.4,4800.0,4800.0,,,,,,,,,,,,
2026-04-08,1042,4,Vienna,Vienna,Austria,1989.0,42318.0,7000.0,OOO,16.7,OXX,14.0,1975.0,2000.0,5000.0,5000.0,5000.0,2000.0,2000.0,43749.0,5998.36,OO%,82.0,%XX,18.0,1971.0,1000.0,4998.36,4998.36,4998.36,1000.0,1000.0,,,,,,,,,,,,
2026-04-08,1042,5,Philadelphia,Pennsylvania,United States,1914.0,42318.0,9465.6,OO%,8600.0,OOX,3.0,1911.0,4600.0,4865.6,4865.6,4865.6,4600.0,4600.0,43749.0,9478.8,OO%,5300.0,OOX,3.0,1911.0,4600.0,4878.8,4878.8,4878.8,4600.0,4600.0,,,,,,,,,,,,
2026-04-09,1043,1,Albuquerque,New Mexico,United States,1943.0,38825.0,6527.6,OOX,93100.0,OXX,14.0,1929.0,2000.0,4527.6,4527.6,4527.6,2000.0,2000.0,44667.0,9528.0,OOX,93000.0,OOO,0.0,1943.0,5000.0,4528.0,4528.0,4528.0,5000.0,5000.0,,,,,,,,,,,,
2026-04-09,1043,2,London,England,United Kingdom,1986.0,38825.0,9235.2,OO%,2800.0,OOX,4.0,1990.0,4300.0,4935.2,4935.2,4935.2,4300.0,4300.0,44667.0,9560.8,OO%,1200.0,OOX,3.0,1989.0,4600.0,4960.8,4960.8,4960.8,4600.0,4600.0,,,,,,,,,,,,
2026-04-09,1043,3,Brno,Moravia,Czechia,1921.0,38825.0,6313.8,O%X,186200.0,OXX,12.0,1909.0,2000.0,4313.8,4313.8,4313.8,2000.0,2000.0,44667.0,9327.5,O%X,122500.0,OO%,1.0,1922.0,4950.0,4377.5,4377.5,4377.5,4950.0,4950.0,,,,,,,,,,,,
2026-04-09,1043,4,Berlin,Berlin,Germany,2001.0,38825.0,6996.184,OO%,190.8,OXX,12.0,1989.0,2000.0,4996.184,4996.184,4996.184,2000.0,2000.0,44667.0,9997.98,OO%,101.0,OOO,0.0,2001.0,5000.0,4997.98,4997.98,4997.98,5000.0,5000.0,,,,,,,,,,,,
2026-04-09,1043,5,Pyongyang,,North Korea,2017.0,38825.0,9751.2,OO%,1800.0,OO%,2.0,2019.0,4800.0,4951.2,4951.2,4951.2,4800.0,4800.0,44667.0,6253.5,%XX,1293000.0,O%X,7.0,2024.0,3400.0,2853.5,2853.5,2853.5,3400.0,3400.0,,,,,,,,,,,,
2026-04-13,1047,1,Lisbon,Lisbon,Portugal,1997.0,47843.0,9552.8,OO%,1700.0,OOX,3.0,1994.0,4600.0,4952.8,4952.8,4952.8,4600.0,4600.0,41581.0,7368.85,%XX,1862300.0,OO%,2.0,1995.0,4800.0,2568.85,2568.85,2568.85,4800.0,4800.0,,,,,,,,,,,,
2026-04-13,1047,2,Milan,Lombardy,Italy,1953.0,47843.0,9940.04,OO%,498.0,OO%,1.0,1954.0,4950.0,4990.04,4990.04,4990.04,4950.0,4950.0,41581.0,6024.0,OXX,476000.0,OXX,15.0,1938.0,2000.0,4024.0,4024.0,4024.0,2000.0,2000.0,,,,,,,,,,,,
2026-04-13,1047,3,Harare,,Zimbabwe,2009.0,47843.0,8400.0,OOO,18.4,O%X,6.0,2015.0,3400.0,5000.0,5000.0,5000.0,3400.0,3400.0,41581.0,9877.2,OO%,5700.0,OOO,0.0,2009.0,5000.0,4877.2,4877.2,4877.2,5000.0,5000.0,,,,,,,,,,,,
2026-04-13,1047,4,Washington DC,Washington DC,United States,1927.0,47843.0,10000.0,OOO,46.7,OOO,0.0,1927.0,5000.0,5000.0,5000.0,5000.0,5000.0,5000.0,41581.0,9596.462,OO%,176.9,OOX,3.0,1924.0,4600.0,4996.462,4996.462,4996.462,4600.0,4600.0,,,,,,,,,,,,
2026-04-13,1047,5,Budapest,Central Hungary,Hungary,2026.0,47843.0,9949.6,OO%,1900.0,OOO,0.0,2026.0,5000.0,4949.6,4949.6,4949.6,5000.0,5000.0,41581.0,8717.0,OXX,733000.0,OO%,1.0,2025.0,4950.0,3767.0,3767.0,3767.0,4950.0,4950.0,,,,,,,,,,,,
2026-04-14,1048,1,New York,New York,United States,1913.0,41911.0,9298.628,OO%,68.6,OOX,4.0,1909.0,4300.0,4998.628,4998.628,4998.628,4300.0,4300.0,46396.0,8897.52,OO%,124.0,O%X,5.0,1908.0,3900.0,4997.52,4997.52,4997.52,3900.0,3900.0,,,,,,,,,,,,
2026-04-14,1048,2,Warsaw,Masovia,Poland,1995.0,41911.0,9262.4,OO%,1100.0,OOX,4.0,1999.0,4300.0,4962.4,4962.4,4962.4,4300.0,4300.0,46396.0,9762.4,OO%,1100.0,OO%,2.0,1993.0,4800.0,4962.4,4962.4,4962.4,4800.0,4800.0,,,,,,,,,,,,
2026-04-14,1048,3,London,England,United Kingdom,1937.0,41911.0,7500.0,OOO,36.2,OXX,9.0,1928.0,2500.0,5000.0,5000.0,5000.0,2500.0,2500.0,46396.0,8857.6,OO%,1400.0,O%X,5.0,1932.0,3900.0,4957.6,4957.6,4957.6,3900.0,3900.0,,,,,,,,,,,,
2026-04-14,1048,4,Vilnius,,Lithuania,2019.0,41911.0,7490.616,OO%,469.2,OXX,8.0,2011.0,2500.0,4990.616,4990.616,4990.616,2500.0,2500.0,46396.0,9281.92,OO%,904.0,OOX,4.0,2015.0,4300.0,4981.92,4981.92,4981.92,4300.0,4300.0,,,,,,,,,,,,
2026-04-14,1048,5,Tel Aviv,Tel Aviv,Israel,1968.0,41911.0,8357.6,OO%,1400.0,O%X,6.0,1974.0,3400.0,4957.6,4957.6,4957.6,3400.0,3400.0,46396.0,9597.2,OO%,140.0,OOX,3.0,1965.0,4600.0,4997.2,4997.2,4997.2,4600.0,4600.0,,,,,,,,,,,,
2026-04-15,1049,1,Paris,Ile-de-France,France,1925.0,41978.0,4992.494,OO%,375.3,XXX,22.0,1903.0,0.0,4992.494,4992.494,4992.494,0.0,0.0,42711.0,9225.6,OO%,3400.0,OOX,4.0,1921.0,4300.0,4925.6,4925.6,4925.6,4300.0,4300.0,,,,,,,,,,,,
2026-04-15,1049,2,Moscow,Central,Russia,1969.0,41978.0,8815.1,OXX,634900.0,OO%,1.0,1968.0,4950.0,3865.1,3865.1,3865.1,4950.0,4950.0,42711.0,9945.0,OO%,250.0,OO%,1.0,1968.0,4950.0,4995.0,4995.0,4995.0,4950.0,4950.0,,,,,,,,,,,,
2026-04-15,1049,3,Oslo,Eastern Norway,Norway,1973.0,41978.0,9793.666000000001,OO%,316.7,OO%,2.0,1975.0,4800.0,4993.666,4993.666,4993.666,4800.0,4800.0,42711.0,4998.472,OO%,76.4,XXX,25.0,1998.0,0.0,4998.472,4998.472,4998.472,0.0,0.0,,,,,,,,,,,,
2026-04-15,1049,4,Lima,Lima,Peru,2017.0,41978.0,9544.8,OO%,2200.0,OOX,3.0,2014.0,4600.0,4944.8,4944.8,4944.8,4600.0,4600.0,42711.0,9910.8,OO%,1200.0,OO%,1.0,2018.0,4950.0,4960.8,4960.8,4960.8,4950.0,4950.0,,,,,,,,,,,,
2026-04-15,1049,5,Siren,Wisconsin,United States,1941.0,41978.0,8832.4,OXX,467600.0,OO%,2.0,1939.0,4800.0,4032.4,4032.4,4032.4,4800.0,4800.0,42711.0,8631.5,OXX,468500.0,OOX,3.0,1938.0,4600.0,4031.5,4031.5,4031.5,4600.0,4600.0,,,,,,,,,,,,
2026-04-16,1050,1,Huangyaguan Great Wall,Tianjin,China,2009.0,40352.0,9182.2,O%X,117800.0,OO%,2.0,2007.0,4800.0,4382.2,4382.2,4382.2,4800.0,4800.0,39791.0,7782.0,O%X,118000.0,O%X,6.0,2003.0,3400.0,4382.0,4382.0,4382.0,3400.0,3400.0,,,,,,,,,,,,
2026-04-16,1050,2,London,England,United Kingdom,1939.0,40352.0,4959.2,OO%,1300.0,XXX,26.0,1913.0,0.0,4959.2,4959.2,4959.2,0.0,0.0,39791.0,4959.2,OO%,1300.0,XXX,31.0,1908.0,0.0,4959.2,4959.2,4959.2,0.0,0.0,,,,,,,,,,,,
2026-04-16,1050,3,Zurich,Zurich,Switzerland,1958.0,40352.0,9781.264,OO%,936.8,OO%,2.0,1956.0,4800.0,4981.264,4981.264,4981.264,4800.0,4800.0,39791.0,9912.4,OO%,1100.0,OO%,1.0,1957.0,4950.0,4962.4,4962.4,4962.4,4950.0,4950.0,,,,,,,,,,,,
2026-04-16,1050,4,Waretown,New Jersey,United States,1983.0,40352.0,6687.6,OOX,53100.0,OXX,14.0,1969.0,2000.0,4687.6,4687.6,4687.6,2000.0,2000.0,39791.0,7190.8,OOX,52300.0,OXX,10.0,1973.0,2500.0,4690.8,4690.8,4690.8,2500.0,2500.0,,,,,,,,,,,,
2026-04-16,1050,5,Amsterdam,North Holland,Netherlands,1975.0,40352.0,9743.2,OO%,2300.0,OO%,2.0,1977.0,4800.0,4943.2,4943.2,4943.2,4800.0,4800.0,39791.0,9945.880000000001,OO%,206.0,OO%,1.0,1974.0,4950.0,4995.88,4995.88,4995.88,4950.0,4950.0,,,,,,,,,,,,
2026-04-17,1051,1,Sydney,New South Wales,Australia,1944.0,44522.0,10000.0,OOO,17.4,OOO,0.0,1944.0,5000.0,5000.0,5000.0,5000.0,5000.0,5000.0,38835.0,9986.7,OO%,665.0,OOO,0.0,1944.0,5000.0,4986.7,4986.7,4986.7,5000.0,5000.0,,,,,,,,,,,,
2026-04-17,1051,2,Bucharest,,Romania,1928.0,44522.0,9934.196,OO%,790.2,OO%,1.0,1927.0,4950.0,4984.196,4984.196,4984.196,4950.0,4950.0,38835.0,9943.36,OO%,332.0,OO%,1.0,1927.0,4950.0,4993.36,4993.36,4993.36,4950.0,4950.0,,,,,,,,,,,,
2026-04-17,1051,3,Barcelona,Catalonia,Spain,2016.0,44522.0,9942.246,OO%,387.7,OO%,1.0,2017.0,4950.0,4992.246,4992.246,4992.246,4950.0,4950.0,38835.0,9946.404,OO%,179.8,OO%,1.0,2015.0,4950.0,4996.404,4996.404,4996.404,4950.0,4950.0,,,,,,,,,,,,
2026-04-17,1051,4,Limassol,,Cyprus,1964.0,44522.0,7148.4,OOX,62900.0,OXX,8.0,1972.0,2500.0,4648.4,4648.4,4648.4,2500.0,2500.0,38835.0,4647.2,OOX,63200.0,XXX,21.0,1985.0,0.0,4647.2,4647.2,4647.2,0.0,0.0,,,,,,,,,,,,
2026-04-17,1051,5,Washington DC,Washington DC,United States,1927.0,44522.0,7498.358,OO%,82.1,OXX,8.0,1919.0,2500.0,4998.358,4998.358,4998.358,2500.0,2500.0,38835.0,4312.0,XXX,6161000.0,OOX,4.0,1923.0,4300.0,12.0,12.0,12.0,4300.0,4300.0,,,,,,,,,,,,
2026-04-20,1054,1,Paris,Ile-de-France,France,1969.0,43425.0,8400.0,OOO,9.9,O%X,7.0,1962.0,3400.0,5000.0,5000.0,5000.0,3400.0,3400.0,46121.0,8400.0,OOO,32.9,O%X,7.0,1962.0,3400.0,5000.0,5000.0,5000.0,3400.0,3400.0,,,,,,,,,,,,
2026-04-20,1054,2,Yerevan,,Armenia,2008.0,43425.0,6984.696,OO%,765.2,OXX,11.0,2019.0,2000.0,4984.696,4984.696,4984.696,2000.0,2000.0,46121.0,9756.0,OO%,1500.0,OO%,2.0,2010.0,4800.0,4956.0,4956.0,4956.0,4800.0,4800.0,,,,,,,,,,,,
2026-04-20,1054,3,Assisi,Umbria,Italy,1947.0,43425.0,8268.8,O%X,131200.0,O%X,5.0,1952.0,3900.0,4368.8,4368.8,4368.8,3900.0,3900.0,46121.0,8970.0,O%X,130000.0,OOX,3.0,1950.0,4600.0,4370.0,4370.0,4370.0,4600.0,4600.0,,,,,,,,,,,,
2026-04-20,1054,4,Yokohama,Kanto,Japan,1989.0,43425.0,9776.4,OO%,30900.0,OOO,0.0,1989.0,5000.0,4776.4,4776.4,4776.4,5000.0,5000.0,46121.0,9092.0,OO%,27000.0,OOX,4.0,1993.0,4300.0,4792.0,4792.0,4792.0,4300.0,4300.0,,,,,,,,,,,,
2026-04-20,1054,5,San Francisco,California,United States,1918.0,43425.0,9993.706,OO%,314.7,OOO,0.0,1918.0,5000.0,4993.706,4993.706,4993.706,5000.0,5000.0,46121.0,9904.4,OO%,1600.0,OO%,1.0,1917.0,4950.0,4954.4,4954.4,4954.4,4950.0,4950.0,,,,,,,,,,,,
2026-04-23,1057,1,Boston,Massachusetts,United States,1962.0,41847.0,9748.0,OO%,2000.0,OO%,2.0,1964.0,4800.0,4948.0,4948.0,4948.0,4800.0,4800.0,42650.0,8336.8,OO%,2700.0,O%X,7.0,1955.0,3400.0,4936.8,4936.8,4936.8,3400.0,3400.0,,,,,,,,,,,,
2026-04-23,1057,2,The Hague,South Holland,Netherlands,1945.0,41847.0,5362.9,O%X,137100.0,%XX,19.0,1926.0,1000.0,4362.9,4362.9,4362.9,1000.0,1000.0,42650.0,7594.0,%XX,1812000.0,OOO,0.0,1945.0,5000.0,2594.0,2594.0,2594.0,5000.0,5000.0,,,,,,,,,,,,
2026-04-23,1057,3,Bangkok,Central Thailand,Thailand,2011.0,41847.0,8352.8,OO%,1700.0,O%X,6.0,2017.0,3400.0,4952.8,4952.8,4952.8,3400.0,3400.0,42650.0,9811.2,OO%,9700.0,OO%,1.0,2012.0,4950.0,4861.2,4861.2,4861.2,4950.0,4950.0,,,,,,,,,,,,
2026-04-23,1057,4,Prague,Bohemia,Czechia,1956.0,41847.0,8566.4,OXX,883600.0,OO%,1.0,1955.0,4950.0,3616.4,3616.4,3616.4,4950.0,4950.0,42650.0,7457.0,OXX,443000.0,O%X,6.0,1962.0,3400.0,4057.0,4057.0,4057.0,3400.0,3400.0,,,,,,,,,,,,
2026-04-23,1057,5,London,England,United Kingdom,1974.0,41847.0,9818.0,OO%,20500.0,OOO,0.0,1974.0,5000.0,4818.0,4818.0,4818.0,5000.0,5000.0,42650.0,9452.4,OO%,11900.0,OOX,3.0,1977.0,4600.0,4852.4,4852.4,4852.4,4600.0,4600.0,,,,,,,,,,,,
2026-04-24,1058,1,Toronto,Ontario,Canada,2009.0,46399.0,9933.73,OO%,813.5,OO%,1.0,2010.0,4950.0,4983.73,4983.73,4983.73,4950.0,4950.0,34977.0,5778.4,XXX,3358000.0,OO%,1.0,2008.0,4950.0,828.4,828.4,828.4,4950.0,4950.0,,,,,,,,,,,,
2026-04-24,1058,2,Jakarta,,Indonesia,1971.0,46399.0,9785.842,OO%,707.9,OO%,2.0,1973.0,4800.0,4985.842,4985.842,4985.842,4800.0,4800.0,34977.0,7484.66,OO%,767.0,OXX,9.0,1962.0,2500.0,4984.66,4984.66,4984.66,2500.0,2500.0,,,,,,,,,,,,
2026-04-24,1058,3,Atlanta,Georgia,United States,1968.0,46399.0,9998.438,OO%,78.1,OOO,0.0,1968.0,5000.0,4998.438,4998.438,4998.438,5000.0,5000.0,34977.0,9957.6,OO%,1400.0,OOO,0.0,1968.0,5000.0,4957.6,4957.6,4957.6,5000.0,5000.0,,,,,,,,,,,,
2026-04-24,1058,4,Rome,Lazio,Italy,1918.0,46399.0,6683.4,%XX,1433200.0,O%X,5.0,1913.0,3900.0,2783.4,2783.4,2783.4,3900.0,3900.0,34977.0,1764.7402,XXX,2206000.0,XXX,29.0,1947.0,0.0,1764.7402,1764.7402,1764.7402,0.0,0.0,,,,,,,,,,,,
2026-04-24,1058,5,Washington DC,Washington DC,United States,2026.0,46399.0,9998.43,OO%,78.5,OOO,0.0,2026.0,5000.0,4998.43,4998.43,4998.43,5000.0,5000.0,34977.0,9992.220000000001,OO%,389.0,OOO,0.0,2026.0,5000.0,4992.22,4992.22,4992.22,5000.0,5000.0,,,,,,,,,,,,
2026-04-27,1061,1,Budapest,Central Hungary,Hungary,1935.0,39841.0,8346.4,OO%,2100.0,O%X,7.0,1928.0,3400.0,4946.4,4946.4,4946.4,3400.0,3400.0,40808.0,9899.6,OO%,1900.0,OO%,1.0,1936.0,4950.0,4949.6,4949.6,4949.6,4950.0,4950.0,,,,,,,,,,,,
2026-04-27,1061,2,Gothenburg,Gotaland,Sweden,1923.0,39841.0,8002.1,OXX,397900.0,O%X,5.0,1918.0,3900.0,4102.1,4102.1,4102.1,3900.0,3900.0,40808.0,6773.0,O%X,227000.0,OXX,8.0,1915.0,2500.0,4273.0,4273.0,4273.0,2500.0,2500.0,,,,,,,,,,,,
2026-04-27,1061,3,Guayaquil,,Ecuador,2006.0,39841.0,8536.3,OXX,263700.0,OOX,4.0,2010.0,4300.0,4236.3,4236.3,4236.3,4300.0,4300.0,40808.0,9187.0,OXX,263000.0,OO%,1.0,2007.0,4950.0,4237.0,4237.0,4237.0,4950.0,4950.0,,,,,,,,,,,,
2026-04-27,1061,4,Sydney,New South Wales,Australia,1952.0,39841.0,5012.0,XXX,15988600.0,OOO,0.0,1952.0,5000.0,12.0,12.0,12.0,5000.0,5000.0,40808.0,5012.0,XXX,12071000.0,OOO,0.0,1952.0,5000.0,12.0,12.0,12.0,5000.0,5000.0,,,,,,,,,,,,
2026-04-27,1061,5,Prague,Bohemia,Czechia,1961.0,39841.0,9944.848,OO%,257.6,OO%,1.0,1962.0,4950.0,4994.848,4994.848,4994.848,4950.0,4950.0,40808.0,9935.16,OO%,742.0,OO%,1.0,1962.0,4950.0,4985.16,4985.16,4985.16,4950.0,4950.0,,,,,,,,,,,,
2026-04-28,1062,1,Tokyo,Kanto,Japan,2012.0,44784.0,8276.0,OO%,6000.0,O%X,6.0,2018.0,3400.0,4876.0,4876.0,4876.0,3400.0,3400.0,36080.0,9740.0,OO%,2500.0,OO%,2.0,2014.0,4800.0,4940.0,4940.0,4940.0,4800.0,4800.0,,,,,,,,,,,,
2026-04-28,1062,2,New York,New York,United States,1908.0,44784.0,9298.404,OO%,79.8,OOX,4.0,1912.0,4300.0,4998.404,4998.404,4998.404,4300.0,4300.0,36080.0,8396.439999999999,OO%,178.0,O%X,7.0,1915.0,3400.0,4996.44,4996.44,4996.44,3400.0,3400.0,,,,,,,,,,,,
2026-04-28,1062,3,Bucharest,,Romania,1967.0,44784.0,7412.8,OO%,4200.0,OXX,8.0,1975.0,2500.0,4912.8,4912.8,4912.8,2500.0,2500.0,36080.0,12.0,XXX,11979000.0,XXX,24.0,1991.0,0.0,12.0,12.0,12.0,0.0,0.0,,,,,,,,,,,,
2026-04-28,1062,4,Zurich,Zurich,Switzerland,1959.0,44784.0,9797.728,OO%,113.6,OO%,2.0,1961.0,4800.0,4997.728,4997.728,4997.728,4800.0,4800.0,36080.0,8132.0,OXX,668000.0,OOX,4.0,1955.0,4300.0,3832.0,3832.0,3832.0,4300.0,4300.0,,,,,,,,,,,,
2026-04-28,1062,5,London,England,United Kingdom,1940.0,44784.0,10000.0,OOO,44.1,OOO,0.0,1940.0,5000.0,5000.0,5000.0,5000.0,5000.0,5000.0,36080.0,9800.0,OOO,35.0,OO%,2.0,1942.0,4800.0,5000.0,5000.0,5000.0,4800.0,4800.0,,,,,,,,,,,,
2026-04-29,1063,1,Chicago,Illinois,United States,1941.0,37502.0,4866.8,OO%,8300.0,XXX,25.0,1966.0,0.0,4866.8,4866.8,4866.8,0.0,0.0,41876.0,9167.6,OO%,8100.0,OOX,4.0,1937.0,4300.0,4867.6,4867.6,4867.6,4300.0,4300.0,,,,,,,,,,,,
2026-04-29,1063,2,Warsaw,Masovia,Poland,1921.0,37502.0,6957.6,OO%,1400.0,OXX,13.0,1934.0,2000.0,4957.6,4957.6,4957.6,2000.0,2000.0,41876.0,9912.4,OO%,1100.0,OO%,1.0,1920.0,4950.0,4962.4,4962.4,4962.4,4950.0,4950.0,,,,,,,,,,,,
2026-04-29,1063,3,Islamabad,,Pakistan,2009.0,37502.0,9854.8,OO%,4700.0,OO%,1.0,2010.0,4950.0,4904.8,4904.8,4904.8,4950.0,4950.0,41876.0,6383.1,%XX,1033800.0,O%X,7.0,2002.0,3400.0,2983.1,2983.1,2983.1,3400.0,3400.0,,,,,,,,,,,,
2026-04-29,1063,4,Lagos,,Nigeria,1990.0,37502.0,8380.0,OO%,1000.0,O%X,7.0,1997.0,3400.0,4980.0,4980.0,4980.0,3400.0,3400.0,41876.0,9675.6,OO%,6100.0,OO%,2.0,1992.0,4800.0,4875.6,4875.6,4875.6,4800.0,4800.0,,,,,,,,,,,,
2026-04-29,1063,5,Paris,Ile-de-France,France,1982.0,37502.0,7457.6,OO%,1400.0,OXX,8.0,1974.0,2500.0,4957.6,4957.6,4957.6,2500.0,2500.0,41876.0,6738.0,OXX,262000.0,OXX,9.0,1973.0,2500.0,4238.0,4238.0,4238.0,2500.0,2500.0,,,,,,,,,,,,
2026-04-30,1064,1,Washington DC,Washington DC,United States,2026.0,47269.0,9997.114,OO%,144.3,OOO,0.0,2026.0,5000.0,4997.114,4997.114,4997.114,5000.0,5000.0,41225.0,9997.26,OO%,137.0,OOO,0.0,2026.0,5000.0,4997.26,4997.26,4997.26,5000.0,5000.0,,,,,,,,,,,,
2026-04-30,1064,2,Copenhagen,Capital Region,Denmark,1919.0,47269.0,8349.6,OO%,1900.0,O%X,6.0,1913.0,3400.0,4949.6,4949.6,4949.6,3400.0,3400.0,41225.0,8343.2,OO%,2300.0,O%X,7.0,1912.0,3400.0,4943.2,4943.2,4943.2,3400.0,3400.0,,,,,,,,,,,,
2026-04-30,1064,3,Berlin,Berlin,Germany,1975.0,47269.0,9990.292000000001,OO%,485.4,OOO,0.0,1975.0,5000.0,4990.292,4990.292,4990.292,5000.0,5000.0,41225.0,6995.66,OO%,217.0,OXX,13.0,1988.0,2000.0,4995.66,4995.66,4995.66,2000.0,2000.0,,,,,,,,,,,,
2026-04-30,1064,4,Invercargill,Southland,New Zealand,1966.0,47269.0,9291.618,OO%,419.1,OOX,4.0,1962.0,4300.0,4991.618,4991.618,4991.618,4300.0,4300.0,41225.0,6988.3,OO%,585.0,OXX,15.0,1951.0,2000.0,4988.3,4988.3,4988.3,2000.0,2000.0,,,,,,,,,,,,
2026-04-30,1064,5,Rio de Janeiro,Southeast,Brazil,2010.0,47269.0,9641.2,OO%,14700.0,OO%,2.0,2008.0,4800.0,4841.2,4841.2,4841.2,4800.0,4800.0,41225.0,8900.0,OOO,9.8,O%X,5.0,2005.0,3900.0,5000.0,5000.0,5000.0,3900.0,3900.0,,,,,,,,,,,,
2026-05-01,1065,1,Moscow,Central,Russia,1931.0,41922.0,9300.0,OOO,31.2,OOX,4.0,1927.0,4300.0,5000.0,5000.0,5000.0,4300.0,4300.0,38735.0,7491.88,OO%,406.0,OXX,10.0,1921.0,2500.0,4991.88,4991.88,4991.88,2500.0,2500.0,,,,,,,,,,,,
2026-05-01,1065,2,London,England,United Kingdom,1948.0,41922.0,9600.0,OOO,31.2,OOX,3.0,1945.0,4600.0,5000.0,5000.0,5000.0,4600.0,4600.0,38735.0,8313.0,OXX,787000.0,OOX,3.0,1945.0,4600.0,3713.0,3713.0,3713.0,4600.0,4600.0,,,,,,,,,,,,
2026-05-01,1065,3,Amsterdam,North Holland,Netherlands,1939.0,41922.0,7000.0,OOO,3.5,OXX,11.0,1950.0,2000.0,5000.0,5000.0,5000.0,2000.0,2000.0,38735.0,7488.74,OO%,563.0,OXX,10.0,1949.0,2500.0,4988.74,4988.74,4988.74,2500.0,2500.0,,,,,,,,,,,,
2026-05-01,1065,4,Copenhagen,Capital Region,Denmark,1967.0,41922.0,8894.423999999999,OO%,278.8,O%X,5.0,1962.0,3900.0,4994.424,4994.424,4994.424,3900.0,3900.0,38735.0,6017.0,OXX,483000.0,OXX,12.0,1979.0,2000.0,4017.0,4017.0,4017.0,2000.0,2000.0,,,,,,,,,,,,
2026-05-01,1065,5,Louisiana State Penitentiary,Louisiana,United States,2008.0,41922.0,7128.4,OOX,67900.0,OXX,9.0,2017.0,2500.0,4628.4,4628.4,4628.4,2500.0,2500.0,38735.0,9424.0,OOX,69000.0,OO%,2.0,2006.0,4800.0,4624.0,4624.0,4624.0,4800.0,4800.0,,,,,,,,,,,,
2026-05-04,1068,1,New York,New York,United States,2007.0,40111.0,9800.0,OOO,8.6,OO%,2.0,2005.0,4800.0,5000.0,5000.0,5000.0,4800.0,4800.0,44154.0,7500.0,OOO,9.8,OXX,9.0,1998.0,2500.0,5000.0,5000.0,5000.0,2500.0,2500.0,,,,,,,,,,,,
2026-05-04,1068,2,Nagasaki,Kyushu,Japan,1985.0,40111.0,7597.1,OXX,302900.0,O%X,6.0,1991.0,3400.0,4197.1,4197.1,4197.1,3400.0,3400.0,44154.0,8598.3,OXX,701700.0,OO%,2.0,1987.0,4800.0,3798.3,3798.3,3798.3,4800.0,4800.0,,,,,,,,,,,,
2026-05-04,1068,3,Waterford,Munster,Ireland,1902.0,40111.0,7766.3,O%X,133700.0,O%X,7.0,1909.0,3400.0,4366.3,4366.3,4366.3,3400.0,3400.0,44154.0,8267.5,O%X,132500.0,O%X,5.0,1907.0,3900.0,4367.5,4367.5,4367.5,3900.0,3900.0,,,,,,,,,,,,
2026-05-04,1068,4,Los Angeles,California,United States,1929.0,40111.0,5000.0,OOO,3.7,XXX,26.0,1955.0,0.0,5000.0,5000.0,5000.0,0.0,0.0,44154.0,10000.0,OOO,13.3,OOO,0.0,1929.0,5000.0,5000.0,5000.0,5000.0,5000.0,5000.0,,,,,,,,,,,,
2026-05-04,1068,5,Port-au-Prince,,Haiti,2010.0,40111.0,9948.33,OO%,83.5,OO%,1.0,2011.0,4950.0,4998.33,4998.33,4998.33,4950.0,4950.0,44154.0,9788.86,OO%,557.0,OO%,2.0,2012.0,4800.0,4988.86,4988.86,4988.86,4800.0,4800.0,,,,,,,,,,,,
2026-05-05,1069,1,Washington DC,Washington DC,United States,1963.0,46703.0,9995.488000000001,OO%,225.6,OOO,0.0,1963.0,5000.0,4995.488,4995.488,4995.488,5000.0,5000.0,40753.0,9796.02,OO%,199.0,OO%,2.0,1961.0,4800.0,4996.02,4996.02,4996.02,4800.0,4800.0,,,,,,,,,,,,
2026-05-05,1069,2,Bloemendaal aan Zee,North Holland,Netherlands,1949.0,46703.0,9155.2,OO%,11200.0,OOX,4.0,1953.0,4300.0,4855.2,4855.2,4855.2,4300.0,4300.0,40753.0,6922.4,OO%,3600.0,OXX,13.0,1936.0,2000.0,4922.4,4922.4,4922.4,2000.0,2000.0,,,,,,,,,,,,
2026-05-05,1069,3,Hong Kong,Hong Kong,China,1994.0,46703.0,9227.2,OO%,3300.0,OOX,4.0,1990.0,4300.0,4927.2,4927.2,4927.2,4300.0,4300.0,40753.0,9259.2,OO%,1300.0,OOX,4.0,1990.0,4300.0,4959.2,4959.2,4959.2,4300.0,4300.0,,,,,,,,,,,,
2026-05-05,1069,4,Berlin,Berlin,Germany,1903.0,46703.0,9984.038,OO%,798.1,OOO,0.0,1903.0,5000.0,4984.038,4984.038,4984.038,5000.0,5000.0,40753.0,8824.0,OXX,476000.0,OO%,2.0,1905.0,4800.0,4024.0,4024.0,4024.0,4800.0,4800.0,,,,,,,,,,,,
2026-05-05,1069,5,Paris,Ile-de-France,France,2010.0,46703.0,8341.6,OO%,2400.0,O%X,7.0,2017.0,3400.0,4941.6,4941.6,4941.6,3400.0,3400.0,40753.0,5952.8,OO%,1700.0,%XX,16.0,1994.0,1000.0,4952.8,4952.8,4952.8,1000.0,1000.0,,,,,,,,,,,,
2026-05-06,1070,1,Seoul,Seoul Capital Area,South Korea,2003.0,41902.0,7484.074,OO%,796.3,OXX,8.0,2011.0,2500.0,4984.074,4984.074,4984.074,2500.0,2500.0,36292.0,8392.36,OO%,382.0,O%X,7.0,1996.0,3400.0,4992.36,4992.36,4992.36,3400.0,3400.0,,,,,,,,,,,,
2026-05-06,1070,2,Taos,New Mexico,United States,1941.0,41902.0,7495.176,OO%,241.2,OXX,9.0,1932.0,2500.0,4995.176,4995.176,4995.176,2500.0,2500.0,36292.0,9598.939999999999,OO%,53.0,OOX,3.0,1938.0,4600.0,4998.94,4998.94,4998.94,4600.0,4600.0,,,,,,,,,,,,
2026-05-06,1070,3,Turku,Southern Finland,Finland,1972.0,41902.0,9298.8,O%X,151200.0,OO%,1.0,1971.0,4950.0,4348.8,4348.8,4348.8,4950.0,4950.0,36292.0,7749.0,O%X,151000.0,O%X,7.0,1965.0,3400.0,4349.0,4349.0,4349.0,3400.0,3400.0,,,,,,,,,,,,
2026-05-06,1070,4,Puno,Puno,Peru,1967.0,41902.0,8070.9,OXX,329100.0,O%X,5.0,1962.0,3900.0,4170.9,4170.9,4170.9,3900.0,3900.0,36292.0,4084.8,XXX,4076000.0,O%X,7.0,1960.0,3400.0,684.8,684.8,684.8,3400.0,3400.0,,,,,,,,,,,,
2026-05-06,1070,5,Benidorm,Valencia,Spain,1992.0,41902.0,9552.8,OO%,1700.0,OOX,3.0,1995.0,4600.0,4952.8,4952.8,4952.8,4600.0,4600.0,36292.0,6467.0,%XX,1866000.0,O%X,5.0,1997.0,3900.0,2567.0,2567.0,2567.0,3900.0,3900.0,,,,,,,,,,,,
2026-05-07,1071,1,Ho Chi Minh,Southeast,Vietnam,2017.0,45169.0,9785.272,OO%,736.4,OO%,2.0,2019.0,4800.0,4985.272,4985.272,4985.272,4800.0,4800.0,43885.0,8351.2,OO%,1800.0,O%X,6.0,2023.0,3400.0,4951.2,4951.2,4951.2,3400.0,3400.0,,,,,,,,,,,,
2026-05-07,1071,2,Zurich,Zurich,Switzerland,1971.0,45169.0,9146.0,OXX,304000.0,OO%,1.0,1972.0,4950.0,4196.0,4196.0,4196.0,4950.0,4950.0,43885.0,8208.0,OXX,592000.0,OOX,4.0,1975.0,4300.0,3908.0,3908.0,3908.0,4300.0,4300.0,,,,,,,,,,,,
2026-05-07,1071,3,Paris,Ile-de-France,France,1995.0,45169.0,9533.6,OO%,2900.0,OOX,3.0,1998.0,4600.0,4933.6,4933.6,4933.6,4600.0,4600.0,43885.0,8811.2,OO%,4300.0,O%X,5.0,1990.0,3900.0,4911.2,4911.2,4911.2,3900.0,3900.0,,,,,,,,,,,,
2026-05-07,1071,4,Waterford,Munster,Ireland,1914.0,45169.0,7415.0,OXX,485000.0,O%X,7.0,1907.0,3400.0,4015.0,4015.0,4015.0,3400.0,3400.0,43885.0,8721.0,OXX,379000.0,OOX,3.0,1917.0,4600.0,4121.0,4121.0,4121.0,4600.0,4600.0,,,,,,,,,,,,
2026-05-07,1071,5,Minneapolis,Minnesota,United States,1937.0,45169.0,9288.65,OO%,567.5,OOX,4.0,1941.0,4300.0,4988.65,4988.65,4988.65,4300.0,4300.0,43885.0,9793.04,OO%,348.0,OO%,2.0,1939.0,4800.0,4993.04,4993.04,4993.04,4800.0,4800.0,,,,,,,,,,,,
2026-05-08,1072,1,Helsinki,Helsinki-Uusimaa,Finland,1945.0,45819.0,6997.928,OO%,103.6,OXX,15.0,1930.0,2000.0,4997.928,4997.928,4997.928,2000.0,2000.0,44725.0,8888.779999999999,OO%,561.0,O%X,5.0,1940.0,3900.0,4988.78,4988.78,4988.78,3900.0,3900.0,,,,,,,,,,,,
2026-05-08,1072,2,London,England,United Kingdom,1969.0,45819.0,9987.689999999999,OO%,615.5,OOO,0.0,1969.0,5000.0,4987.69,4987.69,4987.69,5000.0,5000.0,44725.0,9949.6,OO%,1900.0,OOO,0.0,1969.0,5000.0,4949.6,4949.6,4949.6,5000.0,5000.0,,,,,,,,,,,,
2026-05-08,1072,3,Toronto,Ontario,Canada,2019.0,45819.0,9950.0,OOO,20.2,OO%,1.0,2018.0,4950.0,5000.0,5000.0,5000.0,4950.0,4950.0,44725.0,9988.8,OO%,560.0,OOO,0.0,2019.0,5000.0,4988.8,4988.8,4988.8,5000.0,5000.0,,,,,,,,,,,,
2026-05-08,1072,4,New York,New York,United States,1920.0,45819.0,9298.712,OO%,64.4,OOX,4.0,1916.0,4300.0,4998.712,4998.712,4998.712,4300.0,4300.0,44725.0,9947.7,OO%,115.0,OO%,1.0,1921.0,4950.0,4997.7,4997.7,4997.7,4950.0,4950.0,,,,,,,,,,,,
2026-05-08,1072,5,Warsaw,Masovia,Poland,1983.0,45819.0,9584.114,OO%,794.3,OOX,3.0,1980.0,4600.0,4984.114,4984.114,4984.114,4600.0,4600.0,44725.0,5949.6,OO%,1900.0,%XX,16.0,1967.0,1000.0,4949.6,4949.6,4949.6,1000.0,1000.0,,,,,,,,,,,,
2026-05-18,1082,1,Baku,,Azerbaijan,2022.0,45157.0,9938.4,OO%,2600.0,OOO,0.0,2022.0,5000.0,4938.4,4938.4,4938.4,5000.0,5000.0,38313.0,6661.4172,XXX,2516000.0,OOO,0.0,2022.0,5000.0,1661.4172,1661.4172,1661.4172,5000.0,5000.0,,,,,,,,,,,,
2026-05-18,1082,2,Cobh,Munster,Ireland,1913.0,45157.0,7346.8,OO%,13300.0,OXX,9.0,1904.0,2500.0,4846.8,4846.8,4846.8,2500.0,2500.0,38313.0,9146.4,OO%,13400.0,OOX,4.0,1909.0,4300.0,4846.4,4846.4,4846.4,4300.0,4300.0,,,,,,,,,,,,
2026-05-18,1082,3,Tokyo,Kanto,Japan,1921.0,45157.0,8390.7,OO%,465.0,O%X,7.0,1928.0,3400.0,4990.7,4990.7,4990.7,3400.0,3400.0,38313.0,9562.4,OO%,1100.0,OOX,3.0,1924.0,4600.0,4962.4,4962.4,4962.4,4600.0,4600.0,,,,,,,,,,,,
2026-05-18,1082,4,Montevideo,,Uruguay,2005.0,45157.0,9948.694,OO%,65.3,OO%,1.0,2006.0,4950.0,4998.694,4998.694,4998.694,4950.0,4950.0,38313.0,6000.0,OOO,7.1,%XX,16.0,1989.0,1000.0,5000.0,5000.0,5000.0,1000.0,1000.0,,,,,,,,,,,,
2026-05-18,1082,5,Kampala,,Uganda,1971.0,45157.0,9532.0,OO%,3000.0,OOX,3.0,1974.0,4600.0,4932.0,4932.0,4932.0,4600.0,4600.0,38313.0,6943.2,OO%,2300.0,OXX,11.0,1982.0,2000.0,4943.2,4943.2,4943.2,2000.0,2000.0,,,,,,,,,,,,
2026-05-19,1083,1,Quincy,Washington,United States,1980.0,43963.0,9800.0,OOO,13.1,OO%,2.0,1982.0,4800.0,5000.0,5000.0,5000.0,4800.0,4800.0,37088.0,6305.3,O%X,194700.0,OXX,11.0,1991.0,2000.0,4305.3,4305.3,4305.3,2000.0,2000.0,,,,,,,,,,,,
2026-05-19,1083,2,Montreal,Quebec,Canada,1900.0,43963.0,7484.482,OO%,775.9,OXX,8.0,1908.0,2500.0,4984.482,4984.482,4984.482,2500.0,2500.0,37088.0,2857.6,XXX,5712000.0,OXX,9.0,1909.0,2500.0,357.5999999999999,357.5999999999999,357.5999999999999,2500.0,2500.0,,,,,,,,,,,,
2026-05-19,1083,3,Di An,Southeast,Vietnam,1969.0,43963.0,9806.0,OO%,11000.0,OO%,1.0,1970.0,4950.0,4856.0,4856.0,4856.0,4950.0,4950.0,37088.0,9642.4,OO%,14400.0,OO%,2.0,1971.0,4800.0,4842.4,4842.4,4842.4,4800.0,4800.0,,,,,,,,,,,,
2026-05-19,1083,4,Helsinki,Helsinki-Uusimaa,Finland,1951.0,43963.0,6990.592,OO%,470.4,OXX,13.0,1938.0,2000.0,4990.592,4990.592,4990.592,2000.0,2000.0,37088.0,8384.96,OO%,752.0,O%X,6.0,1957.0,3400.0,4984.96,4984.96,4984.96,3400.0,3400.0,,,,,,,,,,,,
2026-05-19,1083,5,Tegucigalpa,,Honduras,2017.0,43963.0,9882.0,OO%,3000.0,OO%,1.0,2018.0,4950.0,4932.0,4932.0,4932.0,4950.0,4950.0,37088.0,9899.6,OO%,1900.0,OO%,1.0,2016.0,4950.0,4949.6,4949.6,4949.6,4950.0,4950.0,,,,,,,,,,,,
2026-05-20,1084,1,London,England,United Kingdom,1910.0,47967.0,9760.8,OO%,1200.0,OO%,2.0,1912.0,4800.0,4960.8,4960.8,4960.8,4800.0,4800.0,42663.0,4941.6,OO%,2400.0,XXX,23.0,1933.0,0.0,4941.6,4941.6,4941.6,0.0,0.0,,,,,,,,,,,,
2026-05-20,1084,2,Bangkok,Central Thailand,Thailand,2005.0,47967.0,9910.8,OO%,1200.0,OO%,1.0,2006.0,4950.0,4960.8,4960.8,4960.8,4950.0,4950.0,42663.0,9784.3,OO%,785.0,OO%,2.0,2007.0,4800.0,4984.3,4984.3,4984.3,4800.0,4800.0,,,,,,,,,,,,
2026-05-20,1084,3,Amsterdam,North Holland,Netherlands,1949.0,47967.0,10000.0,OOO,28.3,OOO,0.0,1949.0,5000.0,5000.0,5000.0,5000.0,5000.0,5000.0,42663.0,9991.779999999999,OO%,411.0,OOO,0.0,1949.0,5000.0,4991.78,4991.78,4991.78,5000.0,5000.0,,,,,,,,,,,,
2026-05-20,1084,4,Tunis,,Tunisia,1943.0,47967.0,8494.5,OXX,805500.0,OO%,2.0,1945.0,4800.0,3694.5,3694.5,3694.5,4800.0,4800.0,42663.0,7995.0,OXX,805000.0,OOX,4.0,1947.0,4300.0,3695.0,3695.0,3695.0,4300.0,4300.0,,,,,,,,,,,,
2026-05-20,1084,5,Agra,Uttar Pradesh,India,2019.0,47967.0,9800.0,OOO,8.3,OO%,2.0,2017.0,4800.0,5000.0,5000.0,5000.0,4800.0,4800.0,42663.0,9950.0,OOO,13.0,OO%,1.0,2018.0,4950.0,5000.0,5000.0,5000.0,4950.0,4950.0,,,,,,,,,,,,
2026-05-21,1085,1,Sao Paulo,Southeast,Brazil,1972.0,41287.0,9228.8,OO%,3200.0,OOX,4.0,1968.0,4300.0,4928.8,4928.8,4928.8,4300.0,4300.0,46167.0,8941.0,OXX,359000.0,OO%,2.0,1974.0,4800.0,4141.0,4141.0,4141.0,4800.0,4800.0,,,,,,,,,,,,
2026-05-21,1085,2,Stockholm,Svealand,Sweden,1940.0,41287.0,6988.688,OO%,565.6,OXX,13.0,1953.0,2000.0,4988.688,4988.688,4988.688,2000.0,2000.0,46167.0,9987.34,OO%,633.0,OOO,0.0,1940.0,5000.0,4987.34,4987.34,4987.34,5000.0,5000.0,,,,,,,,,,,,
2026-05-21,1085,3,Lusaka,,Zambia,2018.0,41287.0,9993.062,OO%,346.9,OOO,0.0,2018.0,5000.0,4993.062,4993.062,4993.062,5000.0,5000.0,46167.0,8218.0,OO%,20500.0,O%X,6.0,2024.0,3400.0,4818.0,4818.0,4818.0,3400.0,3400.0,,,,,,,,,,,,
2026-05-21,1085,4,Marseille,Provence-Alpes-Cote d'Azur,France,1913.0,41287.0,7236.7,OXX,663300.0,O%X,6.0,1919.0,3400.0,3836.7,3836.7,3836.7,3400.0,3400.0,46167.0,9022.4,OXX,277600.0,OO%,2.0,1915.0,4800.0,4222.4,4222.4,4222.4,4800.0,4800.0,,,,,,,,,,,,
2026-05-21,1085,5,Pasadena,California,United States,1987.0,41287.0,7839.45,%XX,1321100.0,OOO,0.0,1987.0,5000.0,2839.45,2839.45,2839.45,5000.0,5000.0,46167.0,9998.448,OO%,77.6,OOO,0.0,1987.0,5000.0,4998.448,4998.448,4998.448,5000.0,5000.0,,,,,,,,,,,,
2026-06-01,1096,1,Rio de Janeiro,Southeast,Brazil,1940.0,49711.0,9890.0,OO%,2500.0,OO%,1.0,1941.0,4950.0,4940.0,4940.0,4940.0,4950.0,4950.0,48763.0,9594.84,OO%,258.0,OOX,3.0,1937.0,4600.0,4994.84,4994.84,4994.84,4600.0,4600.0,,,,,,,,,,,,
2026-06-01,1096,2,Singapore,,Singapore,2018.0,49711.0,9993.376,OO%,331.2,OOO,0.0,2018.0,5000.0,4993.376,4993.376,4993.376,5000.0,5000.0,48763.0,9940.9,OO%,455.0,OO%,1.0,2017.0,4950.0,4990.9,4990.9,4990.9,4950.0,4950.0,,,,,,,,,,,,
2026-06-01,1096,3,San Francisco,California,United States,1905.0,49711.0,9938.042000000001,OO%,597.9,OO%,1.0,1904.0,4950.0,4988.042,4988.042,4988.042,4950.0,4950.0,48763.0,9944.3,OO%,285.0,OO%,1.0,1906.0,4950.0,4994.3,4994.3,4994.3,4950.0,4950.0,,,,,,,,,,,,
2026-06-01,1096,4,Geneva,Lake Geneva Region,Switzerland,1978.0,49711.0,9940.194,OO%,490.3,OO%,1.0,1977.0,4950.0,4990.194,4990.194,4990.194,4950.0,4950.0,48763.0,9289.86,OO%,507.0,OOX,4.0,1982.0,4300.0,4989.86,4989.86,4989.86,4300.0,4300.0,,,,,,,,,,,,
2026-06-01,1096,5,Tallinn,,Estonia,1990.0,49711.0,9950.0,OOO,11.6,OO%,1.0,1991.0,4950.0,5000.0,5000.0,5000.0,4950.0,4950.0,48763.0,9992.64,OO%,368.0,OOO,0.0,1990.0,5000.0,4992.64,4992.64,4992.64,5000.0,5000.0,,,,,,,,,,,,
2026-06-02,1097,1,Budapest,Central Hungary,Hungary,1956.0,43229.0,4960.8,OO%,1200.0,XXX,24.0,1932.0,0.0,4960.8,4960.8,4960.8,0.0,0.0,41703.0,9962.4,OO%,1100.0,OOO,0.0,1956.0,5000.0,4962.4,4962.4,4962.4,5000.0,5000.0,,,,,,,,,,,,
2026-06-02,1097,2,Poros,Attica,Greece,1998.0,43229.0,8976.9,O%X,123100.0,OOX,3.0,1995.0,4600.0,4376.9,4376.9,4376.9,4600.0,4600.0,41703.0,6825.0,O%X,175000.0,OXX,10.0,1988.0,2500.0,4325.0,4325.0,4325.0,2500.0,2500.0,,,,,,,,,,,,
2026-06-02,1097,3,Dakar,,Senegal,2007.0,43229.0,9598.386,OO%,80.7,OOX,3.0,2010.0,4600.0,4998.386,4998.386,4998.386,4600.0,4600.0,41703.0,6584.0716,XXX,2148000.0,OO%,2.0,2005.0,4800.0,1784.0716,1784.0716,1784.0716,4800.0,4800.0,,,,,,,,,,,,
2026-06-02,1097,4,Detroit,Michigan,United States,1942.0,43229.0,9797.036,OO%,148.2,OO%,2.0,1940.0,4800.0,4997.036,4997.036,4997.036,4800.0,4800.0,41703.0,8390.220000000001,OO%,489.0,O%X,7.0,1935.0,3400.0,4990.22,4990.22,4990.22,3400.0,3400.0,,,,,,,,,,,,
2026-06-02,1097,5,Hong Kong,Hong Kong,China,2020.0,43229.0,9896.4,OO%,2100.0,OO%,1.0,2021.0,4950.0,4946.4,4946.4,4946.4,4950.0,4950.0,41703.0,9941.6,OO%,2400.0,OOO,0.0,2020.0,5000.0,4941.6,4941.6,4941.6,5000.0,5000.0,,,,,,,,,,,,
2026-06-03,1098,1,Stockholm,Svealand,Sweden,1967.0,45530.0,8359.2,OO%,1300.0,O%X,7.0,1960.0,3400.0,4959.2,4959.2,4959.2,3400.0,3400.0,36983.0,5980.1,OXX,519900.0,OXX,12.0,1955.0,2000.0,3980.1,3980.1,3980.1,2000.0,2000.0,,,,,,,,,,,,
2026-06-03,1098,2,Panama City,,Panama,2022.0,45530.0,8893.022,OO%,348.9,O%X,5.0,2017.0,3900.0,4993.022,4993.022,4993.022,3900.0,3900.0,36983.0,8862.4,OO%,1100.0,O%X,5.0,2017.0,3900.0,4962.4,4962.4,4962.4,3900.0,3900.0,,,,,,,,,,,,
2026-06-03,1098,3,Presque Isle,Maine,United States,1940.0,45530.0,8761.5,OXX,538500.0,OO%,2.0,1938.0,4800.0,3961.5,3961.5,3961.5,4800.0,4800.0,36983.0,5753.0,XXX,3735000.0,OOO,0.0,1940.0,5000.0,753.0,753.0,753.0,5000.0,5000.0,,,,,,,,,,,,
2026-06-03,1098,4,Bamako,,Mali,1984.0,45530.0,9995.68,OO%,216.0,OOO,0.0,1984.0,5000.0,4995.68,4995.68,4995.68,5000.0,5000.0,36983.0,7489.26,OO%,537.0,OXX,8.0,1992.0,2500.0,4989.26,4989.26,4989.26,2500.0,2500.0,,,,,,,,,,,,
2026-06-03,1098,5,London,England,United Kingdom,1973.0,45530.0,9520.8,OO%,3700.0,OOX,3.0,1970.0,4600.0,4920.8,4920.8,4920.8,4600.0,4600.0,36983.0,8898.975999999999,OO%,51.2,O%X,5.0,1978.0,3900.0,4998.976,4998.976,4998.976,3900.0,3900.0,,,,,,,,,,,,
2026-06-04,1099,1,Col de Vergio,Corsica,France,2007.0,27498.0,5804.4,OO%,23900.0,%XX,17.0,2024.0,1000.0,4804.4,4804.4,4804.4,1000.0,1000.0,35320.0,6143.0,OXX,357000.0,OXX,13.0,1994.0,2000.0,4143.0,4143.0,4143.0,2000.0,2000.0,,,,,,,,,,,,
2026-06-04,1099,2,Sydney,New South Wales,Australia,1978.0,27498.0,8382.768,OO%,861.6,O%X,6.0,1972.0,3400.0,4982.768,4982.768,4982.768,3400.0,3400.0,35320.0,6962.4,OO%,1100.0,OXX,11.0,1967.0,2000.0,4962.4,4962.4,4962.4,2000.0,2000.0,,,,,,,,,,,,
2026-06-04,1099,3,Dover,England,United Kingdom,1940.0,27498.0,4392.9,O%X,107100.0,XXX,25.0,1915.0,0.0,4392.9,4392.9,4392.9,0.0,0.0,35320.0,4602.4,OOX,74400.0,XXX,23.0,1917.0,0.0,4602.4,4602.4,4602.4,0.0,0.0,,,,,,,,,,,,
2026-06-04,1099,4,Warsaw,Masovia,Poland,1960.0,27498.0,2924.75,%XX,1150500.0,XXX,23.0,1983.0,0.0,2924.75,2924.75,2924.75,0.0,0.0,35320.0,8351.2,OO%,1800.0,O%X,7.0,1967.0,3400.0,4951.2,4951.2,4951.2,3400.0,3400.0,,,,,,,,,,,,
2026-06-04,1099,5,Los Angeles,California,United States,1984.0,27498.0,5992.498,OO%,375.1,%XX,17.0,1967.0,1000.0,4992.498,4992.498,4992.498,1000.0,1000.0,35320.0,9260.8,OO%,1200.0,OOX,4.0,1980.0,4300.0,4960.8,4960.8,4960.8,4300.0,4300.0,,,,,,,,,,,,
2026-06-05,1100,1,Ottawa,Ontario,Canada,2010.0,42752.0,9950.0,OOO,34.3,OO%,1.0,2011.0,4950.0,5000.0,5000.0,5000.0,4950.0,4950.0,42366.0,8900.0,OOO,33.8,O%X,5.0,2005.0,3900.0,5000.0,5000.0,5000.0,3900.0,3900.0,,,,,,,,,,,,
2026-06-05,1100,2,Manila,,Philippines,1958.0,42752.0,7489.822,OO%,508.9,OXX,10.0,1948.0,2500.0,4989.822,4989.822,4989.822,2500.0,2500.0,42366.0,6873.2,OO%,6700.0,OXX,11.0,1947.0,2000.0,4873.2,4873.2,4873.2,2000.0,2000.0,,,,,,,,,,,,
2026-06-05,1100,3,Berlin,Berlin,Germany,1909.0,42752.0,9909.2,OO%,1300.0,OO%,1.0,1910.0,4950.0,4959.2,4959.2,4959.2,4950.0,4950.0,42366.0,9784.272,OO%,786.4,OO%,2.0,1911.0,4800.0,4984.272,4984.272,4984.272,4800.0,4800.0,,,,,,,,,,,,
2026-06-05,1100,4,Mumbai,Maharashtra,India,1998.0,42752.0,5930.4,OO%,3100.0,%XX,20.0,2018.0,1000.0,4930.4,4930.4,4930.4,1000.0,1000.0,42366.0,6984.84,OO%,758.0,OXX,13.0,2011.0,2000.0,4984.84,4984.84,4984.84,2000.0,2000.0,,,,,,,,,,,,
2026-06-05,1100,5,Milwaukee,Wisconsin,United States,1943.0,42752.0,9472.4,OO%,6900.0,OOX,3.0,1946.0,4600.0,4872.4,4872.4,4872.4,4600.0,4600.0,42366.0,9823.6,OO%,6600.0,OO%,1.0,1942.0,4950.0,4873.6,4873.6,4873.6,4950.0,4950.0,,,,,,,,,,,,
2026-06-08,1103,1,Cairo,,Egypt,2011.0,48301.0,9752.8,OO%,1700.0,OO%,2.0,2013.0,4800.0,4952.8,4952.8,4952.8,4800.0,4800.0,38069.0,5658.0,XXX,3210000.0,OO%,2.0,2009.0,4800.0,858.0,858.0,858.0,4800.0,4800.0,,,,,,,,,,,,
2026-06-08,1103,2,Ankara,Central Anatolia,Turkiye,1935.0,48301.0,9104.3,OXX,345700.0,OO%,1.0,1934.0,4950.0,4154.3,4154.3,4154.3,4950.0,4950.0,38069.0,9557.6,OO%,1400.0,OOX,3.0,1938.0,4600.0,4957.6,4957.6,4957.6,4600.0,4600.0,,,,,,,,,,,,
2026-06-08,1103,3,Brussels,Brussels Capital Region,Belgium,1985.0,48301.0,9703.2,OO%,4800.0,OO%,2.0,1983.0,4800.0,4903.2,4903.2,4903.2,4800.0,4800.0,38069.0,6877.2,OO%,5700.0,OXX,12.0,1973.0,2000.0,4877.2,4877.2,4877.2,2000.0,2000.0,,,,,,,,,,,,
2026-06-08,1103,4,Sapporo,Hokkaido,Japan,2025.0,48301.0,9863.2,OO%,9200.0,OOO,0.0,2025.0,5000.0,4863.2,4863.2,4863.2,5000.0,5000.0,38069.0,9995.274000000001,OO%,236.3,OOO,0.0,2025.0,5000.0,4995.274,4995.274,4995.274,5000.0,5000.0,,,,,,,,,,,,
2026-06-08,1103,5,Dakar,,Senegal,1961.0,48301.0,9878.8,OO%,3200.0,OO%,1.0,1962.0,4950.0,4928.8,4928.8,4928.8,4950.0,4950.0,38069.0,5981.18,OO%,941.0,%XX,19.0,1980.0,1000.0,4981.18,4981.18,4981.18,1000.0,1000.0,,,,,,,,,,,,
2026-06-09,1104,1,Skopje,,North Macedonia,1963.0,38464.0,7577.7,OXX,322300.0,O%X,6.0,1969.0,3400.0,4177.7,4177.7,4177.7,3400.0,3400.0,39138.0,7488.0,%XX,1924000.0,OO%,1.0,1962.0,4950.0,2538.0,2538.0,2538.0,4950.0,4950.0,,,,,,,,,,,,
2026-06-09,1104,2,Beijing,Beijing,China,1989.0,38464.0,7915.65,%XX,1068700.0,OO%,1.0,1990.0,4950.0,2965.65,2965.65,2965.65,4950.0,4950.0,39138.0,9235.2,OO%,2800.0,OOX,4.0,1985.0,4300.0,4935.2,4935.2,4935.2,4300.0,4300.0,,,,,,,,,,,,
2026-06-09,1104,3,Stockholm,Svealand,Sweden,1944.0,38464.0,5994.686,OO%,265.7,%XX,18.0,1962.0,1000.0,4994.686,4994.686,4994.686,1000.0,1000.0,39138.0,7484.94,OO%,753.0,OXX,9.0,1953.0,2500.0,4984.94,4984.94,4984.94,2500.0,2500.0,,,,,,,,,,,,
2026-06-09,1104,4,Lisbon,Lisbon,Portugal,1911.0,38464.0,6987.584,OO%,620.8,OXX,11.0,1922.0,2000.0,4987.584,4987.584,4987.584,2000.0,2000.0,39138.0,4989.3,OO%,535.0,XXX,29.0,1940.0,0.0,4989.3,4989.3,4989.3,0.0,0.0,,,,,,,,,,,,
2026-06-09,1104,5,Santiago,Santiago Metropolitan,Chile,2016.0,38464.0,9986.758,OO%,662.1,OOO,0.0,2016.0,5000.0,4986.758,4986.758,4986.758,5000.0,5000.0,39138.0,9940.9,OO%,455.0,OO%,1.0,2017.0,4950.0,4990.9,4990.9,4990.9,4950.0,4950.0,,,,,,,,,,,,
2026-06-10,1105,1,Milan,Lombardy,Italy,1973.0,37919.0,7000.0,OOO,10.8,OXX,12.0,1985.0,2000.0,5000.0,5000.0,5000.0,2000.0,2000.0,37646.0,9294.84,OO%,258.0,OOX,4.0,1969.0,4300.0,4994.84,4994.84,4994.84,4300.0,4300.0,,,,,,,,,,,,
2026-06-10,1105,2,Buffalo,New York,United States,1900.0,37919.0,5203.1,OXX,296900.0,%XX,16.0,1916.0,1000.0,4203.1,4203.1,4203.1,1000.0,1000.0,37646.0,8103.0,OXX,297000.0,O%X,5.0,1905.0,3900.0,4203.0,4203.0,4203.0,3900.0,3900.0,,,,,,,,,,,,
2026-06-10,1105,3,Bangkok,Central Thailand,Thailand,1985.0,37919.0,8362.4,OO%,1100.0,O%X,7.0,1978.0,3400.0,4962.4,4962.4,4962.4,3400.0,3400.0,37646.0,3399.4,XXX,3003000.0,OXX,10.0,1975.0,2500.0,899.4,899.4,899.4,2500.0,2500.0,,,,,,,,,,,,
2026-06-10,1105,4,Lyon,Auvergne-Rhone-Alpes,France,1946.0,37919.0,7452.8,OO%,1700.0,OXX,10.0,1956.0,2500.0,4952.8,4952.8,4952.8,2500.0,2500.0,37646.0,6956.0,OO%,1500.0,OXX,11.0,1935.0,2000.0,4956.0,4956.0,4956.0,2000.0,2000.0,,,,,,,,,,,,
2026-06-10,1105,5,Guatemala City,,Guatemala,2023.0,37919.0,9901.6,OO%,4900.0,OOO,0.0,2023.0,5000.0,4901.6,4901.6,4901.6,5000.0,5000.0,37646.0,9893.2,OO%,2300.0,OO%,1.0,2024.0,4950.0,4943.2,4943.2,4943.2,4950.0,4950.0,,,,,,,,,,,,
2026-06-11,1106,1,Seoul,Seoul Capital Area,South Korea,1967.0,41459.0,5997.698,OO%,115.1,%XX,19.0,1986.0,1000.0,4997.698,4997.698,4997.698,1000.0,1000.0,35560.0,4998.126,OO%,93.7,XXX,24.0,1991.0,0.0,4998.126,4998.126,4998.126,0.0,0.0,,,,,,,,,,,,
2026-06-11,1106,2,Los Angeles,California,United States,1980.0,41459.0,8898.362000000001,OO%,81.9,O%X,5.0,1975.0,3900.0,4998.362,4998.362,4998.362,3900.0,3900.0,35560.0,8801.6,OO%,4900.0,O%X,5.0,1975.0,3900.0,4901.6,4901.6,4901.6,3900.0,3900.0,,,,,,,,,,,,
2026-06-11,1106,3,Grindelwald,Espace Mittelland,Switzerland,1958.0,41459.0,6836.4,OO%,15900.0,OXX,12.0,1970.0,2000.0,4836.4,4836.4,4836.4,2000.0,2000.0,35560.0,4668.4,OOX,57900.0,XXX,30.0,1988.0,0.0,4668.4,4668.4,4668.4,0.0,0.0,,,,,,,,,,,,
2026-06-11,1106,4,Yaounde,,Cameroon,2010.0,41459.0,9927.2,OO%,3300.0,OOO,0.0,2010.0,5000.0,4927.2,4927.2,4927.2,5000.0,5000.0,35560.0,7494.16,OO%,292.0,OXX,8.0,2018.0,2500.0,4994.16,4994.16,4994.16,2500.0,2500.0,,,,,,,,,,,,
2026-06-11,1106,5,Niagara Falls,New York,United States,1906.0,41459.0,9800.0,OOO,5.4,OO%,2.0,1904.0,4800.0,5000.0,5000.0,5000.0,4800.0,4800.0,35560.0,9597.92,OO%,104.0,OOX,3.0,1903.0,4600.0,4997.92,4997.92,4997.92,4600.0,4600.0,,,,,,,,,,,,
2026-06-12,1107,1,Belle Glade,Florida,United States,1940.0,40434.0,9991.394,OO%,430.3,OOO,0.0,1940.0,5000.0,4991.394,4991.394,4991.394,5000.0,5000.0,32728.0,9084.0,OXX,416000.0,OOO,0.0,1940.0,5000.0,4084.0,4084.0,4084.0,5000.0,5000.0,,,,,,,,,,,,
2026-06-12,1107,2,London,England,United Kingdom,1981.0,40434.0,5987.432,OO%,628.4,%XX,18.0,1999.0,1000.0,4987.432,4987.432,4987.432,1000.0,1000.0,32728.0,7481.56,OO%,922.0,OXX,9.0,1990.0,2500.0,4981.56,4981.56,4981.56,2500.0,2500.0,,,,,,,,,,,,
2026-06-12,1107,3,Gyor,Western Transdanubia,Hungary,1938.0,40434.0,7500.0,OOO,36.7,OXX,9.0,1947.0,2500.0,5000.0,5000.0,5000.0,2500.0,2500.0,32728.0,9192.0,O%X,108000.0,OO%,2.0,1936.0,4800.0,4392.0,4392.0,4392.0,4800.0,4800.0,,,,,,,,,,,,
2026-06-12,1107,4,Helsinki,Helsinki-Uusimaa,Finland,1969.0,40434.0,6956.0,OO%,1500.0,OXX,13.0,1956.0,2000.0,4956.0,4956.0,4956.0,2000.0,2000.0,32728.0,5959.2,OO%,1300.0,%XX,19.0,1950.0,1000.0,4959.2,4959.2,4959.2,1000.0,1000.0,,,,,,,,,,,,
2026-06-12,1107,5,Johannesburg,Gauteng,South Africa,2010.0,40434.0,10000.0,OOO,4.3,OOO,0.0,2010.0,5000.0,5000.0,5000.0,5000.0,5000.0,5000.0,32728.0,1012.0,XXX,14578000.0,%XX,16.0,2026.0,1000.0,12.0,12.0,12.0,1000.0,1000.0,,,,,,,,,,,,
2026-06-15,1110,1,Hiroshima,Chugoku,Japan,1985.0,39544.0,4932.0,OO%,3000.0,XXX,28.0,1957.0,0.0,4932.0,4932.0,4932.0,0.0,0.0,42055.0,4928.8,OO%,3200.0,XXX,25.0,1960.0,0.0,4928.8,4928.8,4928.8,0.0,0.0,,,,,,,,,,,,
2026-06-15,1110,2,Miami,Florida,United States,1922.0,39544.0,8269.6,OO%,7600.0,O%X,7.0,1929.0,3400.0,4869.6,4869.6,4869.6,3400.0,3400.0,42055.0,9812.4,OO%,9400.0,OO%,1.0,1921.0,4950.0,4862.4,4862.4,4862.4,4950.0,4950.0,,,,,,,,,,,,
2026-06-15,1110,3,Gordon's Bay,Western Cape,South Africa,2025.0,39544.0,9682.0,OOX,42000.0,OO%,1.0,2024.0,4950.0,4732.0,4732.0,4732.0,4950.0,4950.0,42055.0,9682.0,OOX,42000.0,OO%,1.0,2024.0,4950.0,4732.0,4732.0,4732.0,4950.0,4950.0,,,,,,,,,,,,
2026-06-15,1110,4,Panama City,,Panama,1945.0,39544.0,6986.422,OO%,678.9,OXX,11.0,1934.0,2000.0,4986.422,4986.422,4986.422,2000.0,2000.0,42055.0,8856.0,OO%,1500.0,O%X,5.0,1940.0,3900.0,4956.0,4956.0,4956.0,3900.0,3900.0,,,,,,,,,,,,
2026-06-15,1110,5,London,England,United Kingdom,1967.0,39544.0,9673.6,OO%,6600.0,OO%,2.0,1969.0,4800.0,4873.6,4873.6,4873.6,4800.0,4800.0,42055.0,8774.8,OO%,6300.0,O%X,5.0,1962.0,3900.0,4874.8,4874.8,4874.8,3900.0,3900.0,,,,,,,,,,,,
2026-06-18,1113,1,Los Angeles,California,United States,1923.0,36010.0,9956.0,OO%,1500.0,OOO,0.0,1923.0,5000.0,4956.0,4956.0,4956.0,5000.0,5000.0,28872.0,2712.6,XXX,3937000.0,OXX,12.0,1911.0,2000.0,712.5999999999999,712.5999999999999,712.5999999999999,2000.0,2000.0,,,,,,,,,,,,
2026-06-18,1113,2,Mexico City,Mexico City,Mexico,1993.0,36010.0,4998.308,OO%,84.6,XXX,23.0,1970.0,0.0,4998.308,4998.308,4998.308,0.0,0.0,28872.0,7000.0,OOO,25.8,OXX,13.0,1980.0,2000.0,5000.0,5000.0,5000.0,2000.0,2000.0,,,,,,,,,,,,
2026-06-18,1113,3,Wellington,Wellington,New Zealand,1995.0,36010.0,6506.2,OXX,493800.0,OXX,10.0,2005.0,2500.0,4006.2,4006.2,4006.2,2500.0,2500.0,28872.0,4612.0,XXX,7510000.0,OOX,3.0,1992.0,4600.0,12.0,12.0,12.0,4600.0,4600.0,,,,,,,,,,,,
2026-06-18,1113,4,Rotterdam,South Holland,Netherlands,1960.0,36010.0,4670.0,OOX,57500.0,XXX,21.0,1939.0,0.0,4670.0,4670.0,4670.0,0.0,0.0,28872.0,4668.0,OOX,58000.0,XXX,24.0,1936.0,0.0,4668.0,4668.0,4668.0,0.0,0.0,,,,,,,,,,,,
2026-06-18,1113,5,Nairobi,,Kenya,2009.0,36010.0,9878.8,OO%,5300.0,OOO,0.0,2009.0,5000.0,4878.8,4878.8,4878.8,5000.0,5000.0,28872.0,9878.4,OO%,5400.0,OOO,0.0,2009.0,5000.0,4878.4,4878.4,4878.4,5000.0,5000.0,,,,,,,,,,,,
2026-06-22,1117,1,Slocan,British Columbia,Canada,1942.0,39311.0,8086.7,OXX,313300.0,O%X,5.0,1947.0,3900.0,4186.7,4186.7,4186.7,3900.0,3900.0,31458.0,7530.8,OXX,369200.0,O%X,6.0,1936.0,3400.0,4130.8,4130.8,4130.8,3400.0,3400.0,,,,,,,,,,,,
2026-06-22,1117,2,Hong Kong,Hong Kong,China,1996.0,39311.0,6957.6,OO%,1400.0,OXX,11.0,2007.0,2000.0,4957.6,4957.6,4957.6,2000.0,2000.0,31458.0,7836.0,%XX,1228000.0,OO%,1.0,1995.0,4950.0,2886.0,2886.0,2886.0,4950.0,4950.0,,,,,,,,,,,,
2026-06-22,1117,3,Paris,Ile-de-France,France,1969.0,39311.0,5954.4,OO%,1600.0,%XX,16.0,1953.0,1000.0,4954.4,4954.4,4954.4,1000.0,1000.0,31458.0,5951.2,OO%,1800.0,%XX,16.0,1953.0,1000.0,4951.2,4951.2,4951.2,1000.0,1000.0,,,,,,,,,,,,
2026-06-22,1117,4,Sydney,New South Wales,Australia,1932.0,39311.0,9928.8,OO%,3200.0,OOO,0.0,1932.0,5000.0,4928.8,4928.8,4928.8,5000.0,5000.0,31458.0,5012.0,XXX,16989000.0,OOO,0.0,1932.0,5000.0,12.0,12.0,12.0,5000.0,5000.0,,,,,,,,,,,,
2026-06-22,1117,5,Lisbon,Lisbon,Portugal,1900.0,39311.0,8383.23,OO%,838.5,O%X,7.0,1907.0,3400.0,4983.23,4983.23,4983.23,3400.0,3400.0,31458.0,5127.6,XXX,3362000.0,OOX,4.0,1904.0,4300.0,827.6,827.6,827.6,4300.0,4300.0,,,,,,,,,,,,
2026-06-23,1118,1,Bucharest,,Romania,1967.0,40649.0,6990.356,OO%,482.2,OXX,15.0,1982.0,2000.0,4990.356,4990.356,4990.356,2000.0,2000.0,43557.0,5911.2,OO%,4300.0,%XX,20.0,1987.0,1000.0,4911.2,4911.2,4911.2,1000.0,1000.0,,,,,,,,,,,,
2026-06-23,1118,2,Manila,,Philippines,1958.0,40649.0,4944.8,OO%,2200.0,XXX,21.0,1937.0,0.0,4944.8,4944.8,4944.8,0.0,0.0,43557.0,8857.6,OO%,1400.0,O%X,5.0,1953.0,3900.0,4957.6,4957.6,4957.6,3900.0,3900.0,,,,,,,,,,,,
2026-06-23,1118,3,Starke,Florida,United States,1940.0,40649.0,9348.0,OOX,38000.0,OOX,3.0,1943.0,4600.0,4748.0,4748.0,4748.0,4600.0,4600.0,43557.0,9444.8,OO%,13800.0,OOX,3.0,1943.0,4600.0,4844.8,4844.8,4844.8,4600.0,4600.0,,,,,,,,,,,,
2026-06-23,1118,4,Guayaquil,,Ecuador,2008.0,40649.0,9960.8,OO%,1200.0,OOO,0.0,2008.0,5000.0,4960.8,4960.8,4960.8,5000.0,5000.0,43557.0,9785.32,OO%,734.0,OO%,2.0,2006.0,4800.0,4985.32,4985.32,4985.32,4800.0,4800.0,,,,,,,,,,,,
2026-06-23,1118,5,Gyongyos,Northern Hungary,Hungary,1935.0,40649.0,9406.0,OOX,73500.0,OO%,2.0,1933.0,4800.0,4606.0,4606.0,4606.0,4800.0,4800.0,43557.0,9558.0,OOX,73000.0,OO%,1.0,1936.0,4950.0,4608.0,4608.0,4608.0,4950.0,4950.0,,,,,,,,,,,,
2026-06-24,1119,1,Tokyo,Kanto,Japan,2009.0,42434.0,9933.6508928,OO%,2896.8192000000004,OOX,0.0,2009.0,5000.0,4933.6508928,4933.6508928,4933.6508928,5000.0,5000.0,44588.0,9231.075942399999,OO%,3057.7536,OOX,4.0,2013.0,4300.0,4931.0759424,4931.0759424,4931.0759424,4300.0,4300.0,,,,,,,,,,,,
2026-06-24,1119,2,Milwaukee,Wisconsin,United States,1950.0,42434.0,9218.2011904,OO%,3862.4256,OOX,4.0,1954.0,4300.0,4918.2011904,4918.2011904,4918.2011904,4300.0,4300.0,44588.0,9998.806,OO%,59.7,OOO,0.0,1950.0,5000.0,4998.806,4998.806,4998.806,5000.0,5000.0,,,,,,,,,,,,
2026-06-24,1119,3,The Hague,South Holland,Netherlands,1945.0,42434.0,9695.9351808,OOX,51016.2048,O%X,0.0,1945.0,5000.0,4695.9351808,4695.9351808,4695.9351808,5000.0,5000.0,44588.0,8995.9351808,OOX,51016.2048,OOX,4.0,1941.0,4300.0,4695.9351808,4695.9351808,4695.9351808,4300.0,4300.0,,,,,,,,,,,,
2026-06-24,1119,4,Madrid,Madrid,Spain,1968.0,42434.0,8387.546,OO%,622.7,O%X,6.0,1962.0,3400.0,4987.546,4987.546,4987.546,3400.0,3400.0,44588.0,8385.32,OO%,734.0,O%X,6.0,1962.0,3400.0,4985.32,4985.32,4985.32,3400.0,3400.0,,,,,,,,,,,,
2026-06-24,1119,5,Berlin,Berlin,Germany,1973.0,42434.0,7000.0,OOO,17.8,OXX,15.0,1988.0,2000.0,5000.0,5000.0,5000.0,2000.0,2000.0,44588.0,7976.742528000001,OXX,423257.472,O%X,5.0,1978.0,3900.0,4076.742528,4076.742528,4076.742528,3900.0,3900.0,,,,,,,,,,,,
2026-06-25,1120,1,Oslo,Eastern Norway,Norway,1940.0,43417.0,9016.8749312,OXX,483125.0688,OOO,0.0,1940.0,5000.0,4016.8749312,4016.8749312,4016.8749312,5000.0,5000.0,39934.0,8817.1968,OXX,482803.2,OO%,2.0,1938.0,4800.0,4017.1968,4017.1968,4017.1968,4800.0,4800.0,,,,,,,,,,,,
2026-06-25,1120,2,Kyustendil,,Bulgaria,1984.0,43417.0,7124.4803072,OOX,68879.9232,OXX,9.0,1975.0,2500.0,4624.4803072,4624.4803072,4624.4803072,2500.0,2500.0,39934.0,4623.192832,OOX,69201.792,XXX,22.0,1962.0,0.0,4623.192832,4623.192832,4623.192832,0.0,0.0,,,,,,,,,,,,
2026-06-25,1120,3,New York,New York,United States,2017.0,43417.0,9796.196096,OO%,190.1952,OO%,2.0,2019.0,4800.0,4996.196096,4996.196096,4996.196096,4800.0,4800.0,39934.0,9948.799088,OO%,60.0456,OO%,1.0,2016.0,4950.0,4998.799088,4998.799088,4998.799088,4950.0,4950.0,,,,,,,,,,,,
2026-06-25,1120,4,Inverness,Scotland,United Kingdom,1992.0,43417.0,9118.4659968,O%X,181534.0032,OO%,2.0,1990.0,4800.0,4318.4659968,4318.4659968,4318.4659968,4800.0,4800.0,39934.0,9119.753472,O%X,180246.528,OO%,2.0,1990.0,4800.0,4319.753472,4319.753472,4319.753472,4800.0,4800.0,,,,,,,,,,,,
2026-06-25,1120,5,Madrid,Madrid,Spain,1968.0,43417.0,8360.591799040001,OO%,1213.01256,O%X,6.0,1962.0,3400.0,4960.59179904,4960.59179904,4960.59179904,3400.0,3400.0,39934.0,7425.9260416,OO%,3379.6224,OXX,8.0,1976.0,2500.0,4925.9260416,4925.9260416,4925.9260416,2500.0,2500.0,,,,,,,,,,,,
2026-06-26,1121,1,Paris,Ile-de-France,France,1998.0,36825.0,9998.354080000001,OO%,82.296,OOO,0.0,1998.0,5000.0,4998.35408,4998.35408,4998.35408,5000.0,5000.0,35941.0,9826.6139136,OO%,18346.5216,OOO,0.0,1998.0,5000.0,4826.6139136,4826.6139136,4826.6139136,5000.0,5000.0,,,,,,,,,,,,
2026-06-26,1121,2,Betws-y-Coed,Wales,United Kingdom,2002.0,36825.0,4373.7535180800005,XXX,5131232.4096,O%X,5.0,2007.0,3900.0,473.7535180800001,473.7535180800001,473.7535180800001,3900.0,3900.0,35941.0,6265.035776,O%X,234964.224,OXX,14.0,2016.0,2000.0,4265.035776,4265.035776,4265.035776,2000.0,2000.0,,,,,,,,,,,,
2026-06-26,1121,3,Algiers,,Algeria,2019.0,36825.0,9944.1502784,OO%,292.48608,OO%,1.0,2018.0,4950.0,4994.1502784,4994.1502784,4994.1502784,4950.0,4950.0,35941.0,9525.9260416,OO%,3379.6224,OOX,3.0,2016.0,4600.0,4925.9260416,4925.9260416,4925.9260416,4600.0,4600.0,,,,,,,,,,,,
2026-06-26,1121,4,Sikasso,,Mali,1972.0,36825.0,6210.8008832,OXX,289199.1168,OXX,13.0,1985.0,2000.0,4210.8008832,4210.8008832,4210.8008832,2000.0,2000.0,35941.0,6989.429536,OO%,528.5232,OXX,12.0,1984.0,2000.0,4989.429536,4989.429536,4989.429536,2000.0,2000.0,,,,,,,,,,,,
2026-06-26,1121,5,Saint Petersburg,Northwestern,Russia,1917.0,36825.0,6297.8222417984,XXX,2406773.952,OOX,3.0,1920.0,4600.0,1697.8222417983998,1697.8222417983998,1697.8222417983998,4600.0,4600.0,35941.0,3335.6627968,XXX,3321686.0160000003,OXX,8.0,1909.0,2500.0,835.6627967999999,835.6627967999999,835.6627967999999,2500.0,2500.0,,,,,,,,,,,,
2026-06-29,1124,1,Prague,Bohemia,Czechia,1968.0,39397.0,9962.10555776,OO%,1118.40264,OOO,0.0,1968.0,5000.0,4962.10555776,4962.10555776,4962.10555776,5000.0,5000.0,35400.0,5955.1429504,OO%,1553.5656,%XX,20.0,1988.0,1000.0,4955.1429504,4955.1429504,4955.1429504,1000.0,1000.0,,,,,,,,,,,,
2026-06-29,1124,2,Gadsden,Alabama,United States,1940.0,39397.0,9315.5691776,O%X,184430.8224,OOO,0.0,1940.0,5000.0,4315.5691776,4315.5691776,4315.5691776,5000.0,5000.0,35400.0,7999.494016000001,%XX,1001011.968,OOO,0.0,1940.0,5000.0,2999.494016,2999.494016,2999.494016,5000.0,5000.0,,,,,,,,,,,,
2026-06-29,1124,3,Amsterdam,North Holland,Netherlands,1951.0,39397.0,6943.9506944,OO%,2253.0816,OXX,15.0,1936.0,2000.0,4943.9506944,4943.9506944,4943.9506944,2000.0,2000.0,35400.0,9557.186329600001,OO%,1425.8544000000002,OOX,3.0,1948.0,4600.0,4957.1863296,4957.1863296,4957.1863296,4600.0,4600.0,,,,,,,,,,,,
2026-06-29,1124,4,Moscow,Central,Russia,1980.0,39397.0,9993.4297312,OO%,328.51344,OOO,0.0,1980.0,5000.0,4993.4297312,4993.4297312,4993.4297312,5000.0,5000.0,35400.0,9877.469184,OO%,5632.704,OOO,0.0,1980.0,5000.0,4877.469184,4877.469184,4877.469184,5000.0,5000.0,,,,,,,,,,,,
2026-06-29,1124,5,Hawaii Kai,Hawaii,United States,2005.0,39397.0,3181.06921216,XXX,4094653.9392,OXX,9.0,2014.0,2500.0,681.0692121599999,681.0692121599999,681.0692121599999,2500.0,2500.0,35400.0,2012.0,XXX,7365967.488,OXX,12.0,2017.0,2000.0,12.0,12.0,12.0,2000.0,2000.0,,,,,,,,,,,,
2026-06-30,1125,1,Washington DC,Washington DC,United States,1969.0,41120.0,9800.0,OOO,25.908,OO%,2.0,1967.0,4800.0,5000.0,5000.0,5000.0,4800.0,4800.0,41268.0,9998.622304,OO%,68.8848,OOO,0.0,1969.0,5000.0,4998.622304,4998.622304,4998.622304,5000.0,5000.0,,,,,,,,,,,,
2026-06-30,1125,2,Trondheim,Trondelag,Norway,1945.0,41120.0,6108.2856704,OXX,391714.3296,OXX,15.0,1930.0,2000.0,4108.2856704,4108.2856704,4108.2856704,2000.0,2000.0,41268.0,6608.929408,OXX,391070.592,OXX,8.0,1937.0,2500.0,4108.929408,4108.929408,4108.929408,2500.0,2500.0,,,,,,,,,,,,
2026-06-30,1125,3,New Delhi,Delhi,India,1992.0,41120.0,6000.0,OOO,9.69264,%XX,16.0,1976.0,1000.0,5000.0,5000.0,5000.0,1000.0,1000.0,41268.0,6981.455968,OO%,927.2016,OXX,14.0,1978.0,2000.0,4981.455968,4981.455968,4981.455968,2000.0,2000.0,,,,,,,,,,,,
2026-06-30,1125,4,Hamburg,Hamburg,Germany,1989.0,41120.0,9300.0,OOO,35.5092,OOX,4.0,1985.0,4300.0,5000.0,5000.0,5000.0,4300.0,4300.0,41268.0,8400.0,OOO,29.260800000000003,O%X,7.0,1982.0,3400.0,5000.0,5000.0,5000.0,3400.0,3400.0,,,,,,,,,,,,
2026-06-30,1125,5,Rio de Janeiro,Southeast,Brazil,2026.0,41120.0,9913.0512896,OO%,4184.294400000001,OOO,0.0,2026.0,5000.0,4913.0512896,4913.0512896,4913.0512896,5000.0,5000.0,41268.0,9280.06608,OO%,996.696,OOX,4.0,2022.0,4300.0,4980.06608,4980.06608,4980.06608,4300.0,4300.0,,,,,,,,,,,,
2026-07-01,1126,1,Amman,,Jordan,2026.0,42497.0,10000.0,OOO,7.58952,OOO,0.0,2026.0,5000.0,5000.0,5000.0,5000.0,5000.0,5000.0,45705.0,10000.0,OOO,12.405360000000002,OOO,0.0,2026.0,5000.0,5000.0,5000.0,5000.0,5000.0,5000.0,,,,,,,,,,,,
2026-07-01,1126,2,Atlantic City,New Jersey,United States,1906.0,42497.0,9635.62624,OO%,16093.44,OO%,2.0,1904.0,4800.0,4835.62624,4835.62624,4835.62624,4800.0,4800.0,45705.0,9435.62624,OO%,16093.44,OOX,3.0,1903.0,4600.0,4835.62624,4835.62624,4835.62624,4600.0,4600.0,,,,,,,,,,,,
2026-07-01,1126,3,Cairo,,Egypt,1961.0,42497.0,8400.0,OOO,17.70888,O%X,7.0,1968.0,3400.0,5000.0,5000.0,5000.0,3400.0,3400.0,45705.0,9950.0,OOO,29.19984,OO%,1.0,1962.0,4950.0,5000.0,5000.0,5000.0,4950.0,4950.0,,,,,,,,,,,,
2026-07-01,1126,4,Copenhagen,Capital Region,Denmark,1967.0,42497.0,6997.9279696,OO%,103.60152,OXX,12.0,1955.0,2000.0,4997.9279696,4997.9279696,4997.9279696,2000.0,2000.0,45705.0,6377.988544,OXX,622011.456,OXX,10.0,1957.0,2500.0,3877.988544,3877.988544,3877.988544,2500.0,2500.0,,,,,,,,,,,,
2026-07-01,1126,5,Ottawa,Ontario,Canada,2003.0,42497.0,7463.16821248,OO%,1051.98672,OXX,8.0,2011.0,2500.0,4963.16821248,4963.16821248,4963.16821248,2500.0,2500.0,45705.0,9940.5512,OO%,472.44,OO%,1.0,2004.0,4950.0,4990.5512,4990.5512,4990.5512,4950.0,4950.0,,,,,,,,,,,,
2026-07-02,1127,1,Valencia,Valencia,Spain,1946.0,41462.0,8898.936248,OO%,53.1876,O%X,5.0,1941.0,3900.0,4998.936248,4998.936248,4998.936248,3900.0,3900.0,40329.0,9296.854464,OO%,157.2768,OOX,4.0,1950.0,4300.0,4996.854464,4996.854464,4996.854464,4300.0,4300.0,,,,,,,,,,,,
2026-07-02,1127,2,Chicago,Illinois,United States,2018.0,41462.0,8386.694260799999,OO%,665.28696,O%X,6.0,2012.0,3400.0,4986.6942608,4986.6942608,4986.6942608,3400.0,3400.0,40329.0,6993.757696,OO%,312.1152,OXX,12.0,2006.0,2000.0,4993.757696,4993.757696,4993.757696,2000.0,2000.0,,,,,,,,,,,,
2026-07-02,1127,3,Brussels,Brussels Capital Region,Belgium,1974.0,41462.0,6732.628224,OOX,41842.944,OXX,12.0,1962.0,2000.0,4732.628224,4732.628224,4732.628224,2000.0,2000.0,40329.0,6000.0,OOO,14.29512,%XX,18.0,1956.0,1000.0,5000.0,5000.0,5000.0,1000.0,1000.0,,,,,,,,,,,,
2026-07-02,1127,4,Old Delhi,Delhi,India,1986.0,41462.0,9946.5256448,OO%,2092.1472000000003,OOO,0.0,1986.0,5000.0,4946.5256448,4946.5256448,4946.5256448,5000.0,5000.0,40329.0,8333.6508928,OO%,2896.8192000000004,O%X,6.0,1980.0,3400.0,4933.6508928,4933.6508928,4933.6508928,3400.0,3400.0,,,,,,,,,,,,
2026-07-02,1127,5,Brasilia,Center-West,Brazil,1960.0,41462.0,7496.458224,OO%,177.08880000000002,OXX,9.0,1969.0,2500.0,4996.458224,4996.458224,4996.458224,2500.0,2500.0,40329.0,9702.751488,OO%,4828.032,OO%,2.0,1962.0,4800.0,4902.751488,4902.751488,4902.751488,4800.0,4800.0,,,,,,,,,,,,
2026-07-06,1131,1,Veliko Tarnovo,,Bulgaria,1997.0,38097.0,8905.9131136,O%X,194086.8864,OOX,3.0,1994.0,4600.0,4305.9131136,4305.9131136,4305.9131136,4600.0,4600.0,40084.0,8605.7521792,O%X,194247.8208,OOX,4.0,2001.0,4300.0,4305.7521792,4305.7521792,4305.7521792,4300.0,4300.0,,,,,,,,,,,,
2026-07-06,1131,2,Auckland,Auckland,New Zealand,1981.0,38097.0,6987.698272,OO%,615.0864,OXX,11.0,1970.0,2000.0,4987.698272,4987.698272,4987.698272,2000.0,2000.0,40084.0,2512.0,XXX,17899123.968000002,OXX,8.0,1973.0,2500.0,12.0,12.0,12.0,2500.0,2500.0,,,,,,,,,,,,
2026-07-06,1131,3,Newark,New Jersey,United States,1957.0,38097.0,8893.8881504,OO%,305.59248,O%X,5.0,1962.0,3900.0,4993.8881504,4993.8881504,4993.8881504,3900.0,3900.0,40084.0,9296.866656,OO%,156.6672,OOX,4.0,1953.0,4300.0,4996.866656,4996.866656,4996.866656,4300.0,4300.0,,,,,,,,,,,,
2026-07-06,1131,4,Ho Chi Minh,Southeast,Vietnam,1995.0,38097.0,6326.9126016,%XX,1146174.7968,O%X,6.0,2001.0,3400.0,2926.9126016,2926.9126016,2926.9126016,3400.0,3400.0,40084.0,9676.181708799999,OO%,5954.572800000001,OO%,2.0,1997.0,4800.0,4876.1817088,4876.1817088,4876.1817088,4800.0,4800.0,,,,,,,,,,,,
2026-07-06,1131,5,Venice,Veneto,Italy,1962.0,38097.0,6981.852208,OO%,907.3896,OXX,14.0,1976.0,2000.0,4981.852208,4981.852208,4981.852208,2000.0,2000.0,40084.0,9992.5324,OO%,373.38,OOO,0.0,1962.0,5000.0,4992.5324,4992.5324,4992.5324,5000.0,5000.0,,,,,,,,,,,,
2026-07-07,1132,1,Moscow,Central,Russia,1991.0,40945.0,9997.7981248,OO%,110.09376,OOO,0.0,1991.0,5000.0,4997.7981248,4997.7981248,4997.7981248,5000.0,5000.0,38549.0,9733.6508928,OO%,2896.8192000000004,OO%,2.0,1989.0,4800.0,4933.6508928,4933.6508928,4933.6508928,4800.0,4800.0,,,,,,,,,,,,
2026-07-07,1132,2,Rotterdam,South Holland,Netherlands,1957.0,40945.0,8896.3137488,OO%,184.31256,O%X,5.0,1962.0,3900.0,4996.3137488,4996.3137488,4996.3137488,3900.0,3900.0,38549.0,8069.5419392,OOX,57614.5152,O%X,7.0,1950.0,3400.0,4669.5419392,4669.5419392,4669.5419392,3400.0,3400.0,,,,,,,,,,,,
2026-07-07,1132,3,Elgin,Illinois,United States,1967.0,40945.0,9680.6970112,OOX,42325.747200000005,OO%,1.0,1966.0,4950.0,4730.6970112,4730.6970112,4730.6970112,4950.0,4950.0,38549.0,8897.208031999999,OO%,139.5984,O%X,5.0,1962.0,3900.0,4997.208032,4997.208032,4997.208032,3900.0,3900.0,,,,,,,,,,,,
2026-07-07,1132,4,Dublin,Leinster,Ireland,1946.0,40945.0,4994.3081648,OO%,284.59176,XXX,39.0,1907.0,0.0,4994.3081648,4994.3081648,4994.3081648,0.0,0.0,38549.0,4359.3433344000005,O%X,140656.6656,XXX,41.0,1905.0,0.0,4359.3433344000005,4359.3433344000005,4359.3433344000005,0.0,0.0,,,,,,,,,,,,
2026-07-07,1132,5,Dakar,,Senegal,1971.0,40945.0,7376.1817088,OO%,5954.572800000001,OXX,9.0,1980.0,2500.0,4876.1817088,4876.1817088,4876.1817088,2500.0,2500.0,38549.0,7487.759232,OO%,612.0384,OXX,10.0,1981.0,2500.0,4987.759232,4987.759232,4987.759232,2500.0,2500.0,,,,,,,,,,,,
2026-07-08,1133,1,Helsinki,Helsinki-Uusimaa,Finland,1950.0,40072.0,7451.6755456,OO%,1770.2784,OXX,10.0,1940.0,2500.0,4951.6755456,4951.6755456,4951.6755456,2500.0,2500.0,37863.0,5248.436352000001,%XX,1503127.296,OXX,10.0,1940.0,2500.0,2748.436352,2748.436352,2748.436352,2500.0,2500.0,,,,,,,,,,,,
2026-07-08,1133,2,Dar es Salaam,,Tanzania,2016.0,40072.0,8393.9838576,OO%,300.80712,O%X,7.0,2009.0,3400.0,4993.9838576,4993.9838576,4993.9838576,3400.0,3400.0,37863.0,9761.2145664,OO%,1174.0896,OO%,2.0,2018.0,4800.0,4961.2145664,4961.2145664,4961.2145664,4800.0,4800.0,,,,,,,,,,,,
2026-07-08,1133,3,Louisville,Kentucky,United States,1937.0,40072.0,9236.2258432,OO%,2735.8848,OOX,4.0,1933.0,4300.0,4936.2258432,4936.2258432,4936.2258432,4300.0,4300.0,37863.0,9190.0818048,O%X,109918.1952,OO%,2.0,1935.0,4800.0,4390.0818048,4390.0818048,4390.0818048,4800.0,4800.0,,,,,,,,,,,,
2026-07-08,1133,4,Ciudad Juarez,Chihuahua,Mexico,1967.0,40072.0,9990.5719264,OO%,471.40368,OOO,0.0,1967.0,5000.0,4990.5719264,4990.5719264,4990.5719264,5000.0,5000.0,37863.0,7497.98832,OO%,100.584,OXX,8.0,1959.0,2500.0,4997.98832,4997.98832,4997.98832,2500.0,2500.0,,,,,,,,,,,,
2026-07-08,1133,5,Mumbai,Maharashtra,India,1986.0,40072.0,5000.0,OOO,5.91312,XXX,26.0,1960.0,0.0,5000.0,5000.0,5000.0,0.0,0.0,37863.0,6166.359808,OXX,833640.192,OXX,8.0,1994.0,2500.0,3666.359808,3666.359808,3666.359808,2500.0,2500.0,,,,,,,,,,,,
2026-07-09,1134,1,Rome,Lazio,Italy,1957.0,43800.0,8898.4199168,OO%,79.00416,O%X,5.0,1962.0,3900.0,4998.4199168,4998.4199168,4998.4199168,3900.0,3900.0,46609.0,8900.0,OOO,49.28616,O%X,5.0,1962.0,3900.0,5000.0,5000.0,5000.0,3900.0,3900.0,,,,,,,,,,,,
2026-07-09,1134,2,Beijing,Beijing,China,2009.0,43800.0,9702.751488,OO%,4828.032,OO%,2.0,2007.0,4800.0,4902.751488,4902.751488,4902.751488,4800.0,4800.0,46609.0,8820.7761408,OO%,3701.4912,O%X,5.0,2004.0,3900.0,4920.7761408,4920.7761408,4920.7761408,3900.0,3900.0,,,,,,,,,,,,
2026-07-09,1134,3,Lisbon,Lisbon,Portugal,1995.0,43800.0,9300.0,OOO,7.193280000000001,OOX,4.0,1999.0,4300.0,5000.0,5000.0,5000.0,4300.0,4300.0,46609.0,9600.0,OOO,15.300960000000002,OOX,3.0,1992.0,4600.0,5000.0,5000.0,5000.0,4600.0,4600.0,,,,,,,,,,,,
2026-07-09,1134,4,Paris,Ile-de-France,France,1919.0,43800.0,8897.9858816,OO%,100.70592,O%X,5.0,1914.0,3900.0,4997.9858816,4997.9858816,4997.9858816,3900.0,3900.0,46609.0,9997.933455999999,OO%,103.3272,OOO,0.0,1919.0,5000.0,4997.933456,4997.933456,4997.933456,5000.0,5000.0,,,,,,,,,,,,
2026-07-09,1134,5,Berlin,Berlin,Germany,1927.0,43800.0,7000.0,OOO,36.60648,OXX,15.0,1912.0,2000.0,5000.0,5000.0,5000.0,2000.0,2000.0,46609.0,9297.915168,OO%,104.2416,OOX,4.0,1923.0,4300.0,4997.915168,4997.915168,4997.915168,4300.0,4300.0,,,,,,,,,,,,
2026-07-10,1135,1,Hassleholm,Gotaland,Sweden,1969.0,44329.0,8030.2739456,OOX,67431.5136,O%X,7.0,1962.0,3400.0,4630.2739456,4630.2739456,4630.2739456,3400.0,3400.0,36810.0,8188.6333952,OO%,27841.6512,O%X,7.0,1962.0,3400.0,4788.6333952,4788.6333952,4788.6333952,3400.0,3400.0,,,,,,,,,,,,
2026-07-10,1135,2,Vienna,Vienna,Austria,1959.0,44329.0,9798.1718096,OO%,91.40952,OO%,2.0,1957.0,4800.0,4998.1718096,4998.1718096,4998.1718096,4800.0,4800.0,36810.0,5990.508528,OO%,474.5736,%XX,17.0,1976.0,1000.0,4990.508528,4990.508528,4990.508528,1000.0,1000.0,,,,,,,,,,,,
2026-07-10,1135,3,Sydney,New South Wales,Australia,1938.0,44329.0,6995.415808,OO%,229.2096,OXX,15.0,1923.0,2000.0,4995.415808,4995.415808,4995.415808,2000.0,2000.0,36810.0,4980.383072,OO%,980.8464,XXX,25.0,1913.0,0.0,4980.383072,4980.383072,4980.383072,0.0,0.0,,,,,,,,,,,,
2026-07-10,1135,4,Kabul,,Afghanistan,1980.0,44329.0,9950.0,OOO,5.486400000000001,OO%,1.0,1979.0,4950.0,5000.0,5000.0,5000.0,4950.0,4950.0,36810.0,8396.427744,OO%,178.61280000000002,O%X,6.0,1974.0,3400.0,4996.427744,4996.427744,4996.427744,3400.0,3400.0,,,,,,,,,,,,
2026-07-10,1135,5,Memphis,Tennessee,United States,1943.0,44329.0,9555.4014208,OO%,1537.4112,OOX,3.0,1940.0,4600.0,4955.4014208,4955.4014208,4955.4014208,4600.0,4600.0,36810.0,9255.0064,OO%,1562.1,OOX,4.0,1939.0,4300.0,4955.0064,4955.0064,4955.0064,4300.0,4300.0,,,,,,,,,,,,
2026-07-13,1138,1,Montreal,Quebec,Canada,1983.0,45352.0,8400.0,OOO,18.10512,O%X,6.0,1977.0,3400.0,5000.0,5000.0,5000.0,3400.0,3400.0,36952.0,7891.447296,OXX,508552.704,O%X,5.0,1978.0,3900.0,3991.447296,3991.447296,3991.447296,3900.0,3900.0,,,,,,,,,,,,
2026-07-13,1138,2,San Juan,Puerto Rico,United States,1960.0,45352.0,7210.917907200001,%XX,1778164.1856000002,OOX,3.0,1957.0,4600.0,2610.9179072,2610.9179072,2610.9179072,4600.0,4600.0,36952.0,4612.446784,%XX,1775106.432,OXX,11.0,1971.0,2000.0,2612.446784,2612.446784,2612.446784,2000.0,2000.0,,,,,,,,,,,,
2026-07-13,1138,3,Kathmandu,,Nepal,2007.0,45352.0,9791.4741344,OO%,426.29328,OO%,2.0,2005.0,4800.0,4991.4741344,4991.4741344,4991.4741344,4800.0,4800.0,36952.0,7457.371648,OO%,1414.2720000000002,OXX,9.0,1998.0,2500.0,4957.371648,4957.371648,4957.371648,2500.0,2500.0,,,,,,,,,,,,
2026-07-13,1138,4,Amsterdam,North Holland,Netherlands,1947.0,45352.0,9950.0,OOO,46.08576,OO%,1.0,1946.0,4950.0,5000.0,5000.0,5000.0,4950.0,4950.0,36952.0,9492.072755199999,OOX,51981.8112,OO%,2.0,1945.0,4800.0,4692.0727552,4692.0727552,4692.0727552,4800.0,4800.0,,,,,,,,,,,,
2026-07-13,1138,5,Washington DC,Washington DC,United States,1930.0,45352.0,10000.0,OOO,9.906,OOO,0.0,1930.0,5000.0,5000.0,5000.0,5000.0,5000.0,5000.0,36952.0,7500.0,OOO,42.58056,OXX,9.0,1921.0,2500.0,5000.0,5000.0,5000.0,2500.0,2500.0,,,,,,,,,,,,
2026-07-14,1139,1,Washington DC,Washington DC,United States,2026.0,39581.0,9996.8782384,OO%,156.08808000000002,OOO,0.0,2026.0,5000.0,4996.8782384,4996.8782384,4996.8782384,5000.0,5000.0,44151.0,10000.0,OOO,13.014960000000002,OOO,0.0,2026.0,5000.0,5000.0,5000.0,5000.0,5000.0,5000.0,,,,,,,,,,,,
2026-07-14,1139,2,Moscow,Central,Russia,1913.0,39581.0,8165.4356608,OXX,634564.3392,OOX,4.0,1909.0,4300.0,3865.4356608,3865.4356608,3865.4356608,4300.0,4300.0,44151.0,7665.555136,%XX,1668889.728,OOO,0.0,1913.0,5000.0,2665.555136,2665.555136,2665.555136,5000.0,5000.0,,,,,,,,,,,,
2026-07-14,1139,3,Kosice,,Slovakia,1938.0,39581.0,7687.566592,O%X,212433.408,O%X,6.0,1932.0,3400.0,4287.566592,4287.566592,4287.566592,3400.0,3400.0,44151.0,8887.566592,O%X,212433.408,OOX,3.0,1941.0,4600.0,4287.566592,4287.566592,4287.566592,4600.0,4600.0,,,,,,,,,,,,
2026-07-14,1139,4,Palamos,Catalonia,Spain,1960.0,39581.0,3911.3019648,OXX,588698.0352,XXX,23.0,1983.0,0.0,3911.3019648,3911.3019648,3911.3019648,0.0,0.0,44151.0,9324.0572416,OOX,93985.6896,OO%,2.0,1962.0,4800.0,4524.0572416,4524.0572416,4524.0572416,4800.0,4800.0,,,,,,,,,,,,
2026-07-14,1139,5,New York,New York,United States,1979.0,39581.0,9821.6755456,OO%,7081.113600000001,OO%,1.0,1980.0,4950.0,4871.6755456,4871.6755456,4871.6755456,4950.0,4950.0,44151.0,8274.8942336,OO%,6276.4416,O%X,6.0,1985.0,3400.0,4874.8942336,4874.8942336,4874.8942336,3400.0,3400.0,,,,,,,,,,,,
2026-07-15,1140,1,Washington DC,Washington DC,United States,1925.0,45129.0,6962.56007552,OO%,1089.99528,OXX,13.0,1938.0,2000.0,4962.56007552,4962.56007552,4962.56007552,2000.0,2000.0,47325.0,9888.8007936,OO%,2574.9504,OO%,1.0,1924.0,4950.0,4938.8007936,4938.8007936,4938.8007936,4950.0,4950.0,,,,,,,,,,,,
2026-07-15,1140,2,London,England,United Kingdom,1973.0,45129.0,10000.0,OOO,14.20368,OOO,0.0,1973.0,5000.0,5000.0,5000.0,5000.0,5000.0,5000.0,47325.0,9950.0,OOO,11.39952,OO%,1.0,1974.0,4950.0,5000.0,5000.0,5000.0,4950.0,4950.0,,,,,,,,,,,,
2026-07-15,1140,3,Phnom Penh,,Cambodia,2024.0,45129.0,8966.3415296,OXX,533658.4704000001,OOO,0.0,2024.0,5000.0,3966.3415296,3966.3415296,3966.3415296,5000.0,5000.0,47325.0,8764.2493824,OXX,535750.6176,OO%,2.0,2026.0,4800.0,3964.2493824,3964.2493824,3964.2493824,4800.0,4800.0,,,,,,,,,,,,
2026-07-15,1140,4,Mexico City,Mexico City,Mexico,1980.0,45129.0,9899.1005952,OO%,1931.2128,OO%,1.0,1979.0,4950.0,4949.1005952,4949.1005952,4949.1005952,4950.0,4950.0,47325.0,9554.250496,OO%,1609.344,OOX,3.0,1983.0,4600.0,4954.250496,4954.250496,4954.250496,4600.0,4600.0,,,,,,,,,,,,
2026-07-15,1140,5,Belgrade,,Serbia,1959.0,45129.0,9300.0,OOO,42.39768,OOX,4.0,1963.0,4300.0,5000.0,5000.0,5000.0,4300.0,4300.0,47325.0,9168.686668800001,OXX,281313.3312,OO%,1.0,1958.0,4950.0,4218.6866688,4218.6866688,4218.6866688,4950.0,4950.0,,,,,,,,,,,,
2026-07-27,1152,1,Crow Agency,Montana,United States,1941.0,41416.0,9153.6691712,OOX,86582.7072,OOX,3.0,1938.0,4600.0,4553.6691712,4553.6691712,4553.6691712,4600.0,4600.0,39539.0,9512.681497599999,OOX,84329.6256,OO%,1.0,1940.0,4950.0,4562.6814976,4562.6814976,4562.6814976,4950.0,4950.0,27813.0,48.0,45.0,0.968,68.0,87.0,0.94,64.0,77.0,5009.0,16.4,1143117.0432
2026-07-27,1152,2,Helsinki,Helsinki-Uusimaa,Finland,1970.0,41416.0,8849.1005952,OO%,1931.2128,O%X,5.0,1975.0,3900.0,4949.1005952,4949.1005952,4949.1005952,3900.0,3900.0,39539.0,9102.8139008,OXX,397186.09920000006,OOO,0.0,1970.0,5000.0,4102.8139008,4102.8139008,4102.8139008,5000.0,5000.0,27813.0,48.0,45.0,0.968,68.0,87.0,0.94,64.0,77.0,7209.0,8.6,557476.7616
2026-07-27,1152,3,Port Moresby,,Papua New Guinea,2024.0,41416.0,9950.0,OOO,32.79648,OO%,1.0,2023.0,4950.0,5000.0,5000.0,5000.0,4950.0,4950.0,39539.0,9950.0,OOO,40.29456,OO%,1.0,2025.0,4950.0,5000.0,5000.0,5000.0,4950.0,4950.0,27813.0,48.0,45.0,0.968,68.0,87.0,0.94,64.0,77.0,5575.0,7.4,7514670.8736
2026-07-27,1152,4,Santiago,Santiago Metropolitan,Chile,1931.0,41416.0,6000.0,OOO,25.38984,%XX,20.0,1911.0,1000.0,5000.0,5000.0,5000.0,1000.0,1000.0,39539.0,4984.260128,OO%,786.9936,XXX,22.0,1909.0,0.0,4984.260128,4984.260128,4984.260128,0.0,0.0,27813.0,48.0,45.0,0.968,68.0,87.0,0.94,64.0,77.0,4218.0,13.1,6656568.6528
2026-07-27,1152,5,Zurich,Zurich,Switzerland,1992.0,41416.0,7463.51348992,OO%,1030.40688,OXX,9.0,1983.0,2500.0,4963.51348992,4963.51348992,4963.51348992,2500.0,2500.0,39539.0,5989.5538944,OO%,522.30528,%XX,17.0,1975.0,1000.0,4989.5538944,4989.5538944,4989.5538944,1000.0,1000.0,27813.0,48.0,45.0,0.968,68.0,87.0,0.94,64.0,77.0,5801.0,18.8,365321.088
2026-07-28,1153,1,Washington DC,Washington DC,United States,1963.0,43717.0,9991.22176,OO%,438.912,OOO,0.0,1963.0,5000.0,4991.22176,4991.22176,4991.22176,5000.0,5000.0,39097.0,9995.501152,OO%,224.9424,OOO,0.0,1963.0,5000.0,4995.501152,4995.501152,4995.501152,5000.0,5000.0,37373.0,70.0,63.0,0.879,83.0,82.0,0.5589999999999999,71.0,67.0,9643.0,1.1,128908.45439999999
2026-07-28,1153,2,Mexico City,Mexico City,Mexico,2019.0,43717.0,7968.5946112,%XX,1062810.7776,OOO,0.0,2019.0,5000.0,2968.5946112,2968.5946112,2968.5946112,5000.0,5000.0,39097.0,6368.5946112,%XX,1062810.7776,O%X,7.0,2012.0,3400.0,2968.5946112,2968.5946112,2968.5946112,3400.0,3400.0,37373.0,70.0,63.0,0.879,83.0,82.0,0.5589999999999999,71.0,67.0,6776.0,7.1,1802948.0832
2026-07-28,1153,3,Stockholm,Svealand,Sweden,1956.0,43717.0,10000.0,OOO,2.01168,OOO,0.0,1956.0,5000.0,5000.0,5000.0,5000.0,5000.0,5000.0,39097.0,8363.03019904,OO%,1060.61256,O%X,6.0,1962.0,3400.0,4963.03019904,4963.03019904,4963.03019904,3400.0,3400.0,37373.0,70.0,63.0,0.879,83.0,82.0,0.5589999999999999,71.0,67.0,7377.0,8.0,601733.7215999999
2026-07-28,1153,4,Old Delhi,Delhi,India,1986.0,43717.0,5961.8509888,OO%,1134.3132,%XX,18.0,2004.0,1000.0,4961.8509888,4961.8509888,4961.8509888,1000.0,1000.0,39097.0,8823.3510912,OO%,3540.5568000000003,O%X,5.0,1991.0,3900.0,4923.3510912,4923.3510912,4923.3510912,3900.0,3900.0,37373.0,70.0,63.0,0.879,83.0,82.0,0.5589999999999999,71.0,67.0,6188.0,10.4,1082766.6432
2026-07-28,1153,5,Copenhagen,Capital Region,Denmark,1924.0,43717.0,9794.8842368,OO%,255.78816000000003,OO%,2.0,1922.0,4800.0,4994.8842368,4994.8842368,4994.8842368,4800.0,4800.0,39097.0,5545.6590080000005,OXX,954340.992,OXX,12.0,1912.0,2000.0,3545.659008,3545.659008,3545.659008,2000.0,2000.0,37373.0,70.0,63.0,0.879,83.0,82.0,0.5589999999999999,71.0,67.0,7389.0,9.0,547498.8288
2026-07-29,1154,1,New York,New York,United States,1981.0,43964.0,6997.7859328,OO%,110.70336,OXX,12.0,1993.0,2000.0,4997.7859328,4997.7859328,4997.7859328,2000.0,2000.0,47093.0,9597.488448,OO%,125.5776,OOX,3.0,1978.0,4600.0,4997.488448,4997.488448,4997.488448,4600.0,4600.0,37371.0,64.0,63.0,0.9129999999999999,79.0,85.0,0.98,89.0,91.0,6955.0,6.9,3325065.6384
2026-07-29,1154,2,Berlin,Berlin,Germany,1935.0,43964.0,8793.580902400001,OXX,306419.09760000004,OOX,3.0,1938.0,4600.0,4193.5809024,4193.5809024,4193.5809024,4600.0,4600.0,47093.0,9907.9013888,OO%,4506.1632,OOO,0.0,1935.0,5000.0,4907.9013888,4907.9013888,4907.9013888,5000.0,5000.0,37371.0,64.0,63.0,0.9129999999999999,79.0,85.0,0.98,89.0,91.0,6625.0,14.1,276646.23360000004
2026-07-29,1154,3,Madrid,Madrid,Spain,1961.0,43964.0,8384.1119952,OO%,794.40024,O%X,6.0,1955.0,3400.0,4984.1119952,4984.1119952,4984.1119952,3400.0,3400.0,47093.0,8351.6755456,OO%,1770.2784,O%X,6.0,1955.0,3400.0,4951.6755456,4951.6755456,4951.6755456,3400.0,3400.0,37371.0,64.0,63.0,0.9129999999999999,79.0,85.0,0.98,89.0,91.0,6075.0,11.2,2408866.0992
2026-07-29,1154,4,Manila,,Philippines,2008.0,43964.0,9789.147900799999,OO%,542.60496,OO%,2.0,2006.0,4800.0,4989.1479008,4989.1479008,4989.1479008,4800.0,4800.0,47093.0,9298.671072000001,OO%,66.4464,OOX,4.0,2012.0,4300.0,4998.671072,4998.671072,4998.671072,4300.0,4300.0,37371.0,64.0,63.0,0.9129999999999999,79.0,85.0,0.98,89.0,91.0,7381.0,7.1,1489286.9376
2026-07-29,1154,5,London,England,United Kingdom,1976.0,43964.0,9998.71984,OO%,64.00800000000001,OOO,0.0,1976.0,5000.0,4998.71984,4998.71984,4998.71984,5000.0,5000.0,47093.0,9947.201936000001,OO%,139.9032,OO%,1.0,1977.0,4950.0,4997.201936,4997.201936,4997.201936,4950.0,4950.0,37371.0,64.0,63.0,0.9129999999999999,79.0,85.0,0.98,89.0,91.0,8437.0,4.3,1052350.0415999999
2026-07-30,1155,1,Jakarta,,Indonesia,2017.0,49236.0,9824.8942336,OO%,6276.4416,OO%,1.0,2016.0,4950.0,4874.8942336,4874.8942336,4874.8942336,4950.0,4950.0,48861.0,9814.594432,OO%,8851.392,OO%,1.0,2016.0,4950.0,4864.594432,4864.594432,4864.594432,4950.0,4950.0,35595.0,69.0,49.0,0.998,98.0,90.0,0.997,99.0,81.0,6608.0,4.7,2523451.392
2026-07-30,1155,2,Budapest,Central Hungary,Hungary,1933.0,49236.0,9723.3510912,OO%,3540.5568000000003,OO%,2.0,1935.0,4800.0,4923.3510912,4923.3510912,4923.3510912,4800.0,4800.0,48861.0,9920.7761408,OO%,3701.4912,OOO,0.0,1933.0,5000.0,4920.7761408,4920.7761408,4920.7761408,5000.0,5000.0,35595.0,69.0,49.0,0.998,98.0,90.0,0.997,99.0,81.0,6750.0,11.6,522393.06240000005
2026-07-30,1155,3,Plains,Georgia,United States,1977.0,49236.0,9943.519951999999,OO%,324.0024,OO%,1.0,1976.0,4950.0,4993.519952,4993.519952,4993.519952,4950.0,4950.0,48861.0,9385.4147072,O%X,114585.2928,OOO,0.0,1977.0,5000.0,4385.4147072,4385.4147072,4385.4147072,5000.0,5000.0,35595.0,69.0,49.0,0.998,98.0,90.0,0.997,99.0,81.0,8307.0,4.1,437741.568
2026-07-30,1155,4,Manama,,Bahrain,1991.0,49236.0,9793.5937136,OO%,320.31432000000007,OO%,2.0,1989.0,4800.0,4993.5937136,4993.5937136,4993.5937136,4800.0,4800.0,48861.0,9943.611391999999,OO%,319.4304,OO%,1.0,1992.0,4950.0,4993.611392,4993.611392,4993.611392,4950.0,4950.0,35595.0,69.0,49.0,0.998,98.0,90.0,0.997,99.0,81.0,6617.0,7.8,1214893.7856
2026-07-30,1155,5,Venice,Veneto,Italy,1964.0,49236.0,9950.0,OOO,6.492240000000001,OO%,1.0,1965.0,4950.0,5000.0,5000.0,5000.0,4950.0,4950.0,48861.0,9797.171456,OO%,141.4272,OO%,2.0,1962.0,4800.0,4997.171456,4997.171456,4997.171456,4800.0,4800.0,35595.0,69.0,49.0,0.998,98.0,90.0,0.997,99.0,81.0,7313.0,8.6,449811.648
2026-07-31,1156,1,Boston,Massachusetts,United States,1984.0,37869.0,10000.0,OOO,28.71216,OOO,0.0,1984.0,5000.0,5000.0,5000.0,5000.0,5000.0,5000.0,43945.0,9281.547408,OO%,922.6296,OOX,4.0,1980.0,4300.0,4981.547408,4981.547408,4981.547408,4300.0,4300.0,32790.0,60.0,53.0,0.7709999999999999,72.0,78.0,0.9640000000000001,82.0,74.0,7840.0,6.8,414084.2112
2026-07-31,1156,2,Lisbon,Lisbon,Portugal,1935.0,37869.0,8359.85296384,OO%,1259.18976,O%X,7.0,1928.0,3400.0,4959.85296384,4959.85296384,4959.85296384,3400.0,3400.0,43945.0,9763.2140544,OO%,1049.1216,OO%,2.0,1933.0,4800.0,4963.2140544,4963.2140544,4963.2140544,4800.0,4800.0,32790.0,60.0,53.0,0.7709999999999999,72.0,78.0,0.9640000000000001,82.0,74.0,7058.0,12.2,
2026-07-31,1156,3,Bucharest,,Romania,1970.0,37869.0,2012.0,XXX,11980922.3424,OXX,13.0,1957.0,2000.0,12.0,12.0,12.0,2000.0,2000.0,43945.0,7494.306336,OO%,284.6832,OXX,8.0,1962.0,2500.0,4994.306336,4994.306336,4994.306336,2500.0,2500.0,32790.0,60.0,53.0,0.7709999999999999,72.0,78.0,0.9640000000000001,82.0,74.0,4872.0,12.3,3588998.0544
2026-07-31,1156,4,Saint Petersburg,Northwestern,Russia,1917.0,37869.0,9997.3037392,OO%,134.81304,OOO,0.0,1917.0,5000.0,4997.3037392,4997.3037392,4997.3037392,5000.0,5000.0,43945.0,8165.4356608,OXX,634564.3392,OOX,4.0,1921.0,4300.0,3865.4356608,3865.4356608,3865.4356608,4300.0,4300.0,32790.0,60.0,53.0,0.7709999999999999,72.0,78.0,0.9640000000000001,82.0,74.0,6579.0,11.1,909762.1632
2026-07-31,1156,5,Toronto,Ontario,Canada,1995.0,37869.0,7500.0,OOO,6.88848,OXX,10.0,2005.0,2500.0,5000.0,5000.0,5000.0,2500.0,2500.0,43945.0,9241.2174848,OOX,64695.628800000006,OOX,3.0,1998.0,4600.0,4641.2174848,4641.2174848,4641.2174848,4600.0,4600.0,32790.0,60.0,53.0,0.7709999999999999,72.0,78.0,0.9640000000000001,82.0,74.0,6439.0,6.5,3117460.2624
2026-08-03,1159,1,Blackpool,England,United Kingdom,1981.0,36685.0,6708.1661952,OOX,47958.4512,OXX,12.0,1993.0,2000.0,4708.1661952,4708.1661952,4708.1661952,2000.0,2000.0,,,,,,,,,,,,,,32917.0,54.0,58.0,0.7120000000000001,48.0,89.0,,,,6309.0,8.2,2133185.472
2026-08-03,1159,2,Lisbon,Lisbon,Portugal,1953.0,36685.0,5989.9617168,OO%,501.91416,%XX,19.0,1934.0,1000.0,4989.9617168,4989.9617168,4989.9617168,1000.0,1000.0,,,,,,,,,,,,,,32917.0,54.0,58.0,0.7120000000000001,48.0,89.0,,,,6135.0,14.2,1155669.9264
2026-08-03,1159,3,Cairo,,Egypt,1961.0,36685.0,5994.1777104,OO%,291.11448,%XX,17.0,1978.0,1000.0,4994.1777104,4994.1777104,4994.1777104,1000.0,1000.0,,,,,,,,,,,,,,32917.0,54.0,58.0,0.7120000000000001,48.0,89.0,,,,6192.0,13.9,666912.1536
2026-08-03,1159,4,Amsterdam,North Holland,Netherlands,1910.0,36685.0,9592.681752,OO%,365.9124,OOX,3.0,1913.0,4600.0,4992.681752,4992.681752,4992.681752,4600.0,4600.0,,,,,,,,,,,,,,32917.0,54.0,58.0,0.7120000000000001,48.0,89.0,,,,6841.0,14.0,373367.808
2026-08-03,1159,5,Des Moines,Iowa,United States,2009.0,36685.0,8400.0,OOO,19.69008,O%X,6.0,2015.0,3400.0,5000.0,5000.0,5000.0,3400.0,3400.0,,,,,,,,,,,,,,32917.0,54.0,58.0,0.7120000000000001,48.0,89.0,,,,7441.0,7.1,626356.6848
2026-08-04,1160,1,Auckland,Auckland,New Zealand,1971.0,45118.0,9860.4763392,OO%,4345.228800000001,OO%,1.0,1970.0,4950.0,4910.4763392,4910.4763392,4910.4763392,4950.0,4950.0,45657.0,9852.751488,OO%,4828.032,OO%,1.0,1970.0,4950.0,4902.751488,4902.751488,4902.751488,4950.0,4950.0,36597.0,64.0,62.0,0.951,81.0,91.0,0.9640000000000001,98.0,59.0,7892.0,6.6,1498460.1984
2026-08-04,1160,2,Prague,Bohemia,Czechia,1960.0,45118.0,8886.936271999999,OO%,653.1864,O%X,5.0,1955.0,3900.0,4986.936272,4986.936272,4986.936272,3900.0,3900.0,45657.0,7648.859417600001,%XX,1302281.1648,OO%,2.0,1962.0,4800.0,2848.8594176,2848.8594176,2848.8594176,4800.0,4800.0,36597.0,64.0,62.0,0.951,81.0,91.0,0.9640000000000001,98.0,59.0,7260.0,9.1,449167.91040000005
2026-08-04,1160,3,Fira,South Aegean,Greece,1991.0,45118.0,6997.8920032,OO%,105.39984,OXX,11.0,1980.0,2000.0,4997.8920032,4997.8920032,4997.8920032,2000.0,2000.0,45657.0,9152.5840896,O%X,147415.9104,OO%,2.0,1989.0,4800.0,4352.5840896,4352.5840896,4352.5840896,4800.0,4800.0,36597.0,64.0,62.0,0.951,81.0,91.0,0.9640000000000001,98.0,59.0,7183.0,8.7,465100.416
2026-08-04,1160,4,Sao Paulo,Southeast,Brazil,2017.0,45118.0,9782.7538064,OO%,862.3096800000001,OO%,2.0,2015.0,4800.0,4982.7538064,4982.7538064,4982.7538064,4800.0,4800.0,45657.0,9089.989747200001,OXX,360010.2528,OO%,1.0,2018.0,4950.0,4139.9897472,4139.9897472,4139.9897472,4950.0,4950.0,36597.0,64.0,62.0,0.951,81.0,91.0,0.9640000000000001,98.0,59.0,6787.0,6.4,2443306.0608
2026-08-04,1160,5,Chicago,Illinois,United States,1940.0,45118.0,9590.0001216,OO%,499.99392000000006,OOX,3.0,1937.0,4600.0,4990.0001216,4990.0001216,4990.0001216,4600.0,4600.0,45657.0,9912.37914624,OO%,1101.30336,OO%,1.0,1939.0,4950.0,4962.37914624,4962.37914624,4962.37914624,4950.0,4950.0,36597.0,64.0,62.0,0.951,81.0,91.0,0.9640000000000001,98.0,59.0,7475.0,10.3,152726.74560000002
2026-08-05,1161,1,Mexico City,Mexico City,Mexico,2024.0,40932.0,9728.500992000001,OO%,3218.688,OO%,2.0,2026.0,4800.0,4928.500992,4928.500992,4928.500992,4800.0,4800.0,40595.0,9947.086112,OO%,145.6944,OO%,1.0,2025.0,4950.0,4997.086112,4997.086112,4997.086112,4950.0,4950.0,34608.0,64.0,57.0,0.82,68.0,80.0,0.8,63.0,91.0,6735.0,4.2,3717423.7056000005
2026-08-05,1161,2,Reykjavik,,Iceland,1974.0,40932.0,5996.1619584,OO%,191.90208,%XX,16.0,1990.0,1000.0,4996.1619584,4996.1619584,4996.1619584,1000.0,1000.0,40595.0,6993.495568,OO%,325.2216,OXX,15.0,1989.0,2000.0,4993.495568,4993.495568,4993.495568,2000.0,2000.0,34608.0,64.0,57.0,0.82,68.0,80.0,0.8,63.0,91.0,7030.0,8.9,
2026-08-05,1161,3,Rome,Lazio,Italy,1926.0,40932.0,9298.7362992,OO%,63.18504000000001,OOX,4.0,1922.0,4300.0,4998.7362992,4998.7362992,4998.7362992,4300.0,4300.0,40595.0,7463.6334592,OO%,1022.9088,OXX,8.0,1918.0,2500.0,4963.6334592,4963.6334592,4963.6334592,2500.0,2500.0,34608.0,64.0,57.0,0.82,68.0,80.0,0.8,63.0,91.0,6581.0,11.2,687833.6256
2026-08-05,1161,4,Geneva,Lake Geneva Region,Switzerland,1966.0,40932.0,6085.593919999999,OXX,414406.08,OXX,11.0,1955.0,2000.0,4085.59392,4085.59392,4085.59392,2000.0,2000.0,40595.0,6987.637312,OO%,618.1344,OXX,14.0,1952.0,2000.0,4987.637312,4987.637312,4987.637312,2000.0,2000.0,34608.0,64.0,57.0,0.82,68.0,80.0,0.8,63.0,91.0,6719.0,11.0,810143.7696
2026-08-05,1161,5,Los Angeles,California,United States,1997.0,40932.0,9822.3192832,OO%,6920.1792,OO%,1.0,1998.0,4950.0,4872.3192832,4872.3192832,4872.3192832,4950.0,4950.0,40595.0,9202.751488,OO%,4828.032,OOX,4.0,2001.0,4300.0,4902.751488,4902.751488,4902.751488,4300.0,4300.0,34608.0,64.0,57.0,0.82,68.0,80.0,0.8,63.0,91.0,7543.0,7.2,684454.0032
2026-08-06,1162,1,New York,New York,United States,1904.0,39687.0,5000.0,OOO,29.59608,XXX,36.0,1940.0,0.0,5000.0,5000.0,5000.0,0.0,0.0,36756.0,9998.6820448,OO%,65.89776,OOO,0.0,1904.0,5000.0,4998.6820448,4998.6820448,4998.6820448,5000.0,5000.0,31040.0,56.0,54.0,0.838,59.0,94.0,0.7190000000000001,86.0,53.0,5983.0,21.0,1539659.4048000001
2026-08-06,1162,2,Buenos Aires,,Argentina,1982.0,39687.0,8400.0,OOO,1.58496,O%X,6.0,1976.0,3400.0,5000.0,5000.0,5000.0,3400.0,3400.0,36756.0,4272.45240064,XXX,3137737.9968000003,O%X,7.0,1975.0,3400.0,872.45240064,872.45240064,872.45240064,3400.0,3400.0,31040.0,56.0,54.0,0.838,59.0,94.0,0.7190000000000001,86.0,53.0,4449.0,18.1,4809524.544
2026-08-06,1162,3,Budapest,Central Hungary,Hungary,1958.0,39687.0,7405.3264384,OO%,4667.0976,OXX,8.0,1950.0,2500.0,4905.3264384,4905.3264384,4905.3264384,2500.0,2500.0,36756.0,7731.9844864,O%X,168015.5136,O%X,6.0,1952.0,3400.0,4331.9844864,4331.9844864,4331.9844864,3400.0,3400.0,31040.0,56.0,54.0,0.838,59.0,94.0,0.7190000000000001,86.0,53.0,6717.0,10.0,979607.6928000001
2026-08-06,1162,4,Helsinki,Helsinki-Uusimaa,Finland,1971.0,39687.0,8898.936248,OO%,53.1876,O%X,5.0,1966.0,3900.0,4998.936248,4998.936248,4998.936248,3900.0,3900.0,36756.0,9940.8718496,OO%,456.40752,OO%,1.0,1970.0,4950.0,4990.8718496,4990.8718496,4990.8718496,4950.0,4950.0,31040.0,56.0,54.0,0.838,59.0,94.0,0.7190000000000001,86.0,53.0,7102.0,8.8,647921.8944000001
2026-08-06,1162,5,Pearl Harbor,Hawaii,United States,1941.0,39687.0,9984.1040704,OO%,794.79648,OOO,0.0,1941.0,5000.0,4984.1040704,4984.1040704,4984.1040704,5000.0,5000.0,36756.0,4812.0,XXX,13423860.1728,OO%,2.0,1943.0,4800.0,12.0,12.0,12.0,4800.0,4800.0,31040.0,56.0,54.0,0.838,59.0,94.0,0.7190000000000001,86.0,53.0,6791.0,5.4,4336377.408
2026-08-07,1163,1,Venice,Veneto,Italy,1970.0,41575.0,9549.1005952,OO%,1931.2128,OOX,3.0,1967.0,4600.0,4949.1005952,4949.1005952,4949.1005952,4600.0,4600.0,27789.0,4963.86559488,OO%,1008.40032,XXX,21.0,1949.0,0.0,4963.86559488,4963.86559488,4963.86559488,0.0,0.0,32901.0,51.0,56.0,0.96,72.0,76.0,0.131,40.0,46.0,6364.0,23.1,62603.4816
2026-08-07,1163,2,Kiev,,Ukraine,1961.0,41575.0,7491.0437568,OO%,447.81216000000006,OXX,9.0,1970.0,2500.0,4991.0437568,4991.0437568,4991.0437568,2500.0,2500.0,27789.0,6066.281792,OXX,433718.208,OXX,14.0,1975.0,2000.0,4066.281792,4066.281792,4066.281792,2000.0,2000.0,32901.0,51.0,56.0,0.96,72.0,76.0,0.131,40.0,46.0,6416.0,10.7,783267.7248
2026-08-07,1163,3,Belfast,Northern Ireland,United Kingdom,2007.0,41575.0,7500.0,OOO,46.29912,OXX,9.0,1998.0,2500.0,5000.0,5000.0,5000.0,2500.0,2500.0,27789.0,1012.0,XXX,17105878.3104,%XX,18.0,1989.0,1000.0,12.0,12.0,12.0,1000.0,1000.0,32901.0,51.0,56.0,0.96,72.0,76.0,0.131,40.0,46.0,6039.0,10.9,2444754.4704
2026-08-07,1163,4,Seoul,Seoul Capital Area,South Korea,1984.0,41575.0,7667.449792,O%X,232550.208,O%X,7.0,1991.0,3400.0,4267.449792,4267.449792,4267.449792,3400.0,3400.0,27789.0,6776.301184,O%X,223698.816,OXX,10.0,1994.0,2500.0,4276.301184,4276.301184,4276.301184,2500.0,2500.0,32901.0,51.0,56.0,0.96,72.0,76.0,0.131,40.0,46.0,7096.0,8.3,651623.3856
2026-08-07,1163,5,Philadelphia,Pennsylvania,United States,1948.0,41575.0,9367.22912,O%X,132770.88,OOO,0.0,1948.0,5000.0,4367.22912,4367.22912,4367.22912,5000.0,5000.0,27789.0,8971.0915456,O%X,128908.4544,OOX,3.0,1945.0,4600.0,4371.0915456,4371.0915456,4371.0915456,4600.0,4600.0,32901.0,51.0,56.0,0.96,72.0,76.0,0.131,40.0,46.0,6988.0,9.6,558925.1712
2026-08-10,1166,1,Rotterdam,South Holland,Netherlands,1957.0,46496.0,9268.8982016,OOX,57775.4496,OOX,3.0,1954.0,4600.0,4668.8982016,4668.8982016,4668.8982016,4600.0,4600.0,36811.0,8043.8521728,OXX,356147.82720000006,O%X,5.0,1962.0,3900.0,4143.8521728,4143.8521728,4143.8521728,3900.0,3900.0,34940.0,66.0,52.0,0.99,91.0,77.0,0.5820000000000001,55.0,67.0,7482.0,7.4,510322.98240000004
2026-08-10,1166,2,Gothenburg,Gotaland,Sweden,1977.0,46496.0,9052.8139008,OXX,397186.09920000006,OO%,1.0,1976.0,4950.0,4102.8139008,4102.8139008,4102.8139008,4950.0,4950.0,36811.0,7503.1357696,OXX,396864.2304,O%X,7.0,1970.0,3400.0,4103.1357696,4103.1357696,4103.1357696,3400.0,3400.0,34940.0,66.0,52.0,0.99,91.0,77.0,0.5820000000000001,55.0,67.0,7596.0,6.3,532853.7984000001
2026-08-10,1166,3,Long Beach,California,United States,1925.0,46496.0,9943.5400688,OO%,322.99656000000004,OO%,1.0,1924.0,4950.0,4993.5400688,4993.5400688,4993.5400688,4950.0,4950.0,36811.0,6993.346216,OO%,332.6892,OXX,12.0,1913.0,2000.0,4993.346216,4993.346216,4993.346216,2000.0,2000.0,34940.0,66.0,52.0,0.99,91.0,77.0,0.5820000000000001,55.0,67.0,6623.0,8.5,1492988.4288
2026-08-10,1166,4,Lima,Lima,Peru,2012.0,46496.0,9989.6941024,OO%,515.29488,OOO,0.0,2012.0,5000.0,4989.6941024,4989.6941024,4989.6941024,5000.0,5000.0,36811.0,6852.3634176,OO%,11909.145600000002,OXX,11.0,2023.0,2000.0,4852.3634176,4852.3634176,4852.3634176,2000.0,2000.0,34940.0,66.0,52.0,0.99,91.0,77.0,0.5820000000000001,55.0,67.0,6136.0,7.3,3456066.24
2026-08-10,1166,5,Old Delhi,Delhi,India,1999.0,46496.0,8390.2720032,OO%,486.39984,O%X,6.0,1993.0,3400.0,4990.2720032,4990.2720032,4990.2720032,3400.0,3400.0,36811.0,7420.7761408,OO%,3701.4912,OXX,9.0,2008.0,2500.0,4920.7761408,4920.7761408,4920.7761408,2500.0,2500.0,34940.0,66.0,52.0,0.99,91.0,77.0,0.5820000000000001,55.0,67.0,7104.0,10.5,306740.9664
2026-08-11,1167,1,Brussels,Brussels Capital Region,Belgium,1960.0,41612.0,7494.3922896,OO%,280.38552,OXX,10.0,1950.0,2500.0,4994.3922896,4994.3922896,4994.3922896,2500.0,2500.0,43215.0,6997.1062288,OO%,144.68856,OXX,14.0,1946.0,2000.0,4997.1062288,4997.1062288,4997.1062288,2000.0,2000.0,31329.0,59.0,48.0,0.9470000000000001,70.0,84.0,0.9640000000000001,74.0,89.0,6319.0,14.1,478297.0368
2026-08-11,1167,2,Ulaanbaatar,,Mongolia,1992.0,41612.0,8858.28458496,OO%,1357.2134400000002,O%X,5.0,1997.0,3900.0,4958.28458496,4958.28458496,4958.28458496,3900.0,3900.0,43215.0,9254.250496,OO%,1609.344,OOX,4.0,1988.0,4300.0,4954.250496,4954.250496,4954.250496,4300.0,4300.0,31329.0,59.0,48.0,0.9470000000000001,70.0,84.0,0.9640000000000001,74.0,89.0,5241.0,8.0,2938179.3408000004
2026-08-11,1167,3,Iringa,,Tanzania,2010.0,41612.0,9287.645846399999,OO%,617.70768,OOX,4.0,2006.0,4300.0,4987.6458464,4987.6458464,4987.6458464,4300.0,4300.0,43215.0,8398.4741712,OO%,76.29144000000001,O%X,6.0,2004.0,3400.0,4998.4741712,4998.4741712,4998.4741712,3400.0,3400.0,31329.0,59.0,48.0,0.9470000000000001,70.0,84.0,0.9640000000000001,74.0,89.0,5587.0,8.6,2433167.1936000003
2026-08-11,1167,4,Garwolin,Masovia,Poland,1933.0,41612.0,7573.9469056,OXX,326053.0944,O%X,6.0,1939.0,3400.0,4173.9469056,4173.9469056,4173.9469056,3400.0,3400.0,43215.0,9268.8982016,OOX,57775.4496,OOX,3.0,1936.0,4600.0,4668.8982016,4668.8982016,4668.8982016,4600.0,4600.0,31329.0,59.0,48.0,0.9470000000000001,70.0,84.0,0.9640000000000001,74.0,89.0,7331.0,9.5,229814.3232
2026-08-11,1167,5,Kingston,,Jamaica,1997.0,41612.0,8397.6298752,OO%,118.50624,O%X,7.0,2004.0,3400.0,4997.6298752,4997.6298752,4997.6298752,3400.0,3400.0,43215.0,9298.1961936,OO%,90.19032,OOX,4.0,2001.0,4300.0,4998.1961936,4998.1961936,4998.1961936,4300.0,4300.0,31329.0,59.0,48.0,0.9470000000000001,70.0,84.0,0.9640000000000001,74.0,89.0,6851.0,7.7,2469216.4992
2026-08-12,1168,1,Bucharest,,Romania,1990.0,33085.0,5000.0,OOO,17.0,XXX,28.0,1962.0,0.0,5000.0,5000.0,5000.0,0.0,0.0,35091.0,9289.039392,OO%,548.0,OOX,4.0,1986.0,4300.0,4989.039392,4989.039392,4989.039392,4300.0,4300.0,30685.0,54.0,50.0,0.648,45.0,71.0,0.762,55.0,73.0,5078.0,15.9,1496046.1824
2026-08-12,1168,2,Paris,Ile-de-France,France,1958.0,33085.0,8394.257568,OO%,287.0,O%X,6.0,1964.0,3400.0,4994.257568,4994.257568,4994.257568,3400.0,3400.0,35091.0,9950.0,OOO,6.0,OO%,1.0,1959.0,4950.0,5000.0,5000.0,5000.0,4950.0,4950.0,30685.0,54.0,50.0,0.648,45.0,71.0,0.762,55.0,73.0,8365.0,6.7,123758.55360000001
2026-08-12,1168,3,Montevideo,,Uruguay,1948.0,33085.0,6958.273856,OO%,1357.0,OXX,12.0,1936.0,2000.0,4958.273856,4958.273856,4958.273856,2000.0,2000.0,35091.0,6951.6804224,OO%,1769.0,OXX,12.0,1936.0,2000.0,4951.6804224,4951.6804224,4951.6804224,2000.0,2000.0,30685.0,54.0,50.0,0.648,45.0,71.0,0.762,55.0,73.0,6478.0,8.9,2615988.6720000003
2026-08-12,1168,4,Kyoto,Kansai,Japan,1978.0,33085.0,8029.0471224,OXX,370952.0,O%X,5.0,1983.0,3900.0,4129.0471224,4129.0471224,4129.0471224,3900.0,3900.0,35091.0,1657.64660936344,XXX,2527312.0,XXX,21.0,1957.0,0.0,1657.64660936344,1657.64660936344,1657.64660936344,0.0,0.0,30685.0,54.0,50.0,0.648,45.0,71.0,0.762,55.0,73.0,7238.0,7.2,691213.248
2026-08-12,1168,5,Vancouver,British Columbia,Canada,1936.0,33085.0,4703.5359592,%XX,1592928.0,OXX,13.0,1923.0,2000.0,2703.5359592,2703.5359592,2703.5359592,2000.0,2000.0,35091.0,7243.5717632,OOX,39107.0,OXX,9.0,1927.0,2500.0,4743.5717632,4743.5717632,4743.5717632,2500.0,2500.0,30685.0,54.0,50.0,0.648,45.0,71.0,0.762,55.0,73.0,3525.0,17.2,2550810.24
2026-08-13,1169,1,London,England,United Kingdom,1937.0,42300.0,9945.51944,OO%,224.0,OO%,1.0,1936.0,4950.0,4995.51944,4995.51944,4995.51944,4950.0,4950.0,41791.0,9955.6940288,OO%,1519.0,OOO,0.0,1937.0,5000.0,4955.6940288,4955.6940288,4955.6940288,5000.0,5000.0,37167.0,64.0,66.0,0.809,70.0,90.0,0.755,77.0,74.0,7689.0,8.7,256851.3024
2026-08-13,1169,2,Helsinki,Helsinki-Uusimaa,Finland,1970.0,42300.0,4989.197888,OO%,540.0,XXX,21.0,1949.0,0.0,4989.197888,4989.197888,4989.197888,0.0,0.0,41791.0,5281.1064924,%XX,1437787.0,OXX,10.0,1960.0,2500.0,2781.1064924,2781.1064924,2781.1064924,2500.0,2500.0,37167.0,64.0,66.0,0.809,70.0,90.0,0.755,77.0,74.0,6214.0,10.6,1224227.9808
2026-08-13,1169,3,New York,New York,United States,1959.0,42300.0,9246.5256448,OO%,2092.0,OOX,4.0,1955.0,4300.0,4946.5256448,4946.5256448,4946.5256448,4300.0,4300.0,41791.0,6958.3518848,OO%,1353.0,OXX,13.0,1946.0,2000.0,4958.3518848,4958.3518848,4958.3518848,2000.0,2000.0,37167.0,64.0,66.0,0.809,70.0,90.0,0.755,77.0,74.0,7806.0,8.5,270530.7264
2026-08-13,1169,4,Geneva,Lake Geneva Region,Switzerland,1988.0,42300.0,9731.085696,OO%,3057.0,OO%,2.0,1986.0,4800.0,4931.085696,4931.085696,4931.085696,4800.0,4800.0,41791.0,9715.6311168,OO%,4023.0,OO%,2.0,1990.0,4800.0,4915.6311168,4915.6311168,4915.6311168,4800.0,4800.0,37167.0,64.0,66.0,0.809,70.0,90.0,0.755,77.0,74.0,8182.0,6.1,323156.27520000003
2026-08-13,1169,5,Dubai,,United Arab Emirates,2007.0,42300.0,8388.039648,OO%,598.0,O%X,7.0,2014.0,3400.0,4988.039648,4988.039648,4988.039648,3400.0,3400.0,41791.0,9881.085696,OO%,3057.0,OO%,1.0,2006.0,4950.0,4931.085696,4931.085696,4931.085696,4950.0,4950.0,37167.0,64.0,66.0,0.809,70.0,90.0,0.755,77.0,74.0,7276.0,8.0,981377.9711999999
2026-08-14,1170,1,Abidjan,,Côte d'Ivoire,2025.0,46522.0,9991.782592,,410.0,OOO,0.0,2025.0,5000.0,4991.782592,4991.782592,4991.782592,5000.0,5000.0,46519.0,9997.939552,,103.0,OOO,0.0,2025.0,5000.0,4997.939552,4997.939552,4997.939552,5000.0,5000.0,38583.0,72.0,60.0,0.922,90.0,79.0,0.922,90.0,79.0,8721.0,2.9,710847.2448
2026-08-14,1170,2,Vienna,Vienna,Austria,1978.0,46522.0,9756.0939264,,1494.0,OO%,2.0,1980.0,4800.0,4956.0939264,4956.0939264,4956.0939264,4800.0,4800.0,46519.0,9754.9430016,,1566.0,OO%,2.0,1980.0,4800.0,4954.9430016,4954.9430016,4954.9430016,4800.0,4800.0,38583.0,72.0,60.0,0.922,90.0,79.0,0.922,90.0,79.0,7846.0,5.6,581777.856
2026-08-14,1170,3,Manila,,Philippines,1968.0,46522.0,8383.461552,,826.0,O%X,7.0,1975.0,3400.0,4983.461552,4983.461552,4983.461552,3400.0,3400.0,46519.0,8380.462319999999,,976.0,O%X,6.0,1962.0,3400.0,4980.46232,4980.46232,4980.46232,3400.0,3400.0,38583.0,72.0,60.0,0.922,90.0,79.0,0.922,90.0,79.0,6580.0,11.7,1697053.2480000001
2026-08-14,1170,4,Houston,Texas,United States,1994.0,46522.0,9130.4799968,,17380.0,OOX,4.0,1998.0,4300.0,4830.4799968,4830.4799968,4830.4799968,4300.0,4300.0,46519.0,9262.3996288,,1100.0,OOX,4.0,1998.0,4300.0,4962.3996288,4962.3996288,4962.3996288,4300.0,4300.0,38583.0,72.0,60.0,0.922,90.0,79.0,0.922,90.0,79.0,7804.0,5.9,695236.608
2026-08-14,1170,5,Rome,Lazio,Italy,1947.0,46522.0,9260.9029944,,189097.0,OO%,1.0,1948.0,4950.0,4310.9029944,4310.9029944,4310.9029944,4950.0,4950.0,46519.0,9124.3800248,,375619.0,OOO,0.0,1947.0,5000.0,4124.3800248,4124.3800248,4124.3800248,5000.0,5000.0,38583.0,72.0,60.0,0.922,90.0,79.0,0.922,90.0,79.0,7626.0,7.5,532049.1264000001
2026-08-17,1173,1,Chisinau,,Moldova,2013.0,43624.0,9913.9845888,,1000.0,OO%,1.0,2014.0,4950.0,4963.9845888,4963.9845888,4963.9845888,4950.0,4950.0,44856.0,9793.334024,,333.0,OO%,2.0,2015.0,4800.0,4993.334024,4993.334024,4993.334024,4800.0,4800.0,36516.0,73.0,52.0,0.831,88.0,70.0,0.87,96.0,57.0,6848.0,5.9,2880725.7600000002
2026-08-17,1173,2,Oslo,Eastern Norway,Norway,1933.0,43624.0,9243.3099368,,256690.0,OOO,0.0,1933.0,5000.0,4243.3099368,4243.3099368,4243.3099368,5000.0,5000.0,44856.0,9082.375232,,417624.0,OOO,0.0,1933.0,5000.0,4082.375232,4082.375232,4082.375232,5000.0,5000.0,36516.0,73.0,52.0,0.831,88.0,70.0,0.87,96.0,57.0,7203.0,5.4,1249655.6160000002
2026-08-17,1173,3,Beijing,Beijing,China,1998.0,43624.0,4533.5084608,,1932983.0,OXX,13.0,2011.0,2000.0,2533.5084608,2533.5084608,2533.5084608,2000.0,2000.0,44856.0,7268.5946112,,1062810.0,OOX,4.0,2002.0,4300.0,2968.5946112,2968.5946112,2968.5946112,4300.0,4300.0,36516.0,73.0,52.0,0.831,88.0,70.0,0.87,96.0,57.0,6253.0,8.1,1570236.9408000002
2026-08-17,1173,4,Cherbourg-en-Cotentin,Normandy,France,1944.0,43624.0,9941.782592,,410.0,OO%,1.0,1945.0,4950.0,4991.782592,4991.782592,4991.782592,4950.0,4950.0,44856.0,8833.0878464,,666912.0,OOO,0.0,1944.0,5000.0,3833.0878464,3833.0878464,3833.0878464,5000.0,5000.0,36516.0,73.0,52.0,0.831,88.0,70.0,0.87,96.0,57.0,7746.0,7.7,460433.31840000005
2026-08-17,1173,5,New York,New York,United States,1912.0,43624.0,9992.142256,,392.0,OOO,0.0,1912.0,5000.0,4992.142256,4992.142256,4992.142256,5000.0,5000.0,44856.0,9878.7566592,,5310.0,OOO,0.0,1912.0,5000.0,4878.7566592,4878.7566592,4878.7566592,5000.0,5000.0,36516.0,73.0,52.0,0.831,88.0,70.0,0.87,96.0,57.0,8466.0,6.6,172843.5456
2026-08-18,1174,1,San Angelo,Texas,United States,1939.0,46658.0,9870.7858944,,3700.0,OO%,1.0,1938.0,4950.0,4920.7858944,4920.7858944,4920.7858944,4950.0,4950.0,41117.0,9878.7566592,,5310.0,OOO,0.0,1939.0,5000.0,4878.7566592,4878.7566592,4878.7566592,5000.0,5000.0,36497.0,62.0,60.0,0.98,87.0,89.0,0.777,84.0,57.0,7999.0,7.0,223698.81600000002
2026-08-18,1174,2,Prague,Bohemia,Czechia,1974.0,46658.0,6990.118384,,494.0,OXX,14.0,1988.0,2000.0,4990.118384,4990.118384,4990.118384,2000.0,2000.0,41117.0,6121.6407744,,1556718.0,O%X,6.0,1968.0,3400.0,2721.6407744,2721.6407744,2721.6407744,3400.0,3400.0,36497.0,62.0,60.0,0.98,87.0,89.0,0.777,84.0,57.0,7172.0,7.4,735309.2736
2026-08-18,1174,3,Nicosia,,Cyprus,1964.0,46658.0,9944.897648,,255.0,OO%,1.0,1963.0,4950.0,4994.897648,4994.897648,4994.897648,4950.0,4950.0,41117.0,9453.4484992,,61637.0,OO%,2.0,1962.0,4800.0,4653.4484992,4653.4484992,4653.4484992,4800.0,4800.0,36497.0,62.0,60.0,0.98,87.0,89.0,0.777,84.0,57.0,7504.0,8.6,420521.5872
2026-08-18,1174,4,Copenhagen,Capital Region,Denmark,1958.0,46658.0,9938.815424,,2574.0,OOO,0.0,1958.0,5000.0,4938.815424,4938.815424,4938.815424,5000.0,5000.0,41117.0,8861.85293952,,1134.0,O%X,5.0,1953.0,3900.0,4961.85293952,4961.85293952,4961.85293952,3900.0,3900.0,36497.0,62.0,60.0,0.98,87.0,89.0,0.777,84.0,57.0,7086.0,9.9,443374.272
2026-08-18,1174,5,Moscow,Central,Russia,1998.0,46658.0,9912.2874624,,1107.0,OO%,1.0,1997.0,4950.0,4962.2874624,4962.2874624,4962.2874624,4950.0,4950.0,41117.0,6801.4044992,,1197191.0,O%X,5.0,1993.0,3900.0,2901.4044992,2901.4044992,2901.4044992,3900.0,3900.0,36497.0,62.0,60.0,0.98,87.0,89.0,0.777,84.0,57.0,6736.0,11.1,566489.088
2026-08-19,1175,1,Havana,,Cuba,1984.0,49256.0,9958.4299136,,1348.0,OOO,0.0,1984.0,5000.0,4958.4299136,4958.4299136,4958.4299136,5000.0,5000.0,36573.0,6203.5565364,,1392886.0,O%X,7.0,1991.0,3400.0,2803.5565364,2803.5565364,2803.5565364,3400.0,3400.0,36479.0,64.0,68.0,0.996,98.0,87.0,0.47600000000000003,74.0,63.0,6382.0,12.8,821731.0464000001
2026-08-19,1175,2,Berlin,Berlin,Germany,1936.0,49256.0,9989.161312,,541.0,OOO,0.0,1936.0,5000.0,4989.161312,4989.161312,4989.161312,5000.0,5000.0,36573.0,9961.0877696,,1182.0,OOO,0.0,1936.0,5000.0,4961.0877696,4961.0877696,4961.0877696,5000.0,5000.0,36479.0,64.0,68.0,0.996,98.0,87.0,0.47600000000000003,74.0,63.0,9337.0,2.5,71133.00480000001
2026-08-19,1175,3,Beijing,Beijing,China,1956.0,49256.0,9557.091472,,35727.0,OO%,2.0,1954.0,4800.0,4757.091472,4757.091472,4757.091472,4800.0,4800.0,36573.0,2459.46260432,,5202686.0,OXX,11.0,1967.0,2000.0,459.4626043199999,459.4626043199999,459.4626043199999,2000.0,2000.0,36479.0,64.0,68.0,0.996,98.0,87.0,0.47600000000000003,74.0,63.0,4828.0,11.1,2767910.7456
2026-08-19,1175,4,Paris,Ile-de-France,France,1965.0,49256.0,9751.6804224,,1769.0,OO%,2.0,1963.0,4800.0,4951.6804224,4951.6804224,4951.6804224,4800.0,4800.0,36573.0,9549.105472,,1930.0,OOX,3.0,1962.0,4600.0,4949.105472,4949.105472,4949.105472,4600.0,4600.0,36479.0,64.0,68.0,0.996,98.0,87.0,0.47600000000000003,74.0,63.0,8093.0,7.3,280991.4624
2026-08-19,1175,5,San Francisco,California,United States,2024.0,49256.0,10000.0,,21.0,OOO,0.0,2024.0,5000.0,5000.0,5000.0,5000.0,5000.0,5000.0,36573.0,8398.71984,,64.0,O%X,6.0,2018.0,3400.0,4998.71984,4998.71984,4998.71984,3400.0,3400.0,36479.0,64.0,68.0,0.996,98.0,87.0,0.47600000000000003,74.0,63.0,7838.0,8.2,397990.7712
2026-08-20,1176,1,Ramat Gan,Tel Aviv,Israel,1962.0,41164.0,8351.6804224,,1769.0,O%X,6.0,1968.0,3400.0,4951.6804224,4951.6804224,4951.6804224,3400.0,3400.0,42739.0,9925.9260416,,3379.0,OOO,0.0,1962.0,5000.0,4925.9260416,4925.9260416,4925.9260416,5000.0,5000.0,37167.0,71.0,63.0,0.644,65.0,91.0,0.741,72.0,89.0,6942.0,7.6,1554465.3696
2026-08-20,1176,2,Amsterdam,North Holland,Netherlands,1964.0,41164.0,8383.839504,,808.0,O%X,6.0,1970.0,3400.0,4983.839504,4983.839504,4983.839504,3400.0,3400.0,42739.0,6984.6722176,,766.0,OXX,11.0,1975.0,2000.0,4984.6722176,4984.6722176,4984.6722176,2000.0,2000.0,37167.0,71.0,63.0,0.644,65.0,91.0,0.741,72.0,89.0,8501.0,4.5,381575.4624
2026-08-20,1176,3,Seoul,Seoul Capital Area,South Korea,1996.0,41164.0,7498.981968,,50.0,OXX,8.0,2004.0,2500.0,4998.981968,4998.981968,4998.981968,2500.0,2500.0,42739.0,8854.250496,,1609.0,O%X,5.0,2001.0,3900.0,4954.250496,4954.250496,4954.250496,3900.0,3900.0,37167.0,71.0,63.0,0.644,65.0,91.0,0.741,72.0,89.0,7854.0,5.9,521910.25920000003
2026-08-20,1176,4,Mexico City,Mexico City,Mexico,1935.0,41164.0,9938.815424,,2574.0,OOO,0.0,1935.0,5000.0,4938.815424,4938.815424,4938.815424,5000.0,5000.0,42739.0,9989.6477728,,517.0,OOO,0.0,1935.0,5000.0,4989.6477728,4989.6477728,4989.6477728,5000.0,5000.0,37167.0,71.0,63.0,0.644,65.0,91.0,0.741,72.0,89.0,7895.0,6.1,1162268.2368
2026-08-20,1176,5,Adelaide,South Australia,Australia,1920.0,41164.0,6990.00256,,499.0,OXX,14.0,1906.0,2000.0,4990.00256,4990.00256,4990.00256,2000.0,2000.0,42739.0,6985.7182912,,714.0,OXX,13.0,1907.0,2000.0,4985.7182912,4985.7182912,4985.7182912,2000.0,2000.0,37167.0,71.0,63.0,0.644,65.0,91.0,0.741,72.0,89.0,5975.0,10.0,5535338.688
